CA_deg,P_bar,T_u_K,T_b_K,xb,ROHR_J_deg,NOx_ppm,knock_integral
-359.750,10.588,662.560,320.000,0.000,0.000,0.000,0.000
-359.500,10.585,662.530,320.000,0.000,0.000,0.000,0.000
-359.250,10.580,662.480,320.000,0.000,0.000,0.000,0.000
-359.000,10.574,662.410,320.000,0.000,0.000,0.000,0.000
-358.750,10.567,662.320,320.000,0.000,0.000,0.000,0.000
-358.500,10.559,662.211,320.000,0.000,0.000,0.000,0.000
-358.250,10.549,662.081,320.000,0.000,0.000,0.000,0.000
-358.000,10.539,661.932,320.000,0.000,0.000,0.000,0.000
-357.750,10.527,661.763,320.000,0.000,0.000,0.000,0.000
-357.500,10.514,661.574,320.000,0.000,0.000,0.000,0.000
-357.250,10.499,661.366,320.000,0.000,0.000,0.000,0.000
-357.000,10.484,661.138,320.000,0.000,0.000,0.000,0.000
-356.750,10.467,660.891,320.000,0.000,0.000,0.000,0.000
-356.500,10.450,660.625,320.000,0.000,0.000,0.000,0.000
-356.250,10.431,660.339,320.000,0.000,0.000,0.000,0.000
-356.000,10.410,660.034,320.000,0.000,0.000,0.000,0.000
-355.750,10.389,659.711,320.000,0.000,0.000,0.000,0.000
-355.500,10.367,659.368,320.000,0.000,0.000,0.000,0.000
-355.250,10.344,659.006,320.000,0.000,0.000,0.000,0.000
-355.000,10.319,658.626,320.000,0.000,0.000,0.000,0.000
-354.750,10.293,658.227,320.000,0.000,0.000,0.000,0.000
-354.500,10.267,657.810,320.000,0.000,0.000,0.000,0.000
-354.250,10.239,657.375,320.000,0.000,0.000,0.000,0.000
-354.000,10.210,656.922,320.000,0.000,0.000,0.000,0.000
-353.750,10.181,656.451,320.000,0.000,0.000,0.000,0.000
-353.500,10.150,655.962,320.000,0.000,0.000,0.000,0.000
-353.250,10.118,655.455,320.000,0.000,0.000,0.000,0.000
-353.000,10.086,654.932,320.000,0.000,0.000,0.000,0.000
-352.750,10.052,654.390,320.000,0.000,0.000,0.000,0.000
-352.500,10.018,653.832,320.000,0.000,0.000,0.000,0.000
-352.250,9.982,653.258,320.000,0.000,0.000,0.000,0.000
-352.000,9.946,652.666,320.000,0.000,0.000,0.000,0.000
-351.750,9.909,652.058,320.000,0.000,0.000,0.000,0.000
-351.500,9.871,651.434,320.000,0.000,0.000,0.000,0.000
-351.250,9.832,650.794,320.000,0.000,0.000,0.000,0.000
-351.000,9.793,650.138,320.000,0.000,0.000,0.000,0.000
-350.750,9.753,649.467,320.000,0.000,0.000,0.000,0.000
-350.500,9.711,648.780,320.000,0.000,0.000,0.000,0.000
-350.250,9.670,648.078,320.000,0.000,0.000,0.000,0.000
-350.000,9.627,647.361,320.000,0.000,0.000,0.000,0.000
-349.750,9.584,646.630,320.000,0.000,0.000,0.000,0.000
-349.500,9.540,645.884,320.000,0.000,0.000,0.000,0.000
-349.250,9.495,645.123,320.000,0.000,0.000,0.000,0.000
-349.000,9.450,644.349,320.000,0.000,0.000,0.000,0.000
-348.750,9.404,643.561,320.000,0.000,0.000,0.000,0.000
-348.500,9.358,642.760,320.000,0.000,0.000,0.000,0.000
-348.250,9.311,641.945,320.000,0.000,0.000,0.000,0.000
-348.000,9.264,641.117,320.000,0.000,0.000,0.000,0.000
-347.750,9.216,640.277,320.000,0.000,0.000,0.000,0.000
-347.500,9.167,639.424,320.000,0.000,0.000,0.000,0.000
-347.250,9.118,638.558,320.000,0.000,0.000,0.000,0.000
-347.000,9.069,637.681,320.000,0.000,0.000,0.000,0.000
-346.750,9.019,636.792,320.000,0.000,0.000,0.000,0.000
-346.500,8.968,635.891,320.000,0.000,0.000,0.000,0.000
-346.250,8.918,634.979,320.000,0.000,0.000,0.000,0.000
-346.000,8.867,634.056,320.000,0.000,0.000,0.000,0.000
-345.750,8.815,633.122,320.000,0.000,0.000,0.000,0.000
-345.500,8.763,632.178,320.000,0.000,0.000,0.000,0.000
-345.250,8.711,631.223,320.000,0.000,0.000,0.000,0.000
-345.000,8.659,630.258,320.000,0.000,0.000,0.000,0.000
-344.750,8.606,629.284,320.000,0.000,0.000,0.000,0.000
-344.500,8.553,628.300,320.000,0.000,0.000,0.000,0.000
-344.250,8.500,627.306,320.000,0.000,0.000,0.000,0.000
-344.000,8.447,626.304,320.000,0.000,0.000,0.000,0.000
-343.750,8.393,625.292,320.000,0.000,0.000,0.000,0.000
-343.500,8.339,624.272,320.000,0.000,0.000,0.000,0.000
-343.250,8.285,623.244,320.000,0.000,0.000,0.000,0.000
-343.000,8.231,622.208,320.000,0.000,0.000,0.000,0.000
-342.750,8.177,621.163,320.000,0.000,0.000,0.000,0.000
-342.500,8.123,620.112,320.000,0.000,0.000,0.000,0.000
-342.250,8.068,619.052,320.000,0.000,0.000,0.000,0.000
-342.000,8.014,617.986,320.000,0.000,0.000,0.000,0.000
-341.750,7.959,616.913,320.000,0.000,0.000,0.000,0.000
-341.500,7.905,615.833,320.000,0.000,0.000,0.000,0.000
-341.250,7.850,614.746,320.000,0.000,0.000,0.000,0.000
-341.000,7.795,613.654,320.000,0.000,0.000,0.000,0.000
-340.750,7.741,612.555,320.000,0.000,0.000,0.000,0.000
-340.500,7.686,611.451,320.000,0.000,0.000,0.000,0.000
-340.250,7.631,610.340,320.000,0.000,0.000,0.000,0.000
-340.000,7.577,609.225,320.000,0.000,0.000,0.000,0.000
-339.750,7.522,608.105,320.000,0.000,0.000,0.000,0.000
-339.500,7.468,606.979,320.000,0.000,0.000,0.000,0.000
-339.250,7.414,605.849,320.000,0.000,0.000,0.000,0.000
-339.000,7.359,604.714,320.000,0.000,0.000,0.000,0.000
-338.750,7.305,603.575,320.000,0.000,0.000,0.000,0.000
-338.500,7.251,602.432,320.000,0.000,0.000,0.000,0.000
-338.250,7.197,601.285,320.000,0.000,0.000,0.000,0.000
-338.000,7.143,600.135,320.000,0.000,0.000,0.000,0.000
-337.750,7.089,598.981,320.000,0.000,0.000,0.000,0.000
-337.500,7.036,597.823,320.000,0.000,0.000,0.000,0.000
-337.250,6.983,596.662,320.000,0.000,0.000,0.000,0.000
-337.000,6.929,595.499,320.000,0.000,0.000,0.000,0.000
-336.750,6.876,594.333,320.000,0.000,0.000,0.000,0.000
-336.500,6.824,593.164,320.000,0.000,0.000,0.000,0.000
-336.250,6.771,591.992,320.000,0.000,0.000,0.000,0.000
-336.000,6.719,590.819,320.000,0.000,0.000,0.000,0.000
-335.750,6.666,589.643,320.000,0.000,0.000,0.000,0.000
-335.500,6.615,588.466,320.000,0.000,0.000,0.000,0.000
-335.250,6.563,587.287,320.000,0.000,0.000,0.000,0.000
-335.000,6.511,586.106,320.000,0.000,0.000,0.000,0.000
-334.750,6.460,584.924,320.000,0.000,0.000,0.000,0.000
-334.500,6.409,583.740,320.000,0.000,0.000,0.000,0.000
-334.250,6.358,582.556,320.000,0.000,0.000,0.000,0.000
-334.000,6.308,581.371,320.000,0.000,0.000,0.000,0.000
-333.750,6.258,580.184,320.000,0.000,0.000,0.000,0.000
-333.500,6.208,578.998,320.000,0.000,0.000,0.000,0.000
-333.250,6.158,577.810,320.000,0.000,0.000,0.000,0.000
-333.000,6.109,576.623,320.000,0.000,0.000,0.000,0.000
-332.750,6.060,575.435,320.000,0.000,0.000,0.000,0.000
-332.500,6.011,574.247,320.000,0.000,0.000,0.000,0.000
-332.250,5.963,573.059,320.000,0.000,0.000,0.000,0.000
-332.000,5.915,571.871,320.000,0.000,0.000,0.000,0.000
-331.750,5.867,570.683,320.000,0.000,0.000,0.000,0.000
-331.500,5.819,569.496,320.000,0.000,0.000,0.000,0.000
-331.250,5.772,568.310,320.000,0.000,0.000,0.000,0.000
-331.000,5.725,567.124,320.000,0.000,0.000,0.000,0.000
-330.750,5.678,565.939,320.000,0.000,0.000,0.000,0.000
-330.500,5.632,564.755,320.000,0.000,0.000,0.000,0.000
-330.250,5.586,563.571,320.000,0.000,0.000,0.000,0.000
-330.000,5.541,562.389,320.000,0.000,0.000,0.000,0.000
-329.750,5.495,561.208,320.000,0.000,0.000,0.000,0.000
-329.500,5.450,560.029,320.000,0.000,0.000,0.000,0.000
-329.250,5.406,558.851,320.000,0.000,0.000,0.000,0.000
-329.000,5.361,557.674,320.000,0.000,0.000,0.000,0.000
-328.750,5.317,556.499,320.000,0.000,0.000,0.000,0.000
-328.500,5.274,555.326,320.000,0.000,0.000,0.000,0.000
-328.250,5.231,554.154,320.000,0.000,0.000,0.000,0.000
-328.000,5.188,552.984,320.000,0.000,0.000,0.000,0.000
-327.750,5.145,551.817,320.000,0.000,0.000,0.000,0.000
-327.500,5.103,550.651,320.000,0.000,0.000,0.000,0.000
-327.250,5.061,549.488,320.000,0.000,0.000,0.000,0.000
-327.000,5.019,548.326,320.000,0.000,0.000,0.000,0.000
-326.750,4.978,547.167,320.000,0.000,0.000,0.000,0.000
-326.500,4.937,546.011,320.000,0.000,0.000,0.000,0.000
-326.250,4.896,544.856,320.000,0.000,0.000,0.000,0.000
-326.000,4.856,543.705,320.000,0.000,0.000,0.000,0.000
-325.750,4.816,542.555,320.000,0.000,0.000,0.000,0.000
-325.500,4.777,541.409,320.000,0.000,0.000,0.000,0.000
-325.250,4.737,540.265,320.000,0.000,0.000,0.000,0.000
-325.000,4.699,539.124,320.000,0.000,0.000,0.000,0.000
-324.750,4.660,537.986,320.000,0.000,0.000,0.000,0.000
-324.500,4.622,536.850,320.000,0.000,0.000,0.000,0.000
-324.250,4.584,535.718,320.000,0.000,0.000,0.000,0.000
-324.000,4.546,534.589,320.000,0.000,0.000,0.000,0.000
-323.750,4.509,533.462,320.000,0.000,0.000,0.000,0.000
-323.500,4.472,532.339,320.000,0.000,0.000,0.000,0.000
-323.250,4.436,531.219,320.000,0.000,0.000,0.000,0.000
-323.000,4.399,530.102,320.000,0.000,0.000,0.000,0.000
-322.750,4.364,528.989,320.000,0.000,0.000,0.000,0.000
-322.500,4.328,527.878,320.000,0.000,0.000,0.000,0.000
-322.250,4.293,526.772,320.000,0.000,0.000,0.000,0.000
-322.000,4.258,525.668,320.000,0.000,0.000,0.000,0.000
-321.750,4.223,524.568,320.000,0.000,0.000,0.000,0.000
-321.500,4.189,523.471,320.000,0.000,0.000,0.000,0.000
-321.250,4.155,522.378,320.000,0.000,0.000,0.000,0.000
-321.000,4.121,521.288,320.000,0.000,0.000,0.000,0.000
-320.750,4.088,520.202,320.000,0.000,0.000,0.000,0.000
-320.500,4.055,519.120,320.000,0.000,0.000,0.000,0.000
-320.250,4.022,518.041,320.000,0.000,0.000,0.000,0.000
-320.000,3.990,516.966,320.000,0.000,0.000,0.000,0.000
-319.750,3.958,515.895,320.000,0.000,0.000,0.000,0.000
-319.500,3.926,514.827,320.000,0.000,0.000,0.000,0.000
-319.250,3.894,513.763,320.000,0.000,0.000,0.000,0.000
-319.000,3.863,512.703,320.000,0.000,0.000,0.000,0.000
-318.750,3.832,511.647,320.000,0.000,0.000,0.000,0.000
-318.500,3.802,510.594,320.000,0.000,0.000,0.000,0.000
-318.250,3.771,509.546,320.000,0.000,0.000,0.000,0.000
-318.000,3.741,508.501,320.000,0.000,0.000,0.000,0.000
-317.750,3.712,507.460,320.000,0.000,0.000,0.000,0.000
-317.500,3.682,506.423,320.000,0.000,0.000,0.000,0.000
-317.250,3.653,505.390,320.000,0.000,0.000,0.000,0.000
-317.000,3.624,504.361,320.000,0.000,0.000,0.000,0.000
-316.750,3.595,503.336,320.000,0.000,0.000,0.000,0.000
-316.500,3.567,502.315,320.000,0.000,0.000,0.000,0.000
-316.250,3.539,501.298,320.000,0.000,0.000,0.000,0.000
-316.000,3.511,500.285,320.000,0.000,0.000,0.000,0.000
-315.750,3.484,499.276,320.000,0.000,0.000,0.000,0.000
-315.500,3.457,498.271,320.000,0.000,0.000,0.000,0.000
-315.250,3.430,497.270,320.000,0.000,0.000,0.000,0.000
-315.000,3.403,496.273,320.000,0.000,0.000,0.000,0.000
-314.750,3.377,495.280,320.000,0.000,0.000,0.000,0.000
-314.500,3.351,494.292,320.000,0.000,0.000,0.000,0.000
-314.250,3.325,493.307,320.000,0.000,0.000,0.000,0.000
-314.000,3.299,492.327,320.000,0.000,0.000,0.000,0.000
-313.750,3.274,491.350,320.000,0.000,0.000,0.000,0.000
-313.500,3.248,490.378,320.000,0.000,0.000,0.000,0.000
-313.250,3.224,489.410,320.000,0.000,0.000,0.000,0.000
-313.000,3.199,488.446,320.000,0.000,0.000,0.000,0.000
-312.750,3.175,487.486,320.000,0.000,0.000,0.000,0.000
-312.500,3.150,486.530,320.000,0.000,0.000,0.000,0.000
-312.250,3.127,485.578,320.000,0.000,0.000,0.000,0.000
-312.000,3.103,484.631,320.000,0.000,0.000,0.000,0.000
-311.750,3.079,483.687,320.000,0.000,0.000,0.000,0.000
-311.500,3.056,482.748,320.000,0.000,0.000,0.000,0.000
-311.250,3.033,481.813,320.000,0.000,0.000,0.000,0.000
-311.000,3.011,480.882,320.000,0.000,0.000,0.000,0.000
-310.750,2.988,479.955,320.000,0.000,0.000,0.000,0.000
-310.500,2.966,479.033,320.000,0.000,0.000,0.000,0.000
-310.250,2.944,478.114,320.000,0.000,0.000,0.000,0.000
-310.000,2.922,477.199,320.000,0.000,0.000,0.000,0.000
-309.750,2.900,476.289,320.000,0.000,0.000,0.000,0.000
-309.500,2.879,475.383,320.000,0.000,0.000,0.000,0.000
-309.250,2.858,474.481,320.000,0.000,0.000,0.000,0.000
-309.000,2.837,473.583,320.000,0.000,0.000,0.000,0.000
-308.750,2.816,472.689,320.000,0.000,0.000,0.000,0.000
-308.500,2.795,471.799,320.000,0.000,0.000,0.000,0.000
-308.250,2.775,470.914,320.000,0.000,0.000,0.000,0.000
-308.000,2.755,470.032,320.000,0.000,0.000,0.000,0.000
-307.750,2.735,469.154,320.000,0.000,0.000,0.000,0.000
-307.500,2.715,468.281,320.000,0.000,0.000,0.000,0.000
-307.250,2.696,467.412,320.000,0.000,0.000,0.000,0.000
-307.000,2.676,466.547,320.000,0.000,0.000,0.000,0.000
-306.750,2.657,465.685,320.000,0.000,0.000,0.000,0.000
-306.500,2.638,464.828,320.000,0.000,0.000,0.000,0.000
-306.250,2.620,463.975,320.000,0.000,0.000,0.000,0.000
-306.000,2.601,463.126,320.000,0.000,0.000,0.000,0.000
-305.750,2.583,462.281,320.000,0.000,0.000,0.000,0.000
-305.500,2.564,461.440,320.000,0.000,0.000,0.000,0.000
-305.250,2.546,460.603,320.000,0.000,0.000,0.000,0.000
-305.000,2.528,459.770,320.000,0.000,0.000,0.000,0.000
-304.750,2.511,458.941,320.000,0.000,0.000,0.000,0.000
-304.500,2.493,458.116,320.000,0.000,0.000,0.000,0.000
-304.250,2.476,457.295,320.000,0.000,0.000,0.000,0.000
-304.000,2.459,456.478,320.000,0.000,0.000,0.000,0.000
-303.750,2.442,455.665,320.000,0.000,0.000,0.000,0.000
-303.500,2.425,454.856,320.000,0.000,0.000,0.000,0.000
-303.250,2.408,454.051,320.000,0.000,0.000,0.000,0.000
-303.000,2.392,453.249,320.000,0.000,0.000,0.000,0.000
-302.750,2.376,452.452,320.000,0.000,0.000,0.000,0.000
-302.500,2.360,451.658,320.000,0.000,0.000,0.000,0.000
-302.250,2.344,450.869,320.000,0.000,0.000,0.000,0.000
-302.000,2.328,450.083,320.000,0.000,0.000,0.000,0.000
-301.750,2.312,449.301,320.000,0.000,0.000,0.000,0.000
-301.500,2.297,448.523,320.000,0.000,0.000,0.000,0.000
-301.250,2.281,447.749,320.000,0.000,0.000,0.000,0.000
-301.000,2.266,446.978,320.000,0.000,0.000,0.000,0.000
-300.750,2.251,446.212,320.000,0.000,0.000,0.000,0.000
-300.500,2.236,445.449,320.000,0.000,0.000,0.000,0.000
-300.250,2.221,444.690,320.000,0.000,0.000,0.000,0.000
-300.000,2.207,443.935,320.000,0.000,0.000,0.000,0.000
-299.750,2.192,443.184,320.000,0.000,0.000,0.000,0.000
-299.500,2.178,442.436,320.000,0.000,0.000,0.000,0.000
-299.250,2.164,441.692,320.000,0.000,0.000,0.000,0.000
-299.000,2.150,440.952,320.000,0.000,0.000,0.000,0.000
-298.750,2.136,440.215,320.000,0.000,0.000,0.000,0.000
-298.500,2.122,439.482,320.000,0.000,0.000,0.000,0.000
-298.250,2.108,438.753,320.000,0.000,0.000,0.000,0.000
-298.000,2.095,438.028,320.000,0.000,0.000,0.000,0.000
-297.750,2.081,437.306,320.000,0.000,0.000,0.000,0.000
-297.500,2.068,436.588,320.000,0.000,0.000,0.000,0.000
-297.250,2.055,435.873,320.000,0.000,0.000,0.000,0.000
-297.000,2.042,435.162,320.000,0.000,0.000,0.000,0.000
-296.750,2.029,434.455,320.000,0.000,0.000,0.000,0.000
-296.500,2.017,433.751,320.000,0.000,0.000,0.000,0.000
-296.250,2.004,433.051,320.000,0.000,0.000,0.000,0.000
-296.000,1.991,432.354,320.000,0.000,0.000,0.000,0.000
-295.750,1.979,431.661,320.000,0.000,0.000,0.000,0.000
-295.500,1.967,430.972,320.000,0.000,0.000,0.000,0.000
-295.250,1.955,430.286,320.000,0.000,0.000,0.000,0.000
-295.000,1.943,429.603,320.000,0.000,0.000,0.000,0.000
-294.750,1.931,428.924,320.000,0.000,0.000,0.000,0.000
-294.500,1.919,428.249,320.000,0.000,0.000,0.000,0.000
-294.250,1.907,427.577,320.000,0.000,0.000,0.000,0.000
-294.000,1.896,426.908,320.000,0.000,0.000,0.000,0.000
-293.750,1.884,426.243,320.000,0.000,0.000,0.000,0.000
-293.500,1.873,425.581,320.000,0.000,0.000,0.000,0.000
-293.250,1.862,424.923,320.000,0.000,0.000,0.000,0.000
-293.000,1.851,424.268,320.000,0.000,0.000,0.000,0.000
-292.750,1.840,423.616,320.000,0.000,0.000,0.000,0.000
-292.500,1.829,422.968,320.000,0.000,0.000,0.000,0.000
-292.250,1.818,422.323,320.000,0.000,0.000,0.000,0.000
-292.000,1.807,421.681,320.000,0.000,0.000,0.000,0.000
-291.750,1.797,421.043,320.000,0.000,0.000,0.000,0.000
-291.500,1.786,420.408,320.000,0.000,0.000,0.000,0.000
-291.250,1.776,419.776,320.000,0.000,0.000,0.000,0.000
-291.000,1.766,419.148,320.000,0.000,0.000,0.000,0.000
-290.750,1.755,418.522,320.000,0.000,0.000,0.000,0.000
-290.500,1.745,417.900,320.000,0.000,0.000,0.000,0.000
-290.250,1.735,417.282,320.000,0.000,0.000,0.000,0.000
-290.000,1.725,416.666,320.000,0.000,0.000,0.000,0.000
-289.750,1.716,416.054,320.000,0.000,0.000,0.000,0.000
-289.500,1.706,415.445,320.000,0.000,0.000,0.000,0.000
-289.250,1.696,414.839,320.000,0.000,0.000,0.000,0.000
-289.000,1.687,414.236,320.000,0.000,0.000,0.000,0.000
-288.750,1.677,413.636,320.000,0.000,0.000,0.000,0.000
-288.500,1.668,413.040,320.000,0.000,0.000,0.000,0.000
-288.250,1.659,412.446,320.000,0.000,0.000,0.000,0.000
-288.000,1.649,411.856,320.000,0.000,0.000,0.000,0.000
-287.750,1.640,411.269,320.000,0.000,0.000,0.000,0.000
-287.500,1.631,410.685,320.000,0.000,0.000,0.000,0.000
-287.250,1.622,410.104,320.000,0.000,0.000,0.000,0.000
-287.000,1.614,409.525,320.000,0.000,0.000,0.000,0.000
-286.750,1.605,408.950,320.000,0.000,0.000,0.000,0.000
-286.500,1.596,408.378,320.000,0.000,0.000,0.000,0.000
-286.250,1.587,407.809,320.000,0.000,0.000,0.000,0.000
-286.000,1.579,407.243,320.000,0.000,0.000,0.000,0.000
-285.750,1.571,406.680,320.000,0.000,0.000,0.000,0.000
-285.500,1.562,406.120,320.000,0.000,0.000,0.000,0.000
-285.250,1.554,405.563,320.000,0.000,0.000,0.000,0.000
-285.000,1.546,405.009,320.000,0.000,0.000,0.000,0.000
-284.750,1.537,404.458,320.000,0.000,0.000,0.000,0.000
-284.500,1.529,403.909,320.000,0.000,0.000,0.000,0.000
-284.250,1.521,403.364,320.000,0.000,0.000,0.000,0.000
-284.000,1.514,402.821,320.000,0.000,0.000,0.000,0.000
-283.750,1.506,402.281,320.000,0.000,0.000,0.000,0.000
-283.500,1.498,401.744,320.000,0.000,0.000,0.000,0.000
-283.250,1.490,401.210,320.000,0.000,0.000,0.000,0.000
-283.000,1.483,400.679,320.000,0.000,0.000,0.000,0.000
-282.750,1.475,400.150,320.000,0.000,0.000,0.000,0.000
-282.500,1.468,399.625,320.000,0.000,0.000,0.000,0.000
-282.250,1.460,399.102,320.000,0.000,0.000,0.000,0.000
-282.000,1.453,398.582,320.000,0.000,0.000,0.000,0.000
-281.750,1.445,398.064,320.000,0.000,0.000,0.000,0.000
-281.500,1.438,397.550,320.000,0.000,0.000,0.000,0.000
-281.250,1.431,397.038,320.000,0.000,0.000,0.000,0.000
-281.000,1.424,396.529,320.000,0.000,0.000,0.000,0.000
-280.750,1.417,396.022,320.000,0.000,0.000,0.000,0.000
-280.500,1.410,395.518,320.000,0.000,0.000,0.000,0.000
-280.250,1.403,395.017,320.000,0.000,0.000,0.000,0.000
-280.000,1.396,394.519,320.000,0.000,0.000,0.000,0.000
-279.750,1.389,394.023,320.000,0.000,0.000,0.000,0.000
-279.500,1.383,393.530,320.000,0.000,0.000,0.000,0.000
-279.250,1.376,393.039,320.000,0.000,0.000,0.000,0.000
-279.000,1.369,392.551,320.000,0.000,0.000,0.000,0.000
-278.750,1.363,392.066,320.000,0.000,0.000,0.000,0.000
-278.500,1.356,391.583,320.000,0.000,0.000,0.000,0.000
-278.250,1.350,391.103,320.000,0.000,0.000,0.000,0.000
-278.000,1.344,390.626,320.000,0.000,0.000,0.000,0.000
-277.750,1.337,390.151,320.000,0.000,0.000,0.000,0.000
-277.500,1.331,389.678,320.000,0.000,0.000,0.000,0.000
-277.250,1.325,389.208,320.000,0.000,0.000,0.000,0.000
-277.000,1.319,388.741,320.000,0.000,0.000,0.000,0.000
-276.750,1.313,388.276,320.000,0.000,0.000,0.000,0.000
-276.500,1.306,387.813,320.000,0.000,0.000,0.000,0.000
-276.250,1.301,387.353,320.000,0.000,0.000,0.000,0.000
-276.000,1.295,386.896,320.000,0.000,0.000,0.000,0.000
-275.750,1.289,386.441,320.000,0.000,0.000,0.000,0.000
-275.500,1.283,385.988,320.000,0.000,0.000,0.000,0.000
-275.250,1.277,385.538,320.000,0.000,0.000,0.000,0.000
-275.000,1.271,385.090,320.000,0.000,0.000,0.000,0.000
-274.750,1.266,384.644,320.000,0.000,0.000,0.000,0.000
-274.500,1.260,384.201,320.000,0.000,0.000,0.000,0.000
-274.250,1.254,383.761,320.000,0.000,0.000,0.000,0.000
-274.000,1.249,383.323,320.000,0.000,0.000,0.000,0.000
-273.750,1.243,382.887,320.000,0.000,0.000,0.000,0.000
-273.500,1.238,382.453,320.000,0.000,0.000,0.000,0.000
-273.250,1.233,382.022,320.000,0.000,0.000,0.000,0.000
-273.000,1.227,381.593,320.000,0.000,0.000,0.000,0.000
-272.750,1.222,381.166,320.000,0.000,0.000,0.000,0.000
-272.500,1.217,380.742,320.000,0.000,0.000,0.000,0.000
-272.250,1.211,380.320,320.000,0.000,0.000,0.000,0.000
-272.000,1.206,379.900,320.000,0.000,0.000,0.000,0.000
-271.750,1.201,379.483,320.000,0.000,0.000,0.000,0.000
-271.500,1.196,379.068,320.000,0.000,0.000,0.000,0.000
-271.250,1.191,378.655,320.000,0.000,0.000,0.000,0.000
-271.000,1.186,378.244,320.000,0.000,0.000,0.000,0.000
-270.750,1.181,377.835,320.000,0.000,0.000,0.000,0.000
-270.500,1.176,377.429,320.000,0.000,0.000,0.000,0.000
-270.250,1.171,377.025,320.000,0.000,0.000,0.000,0.000
-270.000,1.167,376.623,320.000,0.000,0.000,0.000,0.000
-269.750,1.162,376.223,320.000,0.000,0.000,0.000,0.000
-269.500,1.157,375.826,320.000,0.000,0.000,0.000,0.000
-269.250,1.152,375.431,320.000,0.000,0.000,0.000,0.000
-269.000,1.148,375.037,320.000,0.000,0.000,0.000,0.000
-268.750,1.143,374.646,320.000,0.000,0.000,0.000,0.000
-268.500,1.138,374.257,320.000,0.000,0.000,0.000,0.000
-268.250,1.134,373.870,320.000,0.000,0.000,0.000,0.000
-268.000,1.129,373.486,320.000,0.000,0.000,0.000,0.000
-267.750,1.125,373.103,320.000,0.000,0.000,0.000,0.000
-267.500,1.120,372.722,320.000,0.000,0.000,0.000,0.000
-267.250,1.116,372.344,320.000,0.000,0.000,0.000,0.000
-267.000,1.112,371.967,320.000,0.000,0.000,0.000,0.000
-266.750,1.107,371.593,320.000,0.000,0.000,0.000,0.000
-266.500,1.103,371.221,320.000,0.000,0.000,0.000,0.000
-266.250,1.099,370.850,320.000,0.000,0.000,0.000,0.000
-266.000,1.095,370.482,320.000,0.000,0.000,0.000,0.000
-265.750,1.090,370.116,320.000,0.000,0.000,0.000,0.000
-265.500,1.086,369.752,320.000,0.000,0.000,0.000,0.000
-265.250,1.082,369.389,320.000,0.000,0.000,0.000,0.000
-265.000,1.078,369.029,320.000,0.000,0.000,0.000,0.000
-264.750,1.074,368.671,320.000,0.000,0.000,0.000,0.000
-264.500,1.070,368.314,320.000,0.000,0.000,0.000,0.000
-264.250,1.066,367.960,320.000,0.000,0.000,0.000,0.000
-264.000,1.062,367.608,320.000,0.000,0.000,0.000,0.000
-263.750,1.058,367.257,320.000,0.000,0.000,0.000,0.000
-263.500,1.054,366.909,320.000,0.000,0.000,0.000,0.000
-263.250,1.051,366.562,320.000,0.000,0.000,0.000,0.000
-263.000,1.047,366.217,320.000,0.000,0.000,0.000,0.000
-262.750,1.043,365.874,320.000,0.000,0.000,0.000,0.000
-262.500,1.039,365.533,320.000,0.000,0.000,0.000,0.000
-262.250,1.035,365.194,320.000,0.000,0.000,0.000,0.000
-262.000,1.032,364.857,320.000,0.000,0.000,0.000,0.000
-261.750,1.028,364.522,320.000,0.000,0.000,0.000,0.000
-261.500,1.024,364.188,320.000,0.000,0.000,0.000,0.000
-261.250,1.021,363.857,320.000,0.000,0.000,0.000,0.000
-261.000,1.017,363.527,320.000,0.000,0.000,0.000,0.000
-260.750,1.014,363.199,320.000,0.000,0.000,0.000,0.000
-260.500,1.010,362.873,320.000,0.000,0.000,0.000,0.000
-260.250,1.007,362.548,320.000,0.000,0.000,0.000,0.000
-260.000,1.003,362.226,320.000,0.000,0.000,0.000,0.000
-259.750,1.000,361.905,320.000,0.000,0.000,0.000,0.000
-259.500,0.996,361.586,320.000,0.000,0.000,0.000,0.000
-259.250,0.993,361.269,320.000,0.000,0.000,0.000,0.000
-259.000,0.990,360.954,320.000,0.000,0.000,0.000,0.000
-258.750,0.986,360.640,320.000,0.000,0.000,0.000,0.000
-258.500,0.983,360.328,320.000,0.000,0.000,0.000,0.000
-258.250,0.980,360.018,320.000,0.000,0.000,0.000,0.000
-258.000,0.977,359.710,320.000,0.000,0.000,0.000,0.000
-257.750,0.973,359.403,320.000,0.000,0.000,0.000,0.000
-257.500,0.970,359.098,320.000,0.000,0.000,0.000,0.000
-257.250,0.967,358.795,320.000,0.000,0.000,0.000,0.000
-257.000,0.964,358.493,320.000,0.000,0.000,0.000,0.000
-256.750,0.961,358.193,320.000,0.000,0.000,0.000,0.000
-256.500,0.958,357.895,320.000,0.000,0.000,0.000,0.000
-256.250,0.955,357.598,320.000,0.000,0.000,0.000,0.000
-256.000,0.952,357.304,320.000,0.000,0.000,0.000,0.000
-255.750,0.949,357.010,320.000,0.000,0.000,0.000,0.000
-255.500,0.946,356.719,320.000,0.000,0.000,0.000,0.000
-255.250,0.943,356.429,320.000,0.000,0.000,0.000,0.000
-255.000,0.940,356.141,320.000,0.000,0.000,0.000,0.000
-254.750,0.937,355.854,320.000,0.000,0.000,0.000,0.000
-254.500,0.934,355.569,320.000,0.000,0.000,0.000,0.000
-254.250,0.931,355.286,320.000,0.000,0.000,0.000,0.000
-254.000,0.928,355.004,320.000,0.000,0.000,0.000,0.000
-253.750,0.925,354.724,320.000,0.000,0.000,0.000,0.000
-253.500,0.923,354.445,320.000,0.000,0.000,0.000,0.000
-253.250,0.920,354.168,320.000,0.000,0.000,0.000,0.000
-253.000,0.917,353.893,320.000,0.000,0.000,0.000,0.000
-252.750,0.914,353.619,320.000,0.000,0.000,0.000,0.000
-252.500,0.912,353.346,320.000,0.000,0.000,0.000,0.000
-252.250,0.909,353.076,320.000,0.000,0.000,0.000,0.000
-252.000,0.906,352.806,320.000,0.000,0.000,0.000,0.000
-251.750,0.904,352.539,320.000,0.000,0.000,0.000,0.000
-251.500,0.901,352.273,320.000,0.000,0.000,0.000,0.000
-251.250,0.898,352.008,320.000,0.000,0.000,0.000,0.000
-251.000,0.896,351.745,320.000,0.000,0.000,0.000,0.000
-250.750,0.893,351.483,320.000,0.000,0.000,0.000,0.000
-250.500,0.891,351.223,320.000,0.000,0.000,0.000,0.000
-250.250,0.888,350.965,320.000,0.000,0.000,0.000,0.000
-250.000,0.886,350.707,320.000,0.000,0.000,0.000,0.000
-249.750,0.883,350.452,320.000,0.000,0.000,0.000,0.000
-249.500,0.881,350.198,320.000,0.000,0.000,0.000,0.000
-249.250,0.878,349.945,320.000,0.000,0.000,0.000,0.000
-249.000,0.876,349.694,320.000,0.000,0.000,0.000,0.000
-248.750,0.873,349.444,320.000,0.000,0.000,0.000,0.000
-248.500,0.871,349.196,320.000,0.000,0.000,0.000,0.000
-248.250,0.869,348.949,320.000,0.000,0.000,0.000,0.000
-248.000,0.866,348.703,320.000,0.000,0.000,0.000,0.000
-247.750,0.864,348.459,320.000,0.000,0.000,0.000,0.000
-247.500,0.862,348.217,320.000,0.000,0.000,0.000,0.000
-247.250,0.859,347.976,320.000,0.000,0.000,0.000,0.000
-247.000,0.857,347.736,320.000,0.000,0.000,0.000,0.000
-246.750,0.855,347.498,320.000,0.000,0.000,0.000,0.000
-246.500,0.853,347.261,320.000,0.000,0.000,0.000,0.000
-246.250,0.850,347.025,320.000,0.000,0.000,0.000,0.000
-246.000,0.848,346.791,320.000,0.000,0.000,0.000,0.000
-245.750,0.846,346.558,320.000,0.000,0.000,0.000,0.000
-245.500,0.844,346.327,320.000,0.000,0.000,0.000,0.000
-245.250,0.842,346.096,320.000,0.000,0.000,0.000,0.000
-245.000,0.839,345.868,320.000,0.000,0.000,0.000,0.000
-244.750,0.837,345.640,320.000,0.000,0.000,0.000,0.000
-244.500,0.835,345.414,320.000,0.000,0.000,0.000,0.000
-244.250,0.833,345.190,320.000,0.000,0.000,0.000,0.000
-244.000,0.831,344.966,320.000,0.000,0.000,0.000,0.000
-243.750,0.829,344.744,320.000,0.000,0.000,0.000,0.000
-243.500,0.827,344.524,320.000,0.000,0.000,0.000,0.000
-243.250,0.825,344.304,320.000,0.000,0.000,0.000,0.000
-243.000,0.823,344.086,320.000,0.000,0.000,0.000,0.000
-242.750,0.821,343.869,320.000,0.000,0.000,0.000,0.000
-242.500,0.819,343.654,320.000,0.000,0.000,0.000,0.000
-242.250,0.817,343.440,320.000,0.000,0.000,0.000,0.000
-242.000,0.815,343.227,320.000,0.000,0.000,0.000,0.000
-241.750,0.813,343.015,320.000,0.000,0.000,0.000,0.000
-241.500,0.811,342.805,320.000,0.000,0.000,0.000,0.000
-241.250,0.809,342.596,320.000,0.000,0.000,0.000,0.000
-241.000,0.807,342.388,320.000,0.000,0.000,0.000,0.000
-240.750,0.806,342.181,320.000,0.000,0.000,0.000,0.000
-240.500,0.804,341.976,320.000,0.000,0.000,0.000,0.000
-240.250,0.802,341.772,320.000,0.000,0.000,0.000,0.000
-240.000,0.800,341.569,320.000,0.000,0.000,0.000,0.000
-239.750,0.798,341.368,320.000,0.000,0.000,0.000,0.000
-239.500,0.796,341.167,320.000,0.000,0.000,0.000,0.000
-239.250,0.795,340.968,320.000,0.000,0.000,0.000,0.000
-239.000,0.793,340.770,320.000,0.000,0.000,0.000,0.000
-238.750,0.791,340.574,320.000,0.000,0.000,0.000,0.000
-238.500,0.789,340.378,320.000,0.000,0.000,0.000,0.000
-238.250,0.788,340.184,320.000,0.000,0.000,0.000,0.000
-238.000,0.786,339.991,320.000,0.000,0.000,0.000,0.000
-237.750,0.784,339.799,320.000,0.000,0.000,0.000,0.000
-237.500,0.782,339.608,320.000,0.000,0.000,0.000,0.000
-237.250,0.781,339.419,320.000,0.000,0.000,0.000,0.000
-237.000,0.779,339.231,320.000,0.000,0.000,0.000,0.000
-236.750,0.777,339.044,320.000,0.000,0.000,0.000,0.000
-236.500,0.776,338.858,320.000,0.000,0.000,0.000,0.000
-236.250,0.774,338.673,320.000,0.000,0.000,0.000,0.000
-236.000,0.773,338.489,320.000,0.000,0.000,0.000,0.000
-235.750,0.771,338.307,320.000,0.000,0.000,0.000,0.000
-235.500,0.769,338.125,320.000,0.000,0.000,0.000,0.000
-235.250,0.768,337.945,320.000,0.000,0.000,0.000,0.000
-235.000,0.766,337.766,320.000,0.000,0.000,0.000,0.000
-234.750,0.765,337.588,320.000,0.000,0.000,0.000,0.000
-234.500,0.763,337.411,320.000,0.000,0.000,0.000,0.000
-234.250,0.762,337.236,320.000,0.000,0.000,0.000,0.000
-234.000,0.760,337.061,320.000,0.000,0.000,0.000,0.000
-233.750,0.759,336.888,320.000,0.000,0.000,0.000,0.000
-233.500,0.757,336.715,320.000,0.000,0.000,0.000,0.000
-233.250,0.756,336.544,320.000,0.000,0.000,0.000,0.000
-233.000,0.754,336.374,320.000,0.000,0.000,0.000,0.000
-232.750,0.753,336.205,320.000,0.000,0.000,0.000,0.000
-232.500,0.751,336.037,320.000,0.000,0.000,0.000,0.000
-232.250,0.750,335.870,320.000,0.000,0.000,0.000,0.000
-232.000,0.748,335.704,320.000,0.000,0.000,0.000,0.000
-231.750,0.747,335.540,320.000,0.000,0.000,0.000,0.000
-231.500,0.746,335.376,320.000,0.000,0.000,0.000,0.000
-231.250,0.744,335.214,320.000,0.000,0.000,0.000,0.000
-231.000,0.743,335.052,320.000,0.000,0.000,0.000,0.000
-230.750,0.741,334.892,320.000,0.000,0.000,0.000,0.000
-230.500,0.740,334.732,320.000,0.000,0.000,0.000,0.000
-230.250,0.739,334.574,320.000,0.000,0.000,0.000,0.000
-230.000,0.737,334.417,320.000,0.000,0.000,0.000,0.000
-229.750,0.736,334.261,320.000,0.000,0.000,0.000,0.000
-229.500,0.735,334.105,320.000,0.000,0.000,0.000,0.000
-229.250,0.734,333.951,320.000,0.000,0.000,0.000,0.000
-229.000,0.732,333.798,320.000,0.000,0.000,0.000,0.000
-228.750,0.731,333.646,320.000,0.000,0.000,0.000,0.000
-228.500,0.730,333.495,320.000,0.000,0.000,0.000,0.000
-228.250,0.728,333.345,320.000,0.000,0.000,0.000,0.000
-228.000,0.727,333.196,320.000,0.000,0.000,0.000,0.000
-227.750,0.726,333.048,320.000,0.000,0.000,0.000,0.000
-227.500,0.725,332.901,320.000,0.000,0.000,0.000,0.000
-227.250,0.723,332.755,320.000,0.000,0.000,0.000,0.000
-227.000,0.722,332.610,320.000,0.000,0.000,0.000,0.000
-226.750,0.721,332.466,320.000,0.000,0.000,0.000,0.000
-226.500,0.720,332.323,320.000,0.000,0.000,0.000,0.000
-226.250,0.719,332.181,320.000,0.000,0.000,0.000,0.000
-226.000,0.718,332.040,320.000,0.000,0.000,0.000,0.000
-225.750,0.716,331.900,320.000,0.000,0.000,0.000,0.000
-225.500,0.715,331.761,320.000,0.000,0.000,0.000,0.000
-225.250,0.714,331.623,320.000,0.000,0.000,0.000,0.000
-225.000,0.713,331.486,320.000,0.000,0.000,0.000,0.000
-224.750,0.712,331.349,320.000,0.000,0.000,0.000,0.000
-224.500,0.711,331.214,320.000,0.000,0.000,0.000,0.000
-224.250,0.710,331.080,320.000,0.000,0.000,0.000,0.000
-224.000,0.709,330.947,320.000,0.000,0.000,0.000,0.000
-223.750,0.707,330.814,320.000,0.000,0.000,0.000,0.000
-223.500,0.706,330.683,320.000,0.000,0.000,0.000,0.000
-223.250,0.705,330.553,320.000,0.000,0.000,0.000,0.000
-223.000,0.704,330.423,320.000,0.000,0.000,0.000,0.000
-222.750,0.703,330.295,320.000,0.000,0.000,0.000,0.000
-222.500,0.702,330.167,320.000,0.000,0.000,0.000,0.000
-222.250,0.701,330.040,320.000,0.000,0.000,0.000,0.000
-222.000,0.700,329.914,320.000,0.000,0.000,0.000,0.000
-221.750,0.699,329.790,320.000,0.000,0.000,0.000,0.000
-221.500,0.698,329.666,320.000,0.000,0.000,0.000,0.000
-221.250,0.697,329.543,320.000,0.000,0.000,0.000,0.000
-221.000,0.696,329.421,320.000,0.000,0.000,0.000,0.000
-220.750,0.695,329.299,320.000,0.000,0.000,0.000,0.000
-220.500,0.694,329.179,320.000,0.000,0.000,0.000,0.000
-220.250,0.693,329.060,320.000,0.000,0.000,0.000,0.000
-220.000,0.692,328.941,320.000,0.000,0.000,0.000,0.000
-219.750,0.691,328.824,320.000,0.000,0.000,0.000,0.000
-219.500,0.690,328.707,320.000,0.000,0.000,0.000,0.000
-219.250,0.689,328.591,320.000,0.000,0.000,0.000,0.000
-219.000,0.688,328.476,320.000,0.000,0.000,0.000,0.000
-218.750,0.688,328.362,320.000,0.000,0.000,0.000,0.000
-218.500,0.687,328.249,320.000,0.000,0.000,0.000,0.000
-218.250,0.686,328.137,320.000,0.000,0.000,0.000,0.000
-218.000,0.685,328.026,320.000,0.000,0.000,0.000,0.000
-217.750,0.684,327.915,320.000,0.000,0.000,0.000,0.000
-217.500,0.683,327.805,320.000,0.000,0.000,0.000,0.000
-217.250,0.682,327.697,320.000,0.000,0.000,0.000,0.000
-217.000,0.681,327.589,320.000,0.000,0.000,0.000,0.000
-216.750,0.681,327.482,320.000,0.000,0.000,0.000,0.000
-216.500,0.680,327.376,320.000,0.000,0.000,0.000,0.000
-216.250,0.679,327.270,320.000,0.000,0.000,0.000,0.000
-216.000,0.678,327.166,320.000,0.000,0.000,0.000,0.000
-215.750,0.677,327.062,320.000,0.000,0.000,0.000,0.000
-215.500,0.676,326.959,320.000,0.000,0.000,0.000,0.000
-215.250,0.676,326.857,320.000,0.000,0.000,0.000,0.000
-215.000,0.675,326.756,320.000,0.000,0.000,0.000,0.000
-214.750,0.674,326.656,320.000,0.000,0.000,0.000,0.000
-214.500,0.673,326.557,320.000,0.000,0.000,0.000,0.000
-214.250,0.672,326.458,320.000,0.000,0.000,0.000,0.000
-214.000,0.672,326.360,320.000,0.000,0.000,0.000,0.000
-213.750,0.671,326.263,320.000,0.000,0.000,0.000,0.000
-213.500,0.670,326.167,320.000,0.000,0.000,0.000,0.000
-213.250,0.669,326.072,320.000,0.000,0.000,0.000,0.000
-213.000,0.669,325.978,320.000,0.000,0.000,0.000,0.000
-212.750,0.668,325.884,320.000,0.000,0.000,0.000,0.000
-212.500,0.667,325.791,320.000,0.000,0.000,0.000,0.000
-212.250,0.667,325.699,320.000,0.000,0.000,0.000,0.000
-212.000,0.666,325.608,320.000,0.000,0.000,0.000,0.000
-211.750,0.665,325.518,320.000,0.000,0.000,0.000,0.000
-211.500,0.664,325.428,320.000,0.000,0.000,0.000,0.000
-211.250,0.664,325.339,320.000,0.000,0.000,0.000,0.000
-211.000,0.663,325.251,320.000,0.000,0.000,0.000,0.000
-210.750,0.662,325.164,320.000,0.000,0.000,0.000,0.000
-210.500,0.662,325.078,320.000,0.000,0.000,0.000,0.000
-210.250,0.661,324.992,320.000,0.000,0.000,0.000,0.000
-210.000,0.660,324.908,320.000,0.000,0.000,0.000,0.000
-209.750,0.660,324.824,320.000,0.000,0.000,0.000,0.000
-209.500,0.659,324.740,320.000,0.000,0.000,0.000,0.000
-209.250,0.658,324.658,320.000,0.000,0.000,0.000,0.000
-209.000,0.658,324.576,320.000,0.000,0.000,0.000,0.000
-208.750,0.657,324.496,320.000,0.000,0.000,0.000,0.000
-208.500,0.657,324.415,320.000,0.000,0.000,0.000,0.000
-208.250,0.656,324.336,320.000,0.000,0.000,0.000,0.000
-208.000,0.655,324.258,320.000,0.000,0.000,0.000,0.000
-207.750,0.655,324.180,320.000,0.000,0.000,0.000,0.000
-207.500,0.654,324.103,320.000,0.000,0.000,0.000,0.000
-207.250,0.654,324.027,320.000,0.000,0.000,0.000,0.000
-207.000,0.653,323.951,320.000,0.000,0.000,0.000,0.000
-206.750,0.652,323.877,320.000,0.000,0.000,0.000,0.000
-206.500,0.652,323.803,320.000,0.000,0.000,0.000,0.000
-206.250,0.651,323.730,320.000,0.000,0.000,0.000,0.000
-206.000,0.651,323.657,320.000,0.000,0.000,0.000,0.000
-205.750,0.650,323.586,320.000,0.000,0.000,0.000,0.000
-205.500,0.650,323.515,320.000,0.000,0.000,0.000,0.000
-205.250,0.649,323.445,320.000,0.000,0.000,0.000,0.000
-205.000,0.649,323.375,320.000,0.000,0.000,0.000,0.000
-204.750,0.648,323.307,320.000,0.000,0.000,0.000,0.000
-204.500,0.648,323.239,320.000,0.000,0.000,0.000,0.000
-204.250,0.647,323.172,320.000,0.000,0.000,0.000,0.000
-204.000,0.647,323.105,320.000,0.000,0.000,0.000,0.000
-203.750,0.646,323.040,320.000,0.000,0.000,0.000,0.000
-203.500,0.646,322.975,320.000,0.000,0.000,0.000,0.000
-203.250,0.645,322.911,320.000,0.000,0.000,0.000,0.000
-203.000,0.645,322.847,320.000,0.000,0.000,0.000,0.000
-202.750,0.644,322.785,320.000,0.000,0.000,0.000,0.000
-202.500,0.644,322.723,320.000,0.000,0.000,0.000,0.000
-202.250,0.643,322.661,320.000,0.000,0.000,0.000,0.000
-202.000,0.643,322.601,320.000,0.000,0.000,0.000,0.000
-201.750,0.642,322.541,320.000,0.000,0.000,0.000,0.000
-201.500,0.642,322.482,320.000,0.000,0.000,0.000,0.000
-201.250,0.641,322.424,320.000,0.000,0.000,0.000,0.000
-201.000,0.641,322.366,320.000,0.000,0.000,0.000,0.000
-200.750,0.641,322.309,320.000,0.000,0.000,0.000,0.000
-200.500,0.640,322.253,320.000,0.000,0.000,0.000,0.000
-200.250,0.640,322.198,320.000,0.000,0.000,0.000,0.000
-200.000,0.639,322.143,320.000,0.000,0.000,0.000,0.000
-199.750,0.639,322.089,320.000,0.000,0.000,0.000,0.000
-199.500,0.639,322.036,320.000,0.000,0.000,0.000,0.000
-199.250,0.638,321.983,320.000,0.000,0.000,0.000,0.000
-199.000,0.638,321.932,320.000,0.000,0.000,0.000,0.000
-198.750,0.637,321.880,320.000,0.000,0.000,0.000,0.000
-198.500,0.637,321.830,320.000,0.000,0.000,0.000,0.000
-198.250,0.637,321.780,320.000,0.000,0.000,0.000,0.000
-198.000,0.636,321.731,320.000,0.000,0.000,0.000,0.000
-197.750,0.636,321.683,320.000,0.000,0.000,0.000,0.000
-197.500,0.636,321.635,320.000,0.000,0.000,0.000,0.000
-197.250,0.635,321.589,320.000,0.000,0.000,0.000,0.000
-197.000,0.635,321.542,320.000,0.000,0.000,0.000,0.000
-196.750,0.635,321.497,320.000,0.000,0.000,0.000,0.000
-196.500,0.634,321.452,320.000,0.000,0.000,0.000,0.000
-196.250,0.634,321.408,320.000,0.000,0.000,0.000,0.000
-196.000,0.634,321.365,320.000,0.000,0.000,0.000,0.000
-195.750,0.633,321.322,320.000,0.000,0.000,0.000,0.000
-195.500,0.633,321.280,320.000,0.000,0.000,0.000,0.000
-195.250,0.633,321.239,320.000,0.000,0.000,0.000,0.000
-195.000,0.632,321.198,320.000,0.000,0.000,0.000,0.000
-194.750,0.632,321.158,320.000,0.000,0.000,0.000,0.000
-194.500,0.632,321.119,320.000,0.000,0.000,0.000,0.000
-194.250,0.631,321.080,320.000,0.000,0.000,0.000,0.000
-194.000,0.631,321.043,320.000,0.000,0.000,0.000,0.000
-193.750,0.631,321.006,320.000,0.000,0.000,0.000,0.000
-193.500,0.631,320.969,320.000,0.000,0.000,0.000,0.000
-193.250,0.630,320.933,320.000,0.000,0.000,0.000,0.000
-193.000,0.630,320.898,320.000,0.000,0.000,0.000,0.000
-192.750,0.630,320.864,320.000,0.000,0.000,0.000,0.000
-192.500,0.630,320.830,320.000,0.000,0.000,0.000,0.000
-192.250,0.629,320.797,320.000,0.000,0.000,0.000,0.000
-192.000,0.629,320.765,320.000,0.000,0.000,0.000,0.000
-191.750,0.629,320.733,320.000,0.000,0.000,0.000,0.000
-191.500,0.629,320.702,320.000,0.000,0.000,0.000,0.000
-191.250,0.628,320.672,320.000,0.000,0.000,0.000,0.000
-191.000,0.628,320.642,320.000,0.000,0.000,0.000,0.000
-190.750,0.628,320.613,320.000,0.000,0.000,0.000,0.000
-190.500,0.628,320.585,320.000,0.000,0.000,0.000,0.000
-190.250,0.628,320.557,320.000,0.000,0.000,0.000,0.000
-190.000,0.627,320.530,320.000,0.000,0.000,0.000,0.000
-189.750,0.627,320.504,320.000,0.000,0.000,0.000,0.000
-189.500,0.627,320.478,320.000,0.000,0.000,0.000,0.000
-189.250,0.627,320.453,320.000,0.000,0.000,0.000,0.000
-189.000,0.627,320.429,320.000,0.000,0.000,0.000,0.000
-188.750,0.627,320.406,320.000,0.000,0.000,0.000,0.000
-188.500,0.626,320.383,320.000,0.000,0.000,0.000,0.000
-188.250,0.626,320.360,320.000,0.000,0.000,0.000,0.000
-188.000,0.626,320.339,320.000,0.000,0.000,0.000,0.000
-187.750,0.626,320.318,320.000,0.000,0.000,0.000,0.000
-187.500,0.626,320.298,320.000,0.000,0.000,0.000,0.000
-187.250,0.626,320.278,320.000,0.000,0.000,0.000,0.000
-187.000,0.626,320.259,320.000,0.000,0.000,0.000,0.000
-186.750,0.625,320.241,320.000,0.000,0.000,0.000,0.000
-186.500,0.625,320.224,320.000,0.000,0.000,0.000,0.000
-186.250,0.625,320.207,320.000,0.000,0.000,0.000,0.000
-186.000,0.625,320.190,320.000,0.000,0.000,0.000,0.000
-185.750,0.625,320.175,320.000,0.000,0.000,0.000,0.000
-185.500,0.625,320.160,320.000,0.000,0.000,0.000,0.000
-185.250,0.625,320.146,320.000,0.000,0.000,0.000,0.000
-185.000,0.625,320.132,320.000,0.000,0.000,0.000,0.000
-184.750,0.625,320.119,320.000,0.000,0.000,0.000,0.000
-184.500,0.624,320.107,320.000,0.000,0.000,0.000,0.000
-184.250,0.624,320.095,320.000,0.000,0.000,0.000,0.000
-184.000,0.624,320.085,320.000,0.000,0.000,0.000,0.000
-183.750,0.624,320.074,320.000,0.000,0.000,0.000,0.000
-183.500,0.624,320.065,320.000,0.000,0.000,0.000,0.000
-183.250,0.624,320.056,320.000,0.000,0.000,0.000,0.000
-183.000,0.624,320.048,320.000,0.000,0.000,0.000,0.000
-182.750,0.624,320.040,320.000,0.000,0.000,0.000,0.000
-182.500,0.624,320.033,320.000,0.000,0.000,0.000,0.000
-182.250,0.624,320.027,320.000,0.000,0.000,0.000,0.000
-182.000,0.624,320.021,320.000,0.000,0.000,0.000,0.000
-181.750,0.624,320.016,320.000,0.000,0.000,0.000,0.000
-181.500,0.624,320.012,320.000,0.000,0.000,0.000,0.000
-181.250,0.624,320.008,320.000,0.000,0.000,0.000,0.000
-181.000,0.624,320.005,320.000,0.000,0.000,0.000,0.000
-180.750,0.624,320.003,320.000,0.000,0.000,0.000,0.000
-180.500,0.624,320.001,320.000,0.000,0.000,0.000,0.000
-180.250,0.624,320.000,320.000,0.000,0.000,0.000,0.000
-180.000,0.624,320.000,320.000,0.000,0.000,0.000,0.000
-179.750,0.624,320.000,320.000,0.000,0.000,0.000,0.000
-179.500,0.624,320.001,320.000,0.000,0.000,0.000,0.000
-179.250,0.624,320.003,320.000,0.000,0.000,0.000,0.000
-179.000,0.624,320.005,320.000,0.000,0.000,0.000,0.000
-178.750,0.624,320.008,320.000,0.000,0.000,0.000,0.000
-178.500,0.624,320.012,320.000,0.000,0.000,0.000,0.000
-178.250,0.624,320.016,320.000,0.000,0.000,0.000,0.000
-178.000,0.624,320.021,320.000,0.000,0.000,0.000,0.000
-177.750,0.624,320.027,320.000,0.000,0.000,0.000,0.000
-177.500,0.624,320.033,320.000,0.000,0.000,0.000,0.000
-177.250,0.624,320.040,320.000,0.000,0.000,0.000,0.000
-177.000,0.624,320.048,320.000,0.000,0.000,0.000,0.000
-176.750,0.624,320.056,320.000,0.000,0.000,0.000,0.000
-176.500,0.624,320.065,320.000,0.000,0.000,0.000,0.000
-176.250,0.625,320.074,320.000,0.000,0.000,0.000,0.000
-176.000,0.625,320.085,320.000,0.000,0.000,0.000,0.000
-175.750,0.625,320.095,320.000,0.000,0.000,0.000,0.000
-175.500,0.625,320.107,320.000,0.000,0.000,0.000,0.000
-175.250,0.625,320.119,320.000,0.000,0.000,0.000,0.000
-175.000,0.625,320.132,320.000,0.000,0.000,0.000,0.000
-174.750,0.625,320.146,320.000,0.000,0.000,0.000,0.000
-174.500,0.625,320.160,320.000,0.000,0.000,0.000,0.000
-174.250,0.625,320.175,320.000,0.000,0.000,0.000,0.000
-174.000,0.626,320.190,320.000,0.000,0.000,0.000,0.000
-173.750,0.626,320.207,320.000,0.000,0.000,0.000,0.000
-173.500,0.626,320.224,320.000,0.000,0.000,0.000,0.000
-173.250,0.626,320.241,320.000,0.000,0.000,0.000,0.000
-173.000,0.626,320.259,320.000,0.000,0.000,0.000,0.000
-172.750,0.626,320.278,320.000,0.000,0.000,0.000,0.000
-172.500,0.626,320.298,320.000,0.000,0.000,0.000,0.000
-172.250,0.627,320.318,320.000,0.000,0.000,0.000,0.000
-172.000,0.627,320.339,320.000,0.000,0.000,0.000,0.000
-171.750,0.627,320.360,320.000,0.000,0.000,0.000,0.000
-171.500,0.627,320.383,320.000,0.000,0.000,0.000,0.000
-171.250,0.627,320.406,320.000,0.000,0.000,0.000,0.000
-171.000,0.627,320.429,320.000,0.000,0.000,0.000,0.000
-170.750,0.628,320.453,320.000,0.000,0.000,0.000,0.000
-170.500,0.628,320.478,320.000,0.000,0.000,0.000,0.000
-170.250,0.628,320.504,320.000,0.000,0.000,0.000,0.000
-170.000,0.628,320.530,320.000,0.000,0.000,0.000,0.000
-169.750,0.628,320.557,320.000,0.000,0.000,0.000,0.000
-169.500,0.629,320.585,320.000,0.000,0.000,0.000,0.000
-169.250,0.629,320.613,320.000,0.000,0.000,0.000,0.000
-169.000,0.629,320.642,320.000,0.000,0.000,0.000,0.000
-168.750,0.629,320.672,320.000,0.000,0.000,0.000,0.000
-168.500,0.630,320.702,320.000,0.000,0.000,0.000,0.000
-168.250,0.630,320.733,320.000,0.000,0.000,0.000,0.000
-168.000,0.630,320.765,320.000,0.000,0.000,0.000,0.000
-167.750,0.630,320.797,320.000,0.000,0.000,0.000,0.000
-167.500,0.631,320.830,320.000,0.000,0.000,0.000,0.000
-167.250,0.631,320.864,320.000,0.000,0.000,0.000,0.000
-167.000,0.631,320.898,320.000,0.000,0.000,0.000,0.000
-166.750,0.631,320.933,320.000,0.000,0.000,0.000,0.000
-166.500,0.632,320.969,320.000,0.000,0.000,0.000,0.000
-166.250,0.632,321.006,320.000,0.000,0.000,0.000,0.000
-166.000,0.632,321.043,320.000,0.000,0.000,0.000,0.000
-165.750,0.633,321.080,320.000,0.000,0.000,0.000,0.000
-165.500,0.633,321.119,320.000,0.000,0.000,0.000,0.000
-165.250,0.633,321.158,320.000,0.000,0.000,0.000,0.000
-165.000,0.633,321.198,320.000,0.000,0.000,0.000,0.000
-164.750,0.634,321.239,320.000,0.000,0.000,0.000,0.000
-164.500,0.634,321.280,320.000,0.000,0.000,0.000,0.000
-164.250,0.634,321.322,320.000,0.000,0.000,0.000,0.000
-164.000,0.635,321.365,320.000,0.000,0.000,0.000,0.000
-163.750,0.635,321.408,320.000,0.000,0.000,0.000,0.000
-163.500,0.635,321.452,320.000,0.000,0.000,0.000,0.000
-163.250,0.636,321.497,320.000,0.000,0.000,0.000,0.000
-163.000,0.636,321.542,320.000,0.000,0.000,0.000,0.000
-162.750,0.637,321.589,320.000,0.000,0.000,0.000,0.000
-162.500,0.637,321.635,320.000,0.000,0.000,0.000,0.000
-162.250,0.637,321.683,320.000,0.000,0.000,0.000,0.000
-162.000,0.638,321.731,320.000,0.000,0.000,0.000,0.000
-161.750,0.638,321.780,320.000,0.000,0.000,0.000,0.000
-161.500,0.638,321.830,320.000,0.000,0.000,0.000,0.000
-161.250,0.639,321.880,320.000,0.000,0.000,0.000,0.000
-161.000,0.639,321.932,320.000,0.000,0.000,0.000,0.000
-160.750,0.640,321.983,320.000,0.000,0.000,0.000,0.000
-160.500,0.640,322.036,320.000,0.000,0.000,0.000,0.000
-160.250,0.640,322.089,320.000,0.000,0.000,0.000,0.000
-160.000,0.641,322.143,320.000,0.000,0.000,0.000,0.000
-159.750,0.641,322.198,320.000,0.000,0.000,0.000,0.000
-159.500,0.642,322.253,320.000,0.000,0.000,0.000,0.000
-159.250,0.642,322.309,320.000,0.000,0.000,0.000,0.000
-159.000,0.643,322.366,320.000,0.000,0.000,0.000,0.000
-158.750,0.643,322.424,320.000,0.000,0.000,0.000,0.000
-158.500,0.644,322.482,320.000,0.000,0.000,0.000,0.000
-158.250,0.644,322.541,320.000,0.000,0.000,0.000,0.000
-158.000,0.644,322.601,320.000,0.000,0.000,0.000,0.000
-157.750,0.645,322.661,320.000,0.000,0.000,0.000,0.000
-157.500,0.645,322.723,320.000,0.000,0.000,0.000,0.000
-157.250,0.646,322.785,320.000,0.000,0.000,0.000,0.000
-157.000,0.646,322.847,320.000,0.000,0.000,0.000,0.000
-156.750,0.647,322.911,320.000,0.000,0.000,0.000,0.000
-156.500,0.647,322.975,320.000,0.000,0.000,0.000,0.000
-156.250,0.648,323.040,320.000,0.000,0.000,0.000,0.000
-156.000,0.648,323.105,320.000,0.000,0.000,0.000,0.000
-155.750,0.649,323.172,320.000,0.000,0.000,0.000,0.000
-155.500,0.650,323.239,320.000,0.000,0.000,0.000,0.000
-155.250,0.650,323.307,320.000,0.000,0.000,0.000,0.000
-155.000,0.651,323.375,320.000,0.000,0.000,0.000,0.000
-154.750,0.651,323.445,320.000,0.000,0.000,0.000,0.000
-154.500,0.652,323.515,320.000,0.000,0.000,0.000,0.000
-154.250,0.652,323.586,320.000,0.000,0.000,0.000,0.000
-154.000,0.653,323.657,320.000,0.000,0.000,0.000,0.000
-153.750,0.653,323.730,320.000,0.000,0.000,0.000,0.000
-153.500,0.654,323.803,320.000,0.000,0.000,0.000,0.000
-153.250,0.655,323.877,320.000,0.000,0.000,0.000,0.000
-153.000,0.655,323.951,320.000,0.000,0.000,0.000,0.000
-152.750,0.656,324.027,320.000,0.000,0.000,0.000,0.000
-152.500,0.656,324.103,320.000,0.000,0.000,0.000,0.000
-152.250,0.657,324.180,320.000,0.000,0.000,0.000,0.000
-152.000,0.658,324.258,320.000,0.000,0.000,0.000,0.000
-151.750,0.658,324.336,320.000,0.000,0.000,0.000,0.000
-151.500,0.659,324.415,320.000,0.000,0.000,0.000,0.000
-151.250,0.659,324.496,320.000,0.000,0.000,0.000,0.000
-151.000,0.660,324.576,320.000,0.000,0.000,0.000,0.000
-150.750,0.661,324.658,320.000,0.000,0.000,0.000,0.000
-150.500,0.661,324.740,320.000,0.000,0.000,0.000,0.000
-150.250,0.662,324.824,320.000,0.000,0.000,0.000,0.000
-150.000,0.663,324.908,320.000,0.000,0.000,0.000,0.000
-149.750,0.663,324.992,320.000,0.000,0.000,0.000,0.000
-149.500,0.664,325.078,320.000,0.000,0.000,0.000,0.000
-149.250,0.665,325.164,320.000,0.000,0.000,0.000,0.000
-149.000,0.665,325.251,320.000,0.000,0.000,0.000,0.000
-148.750,0.666,325.339,320.000,0.000,0.000,0.000,0.000
-148.500,0.667,325.428,320.000,0.000,0.000,0.000,0.000
-148.250,0.668,325.518,320.000,0.000,0.000,0.000,0.000
-148.000,0.668,325.608,320.000,0.000,0.000,0.000,0.000
-147.750,0.669,325.699,320.000,0.000,0.000,0.000,0.000
-147.500,0.670,325.791,320.000,0.000,0.000,0.000,0.000
-147.250,0.671,325.884,320.000,0.000,0.000,0.000,0.000
-147.000,0.671,325.978,320.000,0.000,0.000,0.000,0.000
-146.750,0.672,326.072,320.000,0.000,0.000,0.000,0.000
-146.500,0.673,326.167,320.000,0.000,0.000,0.000,0.000
-146.250,0.674,326.263,320.000,0.000,0.000,0.000,0.000
-146.000,0.674,326.360,320.000,0.000,0.000,0.000,0.000
-145.750,0.675,326.458,320.000,0.000,0.000,0.000,0.000
-145.500,0.676,326.557,320.000,0.000,0.000,0.000,0.000
-145.250,0.677,326.656,320.000,0.000,0.000,0.000,0.000
-145.000,0.678,326.756,320.000,0.000,0.000,0.000,0.000
-144.750,0.678,326.857,320.000,0.000,0.000,0.000,0.000
-144.500,0.679,326.959,320.000,0.000,0.000,0.000,0.000
-144.250,0.680,327.062,320.000,0.000,0.000,0.000,0.000
-144.000,0.681,327.166,320.000,0.000,0.000,0.000,0.000
-143.750,0.682,327.270,320.000,0.000,0.000,0.000,0.000
-143.500,0.683,327.376,320.000,0.000,0.000,0.000,0.000
-143.250,0.683,327.482,320.000,0.000,0.000,0.000,0.000
-143.000,0.684,327.589,320.000,0.000,0.000,0.000,0.000
-142.750,0.685,327.697,320.000,0.000,0.000,0.000,0.000
-142.500,0.686,327.805,320.000,0.000,0.000,0.000,0.000
-142.250,0.687,327.915,320.000,0.000,0.000,0.000,0.000
-142.000,0.688,328.026,320.000,0.000,0.000,0.000,0.000
-141.750,0.689,328.137,320.000,0.000,0.000,0.000,0.000
-141.500,0.690,328.249,320.000,0.000,0.000,0.000,0.000
-141.250,0.691,328.362,320.000,0.000,0.000,0.000,0.000
-141.000,0.692,328.476,320.000,0.000,0.000,0.000,0.000
-140.750,0.693,328.591,320.000,0.000,0.000,0.000,0.000
-140.500,0.693,328.707,320.000,0.000,0.000,0.000,0.000
-140.250,0.694,328.824,320.000,0.000,0.000,0.000,0.000
-140.000,0.695,328.941,320.000,0.000,0.000,0.000,0.000
-139.750,0.696,329.060,320.000,0.000,0.000,0.000,0.000
-139.500,0.697,329.179,320.000,0.000,0.000,0.000,0.000
-139.250,0.698,329.299,320.000,0.000,0.000,0.000,0.000
-139.000,0.699,329.421,320.000,0.000,0.000,0.000,0.000
-138.750,0.700,329.543,320.000,0.000,0.000,0.000,0.000
-138.500,0.701,329.666,320.000,0.000,0.000,0.000,0.000
-138.250,0.702,329.790,320.000,0.000,0.000,0.000,0.000
-138.000,0.703,329.914,320.000,0.000,0.000,0.000,0.000
-137.750,0.704,330.040,320.000,0.000,0.000,0.000,0.000
-137.500,0.706,330.167,320.000,0.000,0.000,0.000,0.000
-137.250,0.707,330.295,320.000,0.000,0.000,0.000,0.000
-137.000,0.708,330.423,320.000,0.000,0.000,0.000,0.000
-136.750,0.709,330.553,320.000,0.000,0.000,0.000,0.000
-136.500,0.710,330.683,320.000,0.000,0.000,0.000,0.000
-136.250,0.711,330.814,320.000,0.000,0.000,0.000,0.000
-136.000,0.712,330.947,320.000,0.000,0.000,0.000,0.000
-135.750,0.713,331.080,320.000,0.000,0.000,0.000,0.000
-135.500,0.714,331.214,320.000,0.000,0.000,0.000,0.000
-135.250,0.715,331.349,320.000,0.000,0.000,0.000,0.000
-135.000,0.717,331.486,320.000,0.000,0.000,0.000,0.000
-134.750,0.718,331.623,320.000,0.000,0.000,0.000,0.000
-134.500,0.719,331.761,320.000,0.000,0.000,0.000,0.000
-134.250,0.720,331.900,320.000,0.000,0.000,0.000,0.000
-134.000,0.721,332.040,320.000,0.000,0.000,0.000,0.000
-133.750,0.722,332.181,320.000,0.000,0.000,0.000,0.000
-133.500,0.724,332.323,320.000,0.000,0.000,0.000,0.000
-133.250,0.725,332.466,320.000,0.000,0.000,0.000,0.000
-133.000,0.726,332.610,320.000,0.000,0.000,0.000,0.000
-132.750,0.727,332.755,320.000,0.000,0.000,0.000,0.000
-132.500,0.728,332.901,320.000,0.000,0.000,0.000,0.000
-132.250,0.730,333.048,320.000,0.000,0.000,0.000,0.000
-132.000,0.731,333.196,320.000,0.000,0.000,0.000,0.000
-131.750,0.732,333.345,320.000,0.000,0.000,0.000,0.000
-131.500,0.734,333.495,320.000,0.000,0.000,0.000,0.000
-131.250,0.735,333.646,320.000,0.000,0.000,0.000,0.000
-131.000,0.736,333.798,320.000,0.000,0.000,0.000,0.000
-130.750,0.737,333.951,320.000,0.000,0.000,0.000,0.000
-130.500,0.739,334.105,320.000,0.000,0.000,0.000,0.000
-130.250,0.740,334.261,320.000,0.000,0.000,0.000,0.000
-130.000,0.741,334.417,320.000,0.000,0.000,0.000,0.000
-129.750,0.743,334.574,320.000,0.000,0.000,0.000,0.000
-129.500,0.744,334.732,320.000,0.000,0.000,0.000,0.000
-129.250,0.745,334.892,320.000,0.000,0.000,0.000,0.000
-129.000,0.747,335.052,320.000,0.000,0.000,0.000,0.000
-128.750,0.748,335.214,320.000,0.000,0.000,0.000,0.000
-128.500,0.750,335.376,320.000,0.000,0.000,0.000,0.000
-128.250,0.751,335.540,320.000,0.000,0.000,0.000,0.000
-128.000,0.753,335.704,320.000,0.000,0.000,0.000,0.000
-127.750,0.754,335.870,320.000,0.000,0.000,0.000,0.000
-127.500,0.755,336.037,320.000,0.000,0.000,0.000,0.000
-127.250,0.757,336.205,320.000,0.000,0.000,0.000,0.000
-127.000,0.758,336.374,320.000,0.000,0.000,0.000,0.000
-126.750,0.760,336.544,320.000,0.000,0.000,0.000,0.000
-126.500,0.761,336.715,320.000,0.000,0.000,0.000,0.000
-126.250,0.763,336.888,320.000,0.000,0.000,0.000,0.000
-126.000,0.764,337.061,320.000,0.000,0.000,0.000,0.000
-125.750,0.766,337.236,320.000,0.000,0.000,0.000,0.000
-125.500,0.767,337.411,320.000,0.000,0.000,0.000,0.000
-125.250,0.769,337.588,320.000,0.000,0.000,0.000,0.000
-125.000,0.771,337.766,320.000,0.000,0.000,0.000,0.000
-124.750,0.772,337.945,320.000,0.000,0.000,0.000,0.000
-124.500,0.774,338.125,320.000,0.000,0.000,0.000,0.000
-124.250,0.775,338.307,320.000,0.000,0.000,0.000,0.000
-124.000,0.777,338.489,320.000,0.000,0.000,0.000,0.000
-123.750,0.779,338.673,320.000,0.000,0.000,0.000,0.000
-123.500,0.780,338.858,320.000,0.000,0.000,0.000,0.000
-123.250,0.782,339.044,320.000,0.000,0.000,0.000,0.000
-123.000,0.784,339.231,320.000,0.000,0.000,0.000,0.000
-122.750,0.785,339.419,320.000,0.000,0.000,0.000,0.000
-122.500,0.787,339.608,320.000,0.000,0.000,0.000,0.000
-122.250,0.789,339.799,320.000,0.000,0.000,0.000,0.000
-122.000,0.790,339.991,320.000,0.000,0.000,0.000,0.000
-121.750,0.792,340.184,320.000,0.000,0.000,0.000,0.000
-121.500,0.794,340.378,320.000,0.000,0.000,0.000,0.000
-121.250,0.796,340.574,320.000,0.000,0.000,0.000,0.000
-121.000,0.797,340.770,320.000,0.000,0.000,0.000,0.000
-120.750,0.799,340.968,320.000,0.000,0.000,0.000,0.000
-120.500,0.801,341.167,320.000,0.000,0.000,0.000,0.000
-120.250,0.803,341.368,320.000,0.000,0.000,0.000,0.000
-120.000,0.805,341.569,320.000,0.000,0.000,0.000,0.000
-119.750,0.807,341.772,320.000,0.000,0.000,0.000,0.000
-119.500,0.808,341.976,320.000,0.000,0.000,0.000,0.000
-119.250,0.810,342.181,320.000,0.000,0.000,0.000,0.000
-119.000,0.812,342.388,320.000,0.000,0.000,0.000,0.000
-118.750,0.814,342.596,320.000,0.000,0.000,0.000,0.000
-118.500,0.816,342.805,320.000,0.000,0.000,0.000,0.000
-118.250,0.818,343.015,320.000,0.000,0.000,0.000,0.000
-118.000,0.820,343.227,320.000,0.000,0.000,0.000,0.000
-117.750,0.822,343.440,320.000,0.000,0.000,0.000,0.000
-117.500,0.824,343.654,320.000,0.000,0.000,0.000,0.000
-117.250,0.826,343.869,320.000,0.000,0.000,0.000,0.000
-117.000,0.828,344.086,320.000,0.000,0.000,0.000,0.000
-116.750,0.830,344.304,320.000,0.000,0.000,0.000,0.000
-116.500,0.832,344.524,320.000,0.000,0.000,0.000,0.000
-116.250,0.834,344.744,320.000,0.000,0.000,0.000,0.000
-116.000,0.836,344.966,320.000,0.000,0.000,0.000,0.000
-115.750,0.838,345.190,320.000,0.000,0.000,0.000,0.000
-115.500,0.840,345.414,320.000,0.000,0.000,0.000,0.000
-115.250,0.842,345.640,320.000,0.000,0.000,0.000,0.000
-115.000,0.844,345.868,320.000,0.000,0.000,0.000,0.000
-114.750,0.847,346.096,320.000,0.000,0.000,0.000,0.000
-114.500,0.849,346.327,320.000,0.000,0.000,0.000,0.000
-114.250,0.851,346.558,320.000,0.000,0.000,0.000,0.000
-114.000,0.853,346.791,320.000,0.000,0.000,0.000,0.000
-113.750,0.855,347.025,320.000,0.000,0.000,0.000,0.000
-113.500,0.858,347.261,320.000,0.000,0.000,0.000,0.000
-113.250,0.860,347.498,320.000,0.000,0.000,0.000,0.000
-113.000,0.862,347.736,320.000,0.000,0.000,0.000,0.000
-112.750,0.865,347.976,320.000,0.000,0.000,0.000,0.000
-112.500,0.867,348.217,320.000,0.000,0.000,0.000,0.000
-112.250,0.869,348.459,320.000,0.000,0.000,0.000,0.000
-112.000,0.872,348.703,320.000,0.000,0.000,0.000,0.000
-111.750,0.874,348.949,320.000,0.000,0.000,0.000,0.000
-111.500,0.876,349.196,320.000,0.000,0.000,0.000,0.000
-111.250,0.879,349.444,320.000,0.000,0.000,0.000,0.000
-111.000,0.881,349.694,320.000,0.000,0.000,0.000,0.000
-110.750,0.884,349.945,320.000,0.000,0.000,0.000,0.000
-110.500,0.886,350.198,320.000,0.000,0.000,0.000,0.000
-110.250,0.889,350.452,320.000,0.000,0.000,0.000,0.000
-110.000,0.891,350.707,320.000,0.000,0.000,0.000,0.000
-109.750,0.894,350.965,320.000,0.000,0.000,0.000,0.000
-109.500,0.896,351.223,320.000,0.000,0.000,0.000,0.000
-109.250,0.899,351.483,320.000,0.000,0.000,0.000,0.000
-109.000,0.901,351.745,320.000,0.000,0.000,0.000,0.000
-108.750,0.904,352.008,320.000,0.000,0.000,0.000,0.000
-108.500,0.906,352.273,320.000,0.000,0.000,0.000,0.000
-108.250,0.909,352.539,320.000,0.000,0.000,0.000,0.000
-108.000,0.912,352.806,320.000,0.000,0.000,0.000,0.000
-107.750,0.914,353.076,320.000,0.000,0.000,0.000,0.000
-107.500,0.917,353.346,320.000,0.000,0.000,0.000,0.000
-107.250,0.920,353.619,320.000,0.000,0.000,0.000,0.000
-107.000,0.923,353.893,320.000,0.000,0.000,0.000,0.000
-106.750,0.925,354.168,320.000,0.000,0.000,0.000,0.000
-106.500,0.928,354.445,320.000,0.000,0.000,0.000,0.000
-106.250,0.931,354.724,320.000,0.000,0.000,0.000,0.000
-106.000,0.934,355.004,320.000,0.000,0.000,0.000,0.000
-105.750,0.937,355.286,320.000,0.000,0.000,0.000,0.000
-105.500,0.940,355.569,320.000,0.000,0.000,0.000,0.000
-105.250,0.942,355.854,320.000,0.000,0.000,0.000,0.000
-105.000,0.945,356.141,320.000,0.000,0.000,0.000,0.000
-104.750,0.948,356.429,320.000,0.000,0.000,0.000,0.000
-104.500,0.951,356.719,320.000,0.000,0.000,0.000,0.000
-104.250,0.954,357.010,320.000,0.000,0.000,0.000,0.000
-104.000,0.957,357.304,320.000,0.000,0.000,0.000,0.000
-103.750,0.960,357.598,320.000,0.000,0.000,0.000,0.000
-103.500,0.963,357.895,320.000,0.000,0.000,0.000,0.000
-103.250,0.967,358.193,320.000,0.000,0.000,0.000,0.000
-103.000,0.970,358.493,320.000,0.000,0.000,0.000,0.000
-102.750,0.973,358.795,320.000,0.000,0.000,0.000,0.000
-102.500,0.976,359.098,320.000,0.000,0.000,0.000,0.000
-102.250,0.979,359.403,320.000,0.000,0.000,0.000,0.000
-102.000,0.982,359.710,320.000,0.000,0.000,0.000,0.000
-101.750,0.986,360.018,320.000,0.000,0.000,0.000,0.000
-101.500,0.989,360.328,320.000,0.000,0.000,0.000,0.000
-101.250,0.992,360.640,320.000,0.000,0.000,0.000,0.000
-101.000,0.996,360.954,320.000,0.000,0.000,0.000,0.000
-100.750,0.999,361.269,320.000,0.000,0.000,0.000,0.000
-100.500,1.002,361.586,320.000,0.000,0.000,0.000,0.000
-100.250,1.006,361.905,320.000,0.000,0.000,0.000,0.000
-100.000,1.009,362.226,320.000,0.000,0.000,0.000,0.000
-99.750,1.013,362.548,320.000,0.000,0.000,0.000,0.000
-99.500,1.016,362.873,320.000,0.000,0.000,0.000,0.000
-99.250,1.020,363.199,320.000,0.000,0.000,0.000,0.000
-99.000,1.023,363.527,320.000,0.000,0.000,0.000,0.000
-98.750,1.027,363.857,320.000,0.000,0.000,0.000,0.000
-98.500,1.030,364.188,320.000,0.000,0.000,0.000,0.000
-98.250,1.034,364.522,320.000,0.000,0.000,0.000,0.000
-98.000,1.038,364.857,320.000,0.000,0.000,0.000,0.000
-97.750,1.041,365.194,320.000,0.000,0.000,0.000,0.000
-97.500,1.045,365.533,320.000,0.000,0.000,0.000,0.000
-97.250,1.049,365.874,320.000,0.000,0.000,0.000,0.000
-97.000,1.053,366.217,320.000,0.000,0.000,0.000,0.000
-96.750,1.056,366.562,320.000,0.000,0.000,0.000,0.000
-96.500,1.060,366.909,320.000,0.000,0.000,0.000,0.000
-96.250,1.064,367.257,320.000,0.000,0.000,0.000,0.000
-96.000,1.068,367.608,320.000,0.000,0.000,0.000,0.000
-95.750,1.072,367.960,320.000,0.000,0.000,0.000,0.000
-95.500,1.076,368.314,320.000,0.000,0.000,0.000,0.000
-95.250,1.080,368.671,320.000,0.000,0.000,0.000,0.000
-95.000,1.084,369.029,320.000,0.000,0.000,0.000,0.000
-94.750,1.088,369.389,320.000,0.000,0.000,0.000,0.000
-94.500,1.092,369.752,320.000,0.000,0.000,0.000,0.000
-94.250,1.096,370.116,320.000,0.000,0.000,0.000,0.000
-94.000,1.101,370.482,320.000,0.000,0.000,0.000,0.000
-93.750,1.105,370.850,320.000,0.000,0.000,0.000,0.000
-93.500,1.109,371.221,320.000,0.000,0.000,0.000,0.000
-93.250,1.113,371.593,320.000,0.000,0.000,0.000,0.000
-93.000,1.118,371.967,320.000,0.000,0.000,0.000,0.000
-92.750,1.122,372.344,320.000,0.000,0.000,0.000,0.000
-92.500,1.126,372.722,320.000,0.000,0.000,0.000,0.000
-92.250,1.131,373.103,320.000,0.000,0.000,0.000,0.000
-92.000,1.135,373.486,320.000,0.000,0.000,0.000,0.000
-91.750,1.140,373.870,320.000,0.000,0.000,0.000,0.000
-91.500,1.144,374.257,320.000,0.000,0.000,0.000,0.000
-91.250,1.149,374.646,320.000,0.000,0.000,0.000,0.000
-91.000,1.154,375.037,320.000,0.000,0.000,0.000,0.000
-90.750,1.158,375.431,320.000,0.000,0.000,0.000,0.000
-90.500,1.163,375.826,320.000,0.000,0.000,0.000,0.000
-90.250,1.168,376.223,320.000,0.000,0.000,0.000,0.000
-90.000,1.172,376.623,320.000,0.000,0.000,0.000,0.000
-89.750,1.177,377.025,320.000,0.000,0.000,0.000,0.000
-89.500,1.182,377.429,320.000,0.000,0.000,0.000,0.000
-89.250,1.187,377.835,320.000,0.000,0.000,0.000,0.000
-89.000,1.192,378.244,320.000,0.000,0.000,0.000,0.000
-88.750,1.197,378.655,320.000,0.000,0.000,0.000,0.000
-88.500,1.202,379.068,320.000,0.000,0.000,0.000,0.000
-88.250,1.207,379.483,320.000,0.000,0.000,0.000,0.000
-88.000,1.212,379.900,320.000,0.000,0.000,0.000,0.000
-87.750,1.217,380.320,320.000,0.000,0.000,0.000,0.000
-87.500,1.223,380.742,320.000,0.000,0.000,0.000,0.000
-87.250,1.228,381.166,320.000,0.000,0.000,0.000,0.000
-87.000,1.233,381.593,320.000,0.000,0.000,0.000,0.000
-86.750,1.238,382.022,320.000,0.000,0.000,0.000,0.000
-86.500,1.244,382.453,320.000,0.000,0.000,0.000,0.000
-86.250,1.249,382.887,320.000,0.000,0.000,0.000,0.000
-86.000,1.255,383.323,320.000,0.000,0.000,0.000,0.000
-85.750,1.260,383.761,320.000,0.000,0.000,0.000,0.000
-85.500,1.266,384.201,320.000,0.000,0.000,0.000,0.000
-85.250,1.271,384.644,320.000,0.000,0.000,0.000,0.000
-85.000,1.277,385.090,320.000,0.000,0.000,0.000,0.000
-84.750,1.283,385.538,320.000,0.000,0.000,0.000,0.000
-84.500,1.289,385.988,320.000,0.000,0.000,0.000,0.000
-84.250,1.294,386.441,320.000,0.000,0.000,0.000,0.000
-84.000,1.300,386.896,320.000,0.000,0.000,0.000,0.000
-83.750,1.306,387.353,320.000,0.000,0.000,0.000,0.000
-83.500,1.312,387.813,320.000,0.000,0.000,0.000,0.000
-83.250,1.318,388.276,320.000,0.000,0.000,0.000,0.000
-83.000,1.324,388.741,320.000,0.000,0.000,0.000,0.000
-82.750,1.330,389.208,320.000,0.000,0.000,0.000,0.000
-82.500,1.337,389.678,320.000,0.000,0.000,0.000,0.000
-82.250,1.343,390.151,320.000,0.000,0.000,0.000,0.000
-82.000,1.349,390.626,320.000,0.000,0.000,0.000,0.000
-81.750,1.355,391.103,320.000,0.000,0.000,0.000,0.000
-81.500,1.362,391.583,320.000,0.000,0.000,0.000,0.000
-81.250,1.368,392.066,320.000,0.000,0.000,0.000,0.000
-81.000,1.375,392.551,320.000,0.000,0.000,0.000,0.000
-80.750,1.381,393.039,320.000,0.000,0.000,0.000,0.000
-80.500,1.388,393.530,320.000,0.000,0.000,0.000,0.000
-80.250,1.395,394.023,320.000,0.000,0.000,0.000,0.000
-80.000,1.401,394.519,320.000,0.000,0.000,0.000,0.000
-79.750,1.408,395.017,320.000,0.000,0.000,0.000,0.000
-79.500,1.415,395.518,320.000,0.000,0.000,0.000,0.000
-79.250,1.422,396.022,320.000,0.000,0.000,0.000,0.000
-79.000,1.429,396.529,320.000,0.000,0.000,0.000,0.000
-78.750,1.436,397.038,320.000,0.000,0.000,0.000,0.000
-78.500,1.443,397.550,320.000,0.000,0.000,0.000,0.000
-78.250,1.450,398.064,320.000,0.000,0.000,0.000,0.000
-78.000,1.458,398.582,320.000,0.000,0.000,0.000,0.000
-77.750,1.465,399.102,320.000,0.000,0.000,0.000,0.000
-77.500,1.472,399.625,320.000,0.000,0.000,0.000,0.000
-77.250,1.480,400.150,320.000,0.000,0.000,0.000,0.000
-77.000,1.487,400.679,320.000,0.000,0.000,0.000,0.000
-76.750,1.495,401.210,320.000,0.000,0.000,0.000,0.000
-76.500,1.503,401.744,320.000,0.000,0.000,0.000,0.000
-76.250,1.510,402.281,320.000,0.000,0.000,0.000,0.000
-76.000,1.518,402.821,320.000,0.000,0.000,0.000,0.000
-75.750,1.526,403.364,320.000,0.000,0.000,0.000,0.000
-75.500,1.534,403.909,320.000,0.000,0.000,0.000,0.000
-75.250,1.542,404.458,320.000,0.000,0.000,0.000,0.000
-75.000,1.550,405.009,320.000,0.000,0.000,0.000,0.000
-74.750,1.558,405.563,320.000,0.000,0.000,0.000,0.000
-74.500,1.566,406.120,320.000,0.000,0.000,0.000,0.000
-74.250,1.575,406.680,320.000,0.000,0.000,0.000,0.000
-74.000,1.583,407.243,320.000,0.000,0.000,0.000,0.000
-73.750,1.592,407.809,320.000,0.000,0.000,0.000,0.000
-73.500,1.600,408.378,320.000,0.000,0.000,0.000,0.000
-73.250,1.609,408.950,320.000,0.000,0.000,0.000,0.000
-73.000,1.617,409.525,320.000,0.000,0.000,0.000,0.000
-72.750,1.626,410.104,320.000,0.000,0.000,0.000,0.000
-72.500,1.635,410.685,320.000,0.000,0.000,0.000,0.000
-72.250,1.644,411.269,320.000,0.000,0.000,0.000,0.000
-72.000,1.653,411.856,320.000,0.000,0.000,0.000,0.000
-71.750,1.662,412.446,320.000,0.000,0.000,0.000,0.000
-71.500,1.671,413.040,320.000,0.000,0.000,0.000,0.000
-71.250,1.681,413.636,320.000,0.000,0.000,0.000,0.000
-71.000,1.690,414.236,320.000,0.000,0.000,0.000,0.000
-70.750,1.699,414.839,320.000,0.000,0.000,0.000,0.000
-70.500,1.709,415.445,320.000,0.000,0.000,0.000,0.000
-70.250,1.719,416.054,320.000,0.000,0.000,0.000,0.000
-70.000,1.728,416.666,320.000,0.000,0.000,0.000,0.000
-69.750,1.738,417.282,320.000,0.000,0.000,0.000,0.000
-69.500,1.748,417.900,320.000,0.000,0.000,0.000,0.000
-69.250,1.758,418.522,320.000,0.000,0.000,0.000,0.000
-69.000,1.768,419.148,320.000,0.000,0.000,0.000,0.000
-68.750,1.778,419.776,320.000,0.000,0.000,0.000,0.000
-68.500,1.789,420.408,320.000,0.000,0.000,0.000,0.000
-68.250,1.799,421.043,320.000,0.000,0.000,0.000,0.000
-68.000,1.809,421.681,320.000,0.000,0.000,0.000,0.000
-67.750,1.820,422.323,320.000,0.000,0.000,0.000,0.000
-67.500,1.831,422.968,320.000,0.000,0.000,0.000,0.000
-67.250,1.842,423.616,320.000,0.000,0.000,0.000,0.000
-67.000,1.852,424.268,320.000,0.000,0.000,0.000,0.000
-66.750,1.863,424.923,320.000,0.000,0.000,0.000,0.000
-66.500,1.875,425.581,320.000,0.000,0.000,0.000,0.000
-66.250,1.886,426.243,320.000,0.000,0.000,0.000,0.000
-66.000,1.897,426.908,320.000,0.000,0.000,0.000,0.000
-65.750,1.908,427.577,320.000,0.000,0.000,0.000,0.000
-65.500,1.920,428.249,320.000,0.000,0.000,0.000,0.000
-65.250,1.932,428.924,320.000,0.000,0.000,0.000,0.000
-65.000,1.943,429.603,320.000,0.000,0.000,0.000,0.000
-64.750,1.955,430.286,320.000,0.000,0.000,0.000,0.000
-64.500,1.967,430.972,320.000,0.000,0.000,0.000,0.000
-64.250,1.979,431.661,320.000,0.000,0.000,0.000,0.000
-64.000,1.992,432.354,320.000,0.000,0.000,0.000,0.000
-63.750,2.004,433.051,320.000,0.000,0.000,0.000,0.000
-63.500,2.016,433.751,320.000,0.000,0.000,0.000,0.000
-63.250,2.029,434.455,320.000,0.000,0.000,0.000,0.000
-63.000,2.042,435.162,320.000,0.000,0.000,0.000,0.000
-62.750,2.054,435.873,320.000,0.000,0.000,0.000,0.000
-62.500,2.067,436.588,320.000,0.000,0.000,0.000,0.000
-62.250,2.080,437.306,320.000,0.000,0.000,0.000,0.000
-62.000,2.094,438.028,320.000,0.000,0.000,0.000,0.000
-61.750,2.107,438.753,320.000,0.000,0.000,0.000,0.000
-61.500,2.120,439.482,320.000,0.000,0.000,0.000,0.000
-61.250,2.134,440.215,320.000,0.000,0.000,0.000,0.000
-61.000,2.148,440.952,320.000,0.000,0.000,0.000,0.000
-60.750,2.161,441.692,320.000,0.000,0.000,0.000,0.000
-60.500,2.175,442.436,320.000,0.000,0.000,0.000,0.000
-60.250,2.190,443.184,320.000,0.000,0.000,0.000,0.000
-60.000,2.204,443.935,320.000,0.000,0.000,0.000,0.000
-59.750,2.218,444.690,320.000,0.000,0.000,0.000,0.000
-59.500,2.233,445.449,320.000,0.000,0.000,0.000,0.000
-59.250,2.247,446.212,320.000,0.000,0.000,0.000,0.000
-59.000,2.262,446.978,320.000,0.000,0.000,0.000,0.000
-58.750,2.277,447.749,320.000,0.000,0.000,0.000,0.000
-58.500,2.292,448.523,320.000,0.000,0.000,0.000,0.000
-58.250,2.308,449.301,320.000,0.000,0.000,0.000,0.000
-58.000,2.323,450.083,320.000,0.000,0.000,0.000,0.000
-57.750,2.339,450.869,320.000,0.000,0.000,0.000,0.000
-57.500,2.354,451.658,320.000,0.000,0.000,0.000,0.000
-57.250,2.370,452.452,320.000,0.000,0.000,0.000,0.000
-57.000,2.386,453.249,320.000,0.000,0.000,0.000,0.000
-56.750,2.402,454.051,320.000,0.000,0.000,0.000,0.000
-56.500,2.419,454.856,320.000,0.000,0.000,0.000,0.000
-56.250,2.435,455.665,320.000,0.000,0.000,0.000,0.000
-56.000,2.452,456.478,320.000,0.000,0.000,0.000,0.000
-55.750,2.469,457.295,320.000,0.000,0.000,0.000,0.000
-55.500,2.486,458.116,320.000,0.000,0.000,0.000,0.000
-55.250,2.503,458.941,320.000,0.000,0.000,0.000,0.000
-55.000,2.520,459.770,320.000,0.000,0.000,0.000,0.000
-54.750,2.538,460.603,320.000,0.000,0.000,0.000,0.000
-54.500,2.556,461.440,320.000,0.000,0.000,0.000,0.000
-54.250,2.574,462.281,320.000,0.000,0.000,0.000,0.000
-54.000,2.592,463.126,320.000,0.000,0.000,0.000,0.000
-53.750,2.610,463.975,320.000,0.000,0.000,0.000,0.000
-53.500,2.628,464.828,320.000,0.000,0.000,0.000,0.000
-53.250,2.647,465.685,320.000,0.000,0.000,0.000,0.000
-53.000,2.666,466.547,320.000,0.000,0.000,0.000,0.000
-52.750,2.685,467.412,320.000,0.000,0.000,0.000,0.000
-52.500,2.704,468.281,320.000,0.000,0.000,0.000,0.000
-52.250,2.723,469.154,320.000,0.000,0.000,0.000,0.000
-52.000,2.743,470.032,320.000,0.000,0.000,0.000,0.000
-51.750,2.762,470.914,320.000,0.000,0.000,0.000,0.000
-51.500,2.782,471.799,320.000,0.000,0.000,0.000,0.000
-51.250,2.802,472.689,320.000,0.000,0.000,0.000,0.000
-51.000,2.823,473.583,320.000,0.000,0.000,0.000,0.000
-50.750,2.843,474.481,320.000,0.000,0.000,0.000,0.000
-50.500,2.864,475.383,320.000,0.000,0.000,0.000,0.000
-50.250,2.885,476.289,320.000,0.000,0.000,0.000,0.000
-50.000,2.906,477.199,320.000,0.000,0.000,0.000,0.000
-49.750,2.928,478.114,320.000,0.000,0.000,0.000,0.000
-49.500,2.949,479.033,320.000,0.000,0.000,0.000,0.000
-49.250,2.971,479.955,320.000,0.000,0.000,0.000,0.000
-49.000,2.993,480.882,320.000,0.000,0.000,0.000,0.000
-48.750,3.015,481.813,320.000,0.000,0.000,0.000,0.000
-48.500,3.038,482.748,320.000,0.000,0.000,0.000,0.000
-48.250,3.060,483.687,320.000,0.000,0.000,0.000,0.000
-48.000,3.083,484.631,320.000,0.000,0.000,0.000,0.000
-47.750,3.106,485.578,320.000,0.000,0.000,0.000,0.000
-47.500,3.130,486.530,320.000,0.000,0.000,0.000,0.000
-47.250,3.153,487.486,320.000,0.000,0.000,0.000,0.000
-47.000,3.177,488.446,320.000,0.000,0.000,0.000,0.000
-46.750,3.201,489.410,320.000,0.000,0.000,0.000,0.000
-46.500,3.225,490.378,320.000,0.000,0.000,0.000,0.000
-46.250,3.250,491.350,320.000,0.000,0.000,0.000,0.000
-46.000,3.275,492.327,320.000,0.000,0.000,0.000,0.000
-45.750,3.300,493.307,320.000,0.000,0.000,0.000,0.000
-45.500,3.325,494.292,320.000,0.000,0.000,0.000,0.000
-45.250,3.350,495.280,320.000,0.000,0.000,0.000,0.000
-45.000,3.376,496.273,320.000,0.000,0.000,0.000,0.000
-44.750,3.402,497.270,320.000,0.000,0.000,0.000,0.000
-44.500,3.428,498.271,320.000,0.000,0.000,0.000,0.000
-44.250,3.455,499.276,320.000,0.000,0.000,0.000,0.000
-44.000,3.482,500.285,320.000,0.000,0.000,0.000,0.000
-43.750,3.509,501.298,320.000,0.000,0.000,0.000,0.000
-43.500,3.536,502.315,320.000,0.000,0.000,0.000,0.000
-43.250,3.564,503.336,320.000,0.000,0.000,0.000,0.000
-43.000,3.591,504.361,320.000,0.000,0.000,0.000,0.000
-42.750,3.619,505.390,320.000,0.000,0.000,0.000,0.000
-42.500,3.648,506.423,320.000,0.000,0.000,0.000,0.000
-42.250,3.676,507.460,320.000,0.000,0.000,0.000,0.000
-42.000,3.705,508.501,320.000,0.000,0.000,0.000,0.000
-41.750,3.734,509.546,320.000,0.000,0.000,0.000,0.000
-41.500,3.764,510.594,320.000,0.000,0.000,0.000,0.000
-41.250,3.794,511.647,320.000,0.000,0.000,0.000,0.000
-41.000,3.824,512.703,320.000,0.000,0.000,0.000,0.000
-40.750,3.854,513.763,320.000,0.000,0.000,0.000,0.000
-40.500,3.885,514.827,320.000,0.000,0.000,0.000,0.000
-40.250,3.915,515.895,320.000,0.000,0.000,0.000,0.000
-40.000,3.947,516.966,320.000,0.000,0.000,0.000,0.000
-39.750,3.978,518.041,320.000,0.000,0.000,0.000,0.000
-39.500,4.010,519.120,320.000,0.000,0.000,0.000,0.000
-39.250,4.042,520.202,320.000,0.000,0.000,0.000,0.000
-39.000,4.074,521.288,320.000,0.000,0.000,0.000,0.000
-38.750,4.107,522.378,320.000,0.000,0.000,0.000,0.000
-38.500,4.140,523.471,320.000,0.000,0.000,0.000,0.000
-38.250,4.173,524.568,320.000,0.000,0.000,0.000,0.000
-38.000,4.206,525.668,320.000,0.000,0.000,0.000,0.000
-37.750,4.240,526.772,320.000,0.000,0.000,0.000,0.000
-37.500,4.274,527.878,320.000,0.000,0.000,0.000,0.000
-37.250,4.309,528.989,320.000,0.000,0.000,0.000,0.000
-37.000,4.343,530.102,320.000,0.000,0.000,0.000,0.000
-36.750,4.378,531.219,320.000,0.000,0.000,0.000,0.000
-36.500,4.414,532.339,320.000,0.000,0.000,0.000,0.000
-36.250,4.449,533.462,320.000,0.000,0.000,0.000,0.000
-36.000,4.485,534.589,320.000,0.000,0.000,0.000,0.000
-35.750,4.522,535.718,320.000,0.000,0.000,0.000,0.000
-35.500,4.558,536.850,320.000,0.000,0.000,0.000,0.000
-35.250,4.595,537.986,320.000,0.000,0.000,0.000,0.000
-35.000,4.632,539.124,320.000,0.000,0.000,0.000,0.000
-34.750,4.670,540.265,320.000,0.000,0.000,0.000,0.000
-34.500,4.708,541.409,320.000,0.000,0.000,0.000,0.000
-34.250,4.746,542.555,320.000,0.000,0.000,0.000,0.000
-34.000,4.784,543.705,320.000,0.000,0.000,0.000,0.000
-33.750,4.823,544.856,320.000,0.000,0.000,0.000,0.000
-33.500,4.862,546.011,320.000,0.000,0.000,0.000,0.000
-33.250,4.902,547.167,320.000,0.000,0.000,0.000,0.000
-33.000,4.941,548.326,320.000,0.000,0.000,0.000,0.000
-32.750,4.981,549.488,320.000,0.000,0.000,0.000,0.000
-32.500,5.022,550.651,320.000,0.000,0.000,0.000,0.000
-32.250,5.062,551.817,320.000,0.000,0.000,0.000,0.000
-32.000,5.103,552.984,320.000,0.000,0.000,0.000,0.000
-31.750,5.144,554.154,320.000,0.000,0.000,0.000,0.000
-31.500,5.186,555.326,320.000,0.000,0.000,0.000,0.000
-31.250,5.228,556.499,320.000,0.000,0.000,0.000,0.000
-31.000,5.270,557.674,320.000,0.000,0.000,0.000,0.000
-30.750,5.313,558.851,320.000,0.000,0.000,0.000,0.000
-30.500,5.355,560.029,320.000,0.000,0.000,0.000,0.000
-30.250,5.399,561.208,320.000,0.000,0.000,0.000,0.000
-30.000,5.442,562.389,320.000,0.000,0.000,0.000,0.000
-29.750,5.486,563.571,320.000,0.000,0.000,0.000,0.000
-29.500,5.530,564.755,320.000,0.000,0.000,0.000,0.000
-29.250,5.574,565.939,320.000,0.000,0.000,0.000,0.000
-29.000,5.618,567.124,320.000,0.000,0.000,0.000,0.000
-28.750,5.663,568.310,320.000,0.000,0.000,0.000,0.000
-28.500,5.709,569.496,320.000,0.000,0.000,0.000,0.000
-28.250,5.754,570.683,320.000,0.000,0.000,0.000,0.000
-28.000,5.800,571.871,320.000,0.000,0.000,0.000,0.000
-27.750,5.846,573.059,320.000,0.000,0.000,0.000,0.000
-27.500,5.892,574.247,320.000,0.000,0.000,0.000,0.000
-27.250,5.938,575.435,320.000,0.000,0.000,0.000,0.000
-27.000,5.985,576.623,320.000,0.000,0.000,0.000,0.000
-26.750,6.032,577.810,320.000,0.000,0.000,0.000,0.000
-26.500,6.080,578.998,320.000,0.000,0.000,0.000,0.000
-26.250,6.127,580.184,320.000,0.000,0.000,0.000,0.000
-26.000,6.175,581.371,320.000,0.000,0.000,0.000,0.000
-25.750,6.223,582.556,320.000,0.000,0.000,0.000,0.000
-25.500,6.271,583.740,320.000,0.000,0.000,0.000,0.000
-25.250,6.320,584.924,320.000,0.000,0.000,0.000,0.000
-25.000,6.368,586.106,320.000,0.000,0.000,0.000,0.000
-24.750,6.417,587.287,320.000,0.000,0.000,0.000,0.000
-24.500,6.466,588.466,320.000,0.000,0.000,0.000,0.000
-24.250,6.516,589.643,320.000,0.000,0.000,0.000,0.000
-24.000,6.565,590.819,320.000,0.000,0.000,0.000,0.000
-23.750,6.615,591.992,320.000,0.000,0.000,0.000,0.000
-23.500,6.665,593.164,320.000,0.000,0.000,0.000,0.000
-23.250,6.715,594.333,320.000,0.000,0.000,0.000,0.000
-23.000,6.765,595.499,320.000,0.000,0.000,0.000,0.000
-22.750,6.815,596.662,320.000,0.000,0.000,0.000,0.000
-22.500,6.866,597.823,320.000,0.000,0.000,0.000,0.000
-22.250,6.916,598.981,320.000,0.000,0.000,0.000,0.000
-22.000,6.967,600.135,320.000,0.000,0.000,0.000,0.000
-21.750,7.018,601.285,320.000,0.000,0.000,0.000,0.000
-21.500,7.069,602.432,320.000,0.000,0.000,0.000,0.000
-21.250,7.120,603.575,320.000,0.000,0.000,0.000,0.000
-21.000,7.171,604.714,320.000,0.000,0.000,0.000,0.000
-20.750,7.222,605.849,320.000,0.000,0.000,0.000,0.000
-20.500,7.273,606.979,320.000,0.000,0.000,0.000,0.000
-20.250,7.325,608.105,320.000,0.000,0.000,0.000,0.000
-20.000,7.376,609.225,320.000,0.000,0.000,0.000,0.000
-19.750,7.427,610.340,320.000,0.000,0.000,0.000,0.000
-19.500,7.478,611.451,320.000,0.000,0.000,0.000,0.000
-19.250,7.530,612.555,320.000,0.000,0.000,0.000,0.000
-19.000,7.581,613.654,320.000,0.000,0.000,0.000,0.000
-18.750,7.632,614.746,320.000,0.000,0.000,0.000,0.000
-18.500,7.684,615.833,320.000,0.000,0.000,0.000,0.000
-18.250,7.735,616.913,320.000,0.000,0.000,0.000,0.000
-18.000,7.786,617.986,320.000,0.000,0.000,0.000,0.000
-17.750,7.837,619.052,320.000,0.000,0.000,0.000,0.000
-17.500,7.887,620.112,320.000,0.000,0.000,0.000,0.000
-17.250,7.938,621.163,320.000,0.000,0.000,0.000,0.000
-17.000,7.989,622.208,320.000,0.000,0.000,0.000,0.000
-16.750,8.039,623.244,320.000,0.000,0.000,0.000,0.000
-16.500,8.089,378.561,3000.000,0.000,0.000,0.000,0.000
-16.250,8.140,379.172,3000.000,0.000,0.003,0.000,0.000
-16.000,8.191,379.778,2939.745,0.000,0.012,0.000,0.000
-15.750,8.242,380.383,2614.975,0.000,0.026,0.000,0.000
-15.500,8.293,380.988,2332.773,0.000,0.048,0.000,0.000
-15.250,8.344,381.596,2106.067,0.000,0.075,0.000,0.000
-15.000,8.394,382.211,1923.898,0.000,0.109,0.000,0.000
-14.750,8.446,382.834,1775.509,0.000,0.149,0.000,0.000
-14.500,8.497,383.469,1652.762,0.000,0.195,0.000,0.000
-14.250,8.548,384.118,1549.749,0.000,0.247,0.000,0.000
-14.000,8.600,384.785,1462.173,0.000,0.306,0.000,0.000
-13.750,8.652,385.473,1386.870,0.000,0.371,0.000,0.000
-13.500,8.705,386.183,1321.471,0.000,0.442,0.000,0.000
-13.250,8.758,386.920,1264.171,0.000,0.519,0.000,0.000
-13.000,8.812,387.685,1213.579,0.000,0.602,0.000,0.000
-12.750,8.866,388.482,1168.599,0.001,0.692,0.000,0.000
-12.500,8.921,389.314,1128.366,0.001,0.788,0.000,0.000
-12.250,8.976,390.184,1092.180,0.001,0.890,0.000,0.000
-12.000,9.033,391.094,1059.474,0.001,0.998,0.000,0.000
-11.750,9.090,392.047,1029.784,0.001,1.113,0.000,0.000
-11.500,9.148,393.046,1002.725,0.001,1.233,0.000,0.000
-11.250,9.207,394.094,977.974,0.001,1.360,0.000,0.000
-11.000,9.267,395.194,955.261,0.002,1.493,0.000,0.000
-10.750,9.328,396.349,934.358,0.002,1.632,0.000,0.000
-10.500,9.390,397.562,915.068,0.002,1.777,0.000,0.000
-10.250,9.454,398.835,897.225,0.002,1.929,0.000,0.000
-10.000,9.519,400.172,880.685,0.003,2.086,0.000,0.000
-9.750,9.585,401.575,865.321,0.003,2.249,0.000,0.000
-9.500,9.652,403.046,851.026,0.003,2.419,0.000,0.000
-9.250,9.721,404.590,837.704,0.004,2.594,0.000,0.000
-9.000,9.791,406.209,825.272,0.004,2.776,0.000,0.000
-8.750,9.864,407.905,813.656,0.005,2.963,0.000,0.000
-8.500,9.937,409.682,802.791,0.005,3.157,0.000,0.000
-8.250,10.013,411.542,792.620,0.006,3.356,0.000,0.000
-8.000,10.090,413.488,783.090,0.006,3.562,0.000,0.000
-7.750,10.169,415.524,774.157,0.007,3.773,0.000,0.000
-7.500,10.249,417.650,765.779,0.007,3.990,0.000,0.000
-7.250,10.332,419.872,757.919,0.008,4.213,0.000,0.000
-7.000,10.417,422.191,750.544,0.009,4.441,0.000,0.000
-6.750,10.503,424.609,743.625,0.009,4.675,0.000,0.000
-6.500,10.592,427.131,737.134,0.010,4.915,0.000,0.000
-6.250,10.683,429.758,731.047,0.011,5.161,0.000,0.000
-6.000,10.776,432.494,725.342,0.012,5.412,0.000,0.000
-5.750,10.872,435.340,719.999,0.012,5.669,0.000,0.000
-5.500,10.969,438.300,715.000,0.013,5.931,0.000,0.000
-5.250,11.070,441.377,710.327,0.014,6.199,0.000,0.000
-5.000,11.172,444.573,705.965,0.015,6.472,0.000,0.000
-4.750,11.277,447.891,701.902,0.016,6.750,0.000,0.000
-4.500,11.384,451.333,698.123,0.017,7.034,0.000,0.000
-4.250,11.494,454.902,694.618,0.018,7.323,0.000,0.000
-4.000,11.606,458.600,691.375,0.019,7.617,0.000,0.000
-3.750,11.721,462.432,688.385,0.021,7.916,0.000,0.000
-3.500,11.838,466.397,685.639,0.022,8.220,0.000,0.000
-3.250,11.959,470.501,683.128,0.023,8.529,0.000,0.000
-3.000,12.081,474.744,680.844,0.024,8.843,0.000,0.000
-2.750,12.207,479.130,678.782,0.026,9.162,0.000,0.000
-2.500,12.335,483.661,676.934,0.027,9.485,0.000,0.000
-2.250,12.466,488.339,675.294,0.028,9.813,0.000,0.000
-2.000,12.599,493.167,673.856,0.030,10.146,0.000,0.000
-1.750,12.736,498.147,672.616,0.031,10.483,0.000,0.000
-1.500,12.875,503.282,671.569,0.033,10.825,0.000,0.000
-1.250,13.016,508.575,670.711,0.035,11.170,0.000,0.000
-1.000,13.161,514.027,670.036,0.036,11.520,0.000,0.000
-0.750,13.308,519.640,669.542,0.038,11.874,0.000,0.000
-0.500,13.459,525.418,669.225,0.040,12.232,0.000,0.000
-0.250,13.611,531.362,669.082,0.042,12.594,0.000,0.000
0.000,13.767,537.475,669.109,0.044,12.960,0.000,0.000
0.250,13.925,543.759,669.305,0.046,13.329,0.000,0.000
0.500,14.086,550.216,669.666,0.048,13.702,0.000,0.000
0.750,14.250,556.849,670.190,0.050,14.079,0.000,0.000
1.000,14.417,563.659,670.874,0.052,14.458,0.000,0.000
1.250,14.586,570.648,671.717,0.054,14.841,0.000,0.000
1.500,14.758,577.820,672.717,0.056,15.227,0.000,0.000
1.750,14.932,585.175,673.871,0.059,15.616,0.000,0.000
2.000,15.109,592.716,675.179,0.061,16.008,0.000,0.000
2.250,15.288,600.444,676.638,0.063,16.403,0.000,0.000
2.500,15.470,608.363,678.248,0.066,16.800,0.000,0.000
2.750,15.655,616.473,680.006,0.068,17.200,0.000,0.000
3.000,15.841,624.777,681.911,0.071,17.601,0.000,0.000
3.250,16.031,633.277,683.962,0.074,18.005,0.000,0.000
3.500,16.222,641.973,686.159,0.076,18.412,0.000,0.000
3.750,16.416,650.870,688.499,0.079,18.820,0.000,0.000
4.000,16.612,659.967,690.983,0.082,19.229,0.000,0.000
4.250,16.810,669.267,693.608,0.085,19.641,0.000,0.000
4.500,17.010,678.772,696.375,0.088,20.053,0.000,0.000
4.750,17.212,688.482,699.281,0.091,20.467,0.000,0.000
5.000,17.416,698.401,702.328,0.094,20.882,0.000,0.000
5.250,17.621,708.529,705.512,0.097,21.299,0.000,0.000
5.500,17.829,718.869,708.835,0.100,21.715,0.000,0.000
5.750,18.038,728.657,718.869,0.103,22.133,0.000,0.000
6.000,18.249,738.651,728.657,0.107,22.551,0.000,0.000
6.250,18.462,748.798,738.651,0.110,22.970,0.000,0.000
6.500,18.676,759.104,748.798,0.113,23.388,0.000,0.000
6.750,18.891,769.567,759.104,0.117,23.807,0.000,0.000
7.000,19.107,780.186,769.567,0.120,24.225,0.000,0.000
7.250,19.325,790.959,780.186,0.124,24.643,0.000,0.000
7.500,19.544,801.886,790.959,0.128,25.060,0.000,0.000
7.750,19.764,812.965,801.886,0.132,25.477,0.000,0.000
8.000,19.985,824.195,812.965,0.135,25.893,0.000,0.000
8.250,20.207,835.574,824.195,0.139,26.308,0.000,0.000
8.500,20.429,847.100,835.574,0.143,26.721,0.000,0.000
8.750,20.652,858.772,847.100,0.147,27.133,0.000,0.000
9.000,20.876,870.589,858.772,0.151,27.544,0.000,0.000
9.250,21.100,882.548,870.589,0.155,27.953,0.000,0.000
9.500,21.324,894.647,882.548,0.159,28.360,0.000,0.000
9.750,21.549,906.884,894.647,0.164,28.764,0.000,0.000
10.000,21.773,919.258,906.884,0.168,29.166,0.000,0.000
10.250,21.998,931.766,919.258,0.172,29.566,0.000,0.000
10.500,22.223,944.406,931.766,0.177,29.963,0.000,0.000
10.750,22.447,957.175,944.406,0.181,30.358,0.000,0.000
11.000,22.671,970.071,957.175,0.186,30.749,0.000,0.000
11.250,22.895,983.092,970.071,0.190,31.137,0.000,0.000
11.500,23.119,996.235,983.092,0.195,31.521,0.000,0.000
11.750,23.341,1009.497,996.235,0.199,31.902,0.000,0.000
12.000,23.564,1022.876,1009.497,0.204,32.279,0.000,0.000
12.250,23.785,1036.369,1022.876,0.209,32.652,0.000,0.000
12.500,24.005,1049.973,1036.369,0.214,33.021,0.000,0.000
12.750,24.225,1063.685,1049.973,0.219,33.386,0.000,0.000
13.000,24.443,1077.503,1063.685,0.224,33.746,0.000,0.000
13.250,24.660,1091.423,1077.503,0.229,34.101,0.000,0.000
13.500,24.876,1105.441,1091.423,0.234,34.451,0.000,0.000
13.750,25.090,1119.556,1105.441,0.239,34.797,0.000,0.000
14.000,25.303,1133.764,1119.556,0.244,35.137,0.000,0.000
14.250,25.515,1148.061,1133.764,0.249,35.472,0.000,0.000
14.500,25.724,1162.444,1148.061,0.255,35.801,0.000,0.000
14.750,25.932,1176.910,1162.444,0.260,36.124,0.000,0.000
15.000,26.138,1191.455,1176.910,0.265,36.442,0.000,0.000
15.250,26.343,1206.076,1191.455,0.271,36.753,0.000,0.000
15.500,26.545,1220.770,1206.076,0.276,37.058,0.000,0.000
15.750,26.745,1235.532,1220.770,0.282,37.357,0.000,0.000
16.000,26.942,1250.360,1235.532,0.287,37.649,0.000,0.000
16.250,27.138,1265.249,1250.360,0.293,37.935,0.000,0.000
16.500,27.331,1280.196,1265.249,0.298,38.213,0.000,0.000
16.750,27.522,1295.197,1280.196,0.304,38.485,0.000,0.000
17.000,27.710,1310.248,1295.197,0.310,38.749,0.000,0.000
17.250,27.895,1325.346,1310.248,0.315,39.006,0.000,0.000
17.500,28.078,1340.486,1325.346,0.321,39.256,0.000,0.000
17.750,28.258,1355.666,1340.486,0.327,39.498,0.000,0.000
18.000,28.435,1370.880,1355.666,0.333,39.732,0.000,0.000
18.250,28.610,1386.126,1370.880,0.339,39.959,0.000,0.000
18.500,28.781,1401.399,1386.126,0.344,40.177,0.000,0.000
18.750,28.949,1416.695,1401.399,0.350,40.387,0.000,0.000
19.000,29.115,1432.010,1416.695,0.356,40.590,0.000,0.000
19.250,29.277,1447.341,1432.010,0.362,40.783,0.000,0.000
19.500,29.436,1462.684,1447.341,0.368,40.969,0.000,0.000
19.750,29.592,1478.033,1462.684,0.374,41.145,0.000,0.000
20.000,29.744,1493.387,1478.033,0.380,41.314,0.000,0.000
20.250,29.893,1508.739,1493.387,0.387,41.473,0.000,0.000
20.500,30.039,1524.087,1508.739,0.393,41.623,0.000,0.000
20.750,30.181,1539.427,1524.087,0.399,41.765,0.000,0.001
21.000,30.320,1554.754,1539.427,0.405,41.898,0.000,0.001
21.250,30.455,1570.065,1554.754,0.411,42.021,0.000,0.001
21.500,30.586,1585.355,1570.065,0.417,42.135,0.000,0.001
21.750,30.715,1600.621,1585.355,0.424,42.240,0.000,0.001
22.000,30.839,1615.859,1600.621,0.430,42.336,0.000,0.001
22.250,30.960,1631.064,1615.859,0.436,42.423,0.000,0.001
22.500,31.077,1646.234,1631.064,0.442,42.500,0.000,0.001
22.750,31.190,1661.363,1646.234,0.448,42.568,0.000,0.001
23.000,31.300,1676.448,1661.363,0.455,42.626,0.000,0.001
23.250,31.406,1691.486,1676.448,0.461,42.674,0.000,0.002
23.500,31.508,1706.472,1691.486,0.467,42.713,0.000,0.002
23.750,31.606,1721.403,1706.472,0.474,42.743,0.000,0.002
24.000,31.701,1736.275,1721.403,0.480,42.763,0.000,0.002
24.250,31.791,1751.084,1736.275,0.486,42.773,0.000,0.002
24.500,31.878,1765.826,1751.084,0.492,42.774,0.000,0.002
24.750,31.961,1780.499,1765.826,0.499,42.765,0.000,0.003
25.000,32.040,1795.097,1780.499,0.505,42.747,0.000,0.003
25.250,32.115,1809.619,1795.097,0.511,42.719,0.000,0.003
25.500,32.187,1824.059,1809.619,0.517,42.681,0.000,0.003
25.750,32.254,1838.416,1824.059,0.524,42.634,0.000,0.004
26.000,32.318,1852.685,1838.416,0.530,42.577,0.000,0.004
26.250,32.378,1866.863,1852.685,0.536,42.511,0.000,0.004
26.500,32.434,1880.946,1866.863,0.542,42.436,0.000,0.005
26.750,32.486,1894.932,1880.946,0.549,42.351,0.000,0.005
27.000,32.535,1908.817,1894.932,0.555,42.256,0.000,0.006
27.250,32.579,1922.598,1908.817,0.561,42.153,0.000,0.006
27.500,32.620,1936.272,1922.598,0.567,42.040,0.000,0.006
27.750,32.657,1949.835,1936.272,0.573,41.918,0.000,0.007
28.000,32.691,1963.286,1949.835,0.580,41.787,0.000,0.007
28.250,32.720,1976.621,1963.286,0.586,41.647,0.000,0.008
28.500,32.746,1989.837,1976.621,0.592,41.498,0.001,0.008
28.750,32.768,2002.931,1989.837,0.598,41.340,0.001,0.009
29.000,32.786,2015.900,2002.931,0.604,41.173,0.001,0.009
29.250,32.801,2028.743,2015.900,0.610,40.998,0.001,0.010
29.500,32.812,2041.456,2028.743,0.616,40.814,0.002,0.011
29.750,32.820,2054.038,2041.456,0.622,40.622,0.002,0.011
30.000,32.824,2066.484,2054.038,0.628,40.422,0.003,0.012
30.250,32.824,2078.794,2066.484,0.634,40.213,0.003,0.013
30.500,32.821,2090.964,2078.794,0.640,39.996,0.004,0.013
30.750,32.815,2102.993,2090.964,0.645,39.772,0.005,0.014
31.000,32.805,2114.879,2102.993,0.651,39.539,0.006,0.015
31.250,32.791,2126.618,2114.879,0.657,39.299,0.007,0.016
31.500,32.775,2138.210,2126.618,0.663,39.052,0.009,0.016
31.750,32.755,2149.653,2138.210,0.668,38.797,0.011,0.017
32.000,32.731,2160.944,2149.653,0.674,38.534,0.013,0.018
32.250,32.705,2172.082,2160.944,0.680,38.265,0.016,0.019
32.500,32.675,2183.065,2172.082,0.685,37.989,0.019,0.020
32.750,32.642,2193.892,2183.065,0.691,37.706,0.023,0.021
33.000,32.606,2204.561,2193.892,0.696,37.417,0.028,0.022
33.250,32.567,2215.070,2204.561,0.702,37.121,0.033,0.023
33.500,32.524,2225.418,2215.070,0.707,36.819,0.039,0.024
33.750,32.479,2235.605,2225.418,0.712,36.511,0.047,0.025
34.000,32.431,2245.628,2235.605,0.718,36.197,0.055,0.026
34.250,32.380,2255.486,2245.628,0.723,35.877,0.064,0.027
34.500,32.326,2265.181,2255.486,0.728,35.552,0.075,0.028
34.750,32.269,2274.705,2265.181,0.733,35.221,0.088,0.029
35.000,32.210,2284.072,2274.705,0.739,34.886,0.102,0.030
35.250,32.148,2293.240,2284.072,0.744,34.545,0.118,0.031
35.500,32.083,2302.332,2293.240,0.749,34.200,0.136,0.033
35.750,32.015,2310.971,2302.332,0.754,33.850,0.157,0.034
36.000,31.945,2320.328,2310.971,0.759,33.496,0.179,0.035
36.250,31.873,2326.658,2320.328,0.763,33.137,0.205,0.036
36.500,31.798,2342.251,2326.658,0.768,32.775,0.234,0.037
36.750,31.721,2325.658,2342.251,0.773,32.409,0.268,0.039
37.000,31.641,2361.919,2342.267,0.778,32.039,0.302,0.040
37.250,31.559,2327.729,2361.919,0.782,31.666,0.346,0.041
37.500,31.474,2363.998,2361.828,0.787,31.289,0.390,0.042
37.750,31.388,2392.363,2363.998,0.792,30.910,0.436,0.044
38.000,31.299,2317.936,2392.363,0.796,30.528,0.499,0.045
38.250,31.209,2354.145,2392.049,0.800,30.144,0.563,0.046
38.500,31.116,2390.276,2391.936,0.805,29.757,0.627,0.047
38.750,31.021,2426.314,2392.018,0.809,29.368,0.691,0.049
39.000,30.924,2312.668,2426.314,0.813,28.977,0.787,0.050
39.250,30.826,2348.618,2425.815,0.818,28.584,0.882,0.051
39.500,30.725,2384.435,2425.506,0.822,28.189,0.978,0.052
39.750,30.623,2420.100,2425.381,0.826,27.794,1.073,0.053
40.000,30.519,2455.600,2425.430,0.830,27.397,1.169,0.055
40.250,30.413,2339.382,2455.600,0.834,26.999,1.304,0.056
40.500,30.306,2374.651,2455.127,0.838,26.600,1.438,0.057
40.750,30.197,2409.702,2454.826,0.842,26.201,1.573,0.058
41.000,30.086,2444.516,2454.687,0.845,25.801,1.707,0.059
41.250,29.974,2479.073,2454.704,0.849,25.401,1.842,0.061
41.500,29.861,2372.015,2479.073,0.853,25.002,2.019,0.062
41.750,29.746,2406.154,2478.678,0.856,24.602,2.195,0.063
42.000,29.630,2439.976,2478.433,0.860,24.202,2.371,0.064
42.250,29.513,2473.455,2478.329,0.863,23.804,2.548,0.065
42.500,29.394,2500.000,2478.360,0.867,23.405,2.725,0.067
42.750,29.274,2394.055,2500.000,0.870,23.008,2.948,0.068
43.000,29.153,2426.542,2499.643,0.873,22.612,3.171,0.069
43.250,29.031,2458.587,2499.415,0.877,22.217,3.394,0.070
43.500,28.908,2490.163,2499.309,0.880,21.823,3.617,0.071
43.750,28.783,2500.000,2499.316,0.883,21.431,3.840,0.073
44.000,28.658,2500.000,2500.000,0.886,21.040,4.065,0.074
44.250,28.532,2500.000,2500.037,0.889,20.652,4.291,0.075
44.500,28.405,2500.000,2500.072,0.892,20.265,4.517,0.076
44.750,28.277,2500.000,2500.106,0.895,19.880,4.743,0.077
45.000,28.149,2500.000,2500.138,0.898,19.498,4.970,0.079
45.250,28.019,2500.000,2500.168,0.901,19.118,5.196,0.080
45.500,27.889,2500.000,2500.197,0.904,18.741,5.423,0.081
45.750,27.758,2500.000,2500.225,0.906,18.366,5.650,0.082
46.000,27.627,2500.000,2500.251,0.909,17.994,5.878,0.083
46.250,27.495,2500.000,2500.276,0.911,17.625,6.105,0.084
46.500,27.363,2500.000,2500.299,0.914,17.260,6.333,0.085
46.750,27.230,2500.000,2500.322,0.916,16.897,6.561,0.086
47.000,27.097,2500.000,2500.343,0.919,16.537,6.789,0.087
47.250,26.963,2500.000,2500.363,0.921,16.181,7.017,0.088
47.500,26.829,2500.000,2500.383,0.924,15.829,7.245,0.089
47.750,26.694,2500.000,2500.401,0.926,15.480,7.473,0.090
48.000,26.560,2500.000,2500.418,0.928,15.135,7.701,0.091
48.250,26.425,2500.000,2500.434,0.930,14.793,7.929,0.092
48.500,26.289,2500.000,2500.450,0.932,14.455,8.157,0.093
48.750,26.154,2500.000,2500.464,0.934,14.122,8.385,0.094
49.000,26.018,2500.000,2500.478,0.937,13.792,8.613,0.095
49.250,25.883,2500.000,2500.491,0.938,13.466,8.841,0.096
49.500,25.747,2500.000,2500.504,0.940,13.145,9.068,0.096
49.750,25.611,2500.000,2500.515,0.942,12.827,9.296,0.097
50.000,25.475,2500.000,2500.526,0.944,12.514,9.524,0.098
50.250,25.339,2500.000,2500.537,0.946,12.206,9.751,0.099
50.500,25.203,2500.000,2500.547,0.948,11.901,9.978,0.100
50.750,25.068,2500.000,2500.556,0.949,11.601,10.205,0.100
51.000,24.932,2500.000,2500.565,0.951,11.306,10.432,0.101
51.250,24.796,2500.000,2500.573,0.953,11.015,10.658,0.102
51.500,24.661,2500.000,2500.581,0.954,10.728,10.885,0.103
51.750,24.525,2500.000,2500.588,0.956,10.447,11.111,0.103
52.000,24.390,2500.000,2500.595,0.957,10.169,11.337,0.104
52.250,24.255,2500.000,2500.601,0.959,9.897,11.562,0.105
52.500,24.121,2500.000,2500.607,0.960,9.629,11.787,0.105
52.750,23.987,2500.000,2500.613,0.962,9.365,12.012,0.106
53.000,23.852,2500.000,2500.618,0.963,9.107,12.237,0.107
53.250,23.719,2500.000,2500.623,0.964,8.852,12.462,0.107
53.500,23.585,2500.000,2500.627,0.965,8.603,12.686,0.108
53.750,23.452,2500.000,2500.632,0.967,8.358,12.909,0.109
54.000,23.320,2500.000,2500.636,0.968,8.118,13.133,0.109
54.250,23.187,2500.000,2500.640,0.969,7.883,13.356,0.110
54.500,23.056,2500.000,2500.643,0.970,7.652,13.578,0.110
54.750,22.924,2500.000,2500.646,0.971,7.426,13.801,0.111
55.000,22.793,2500.000,2500.649,0.972,7.205,14.022,0.112
55.250,22.663,2500.000,2500.652,0.973,6.988,14.244,0.112
55.500,22.533,2500.000,2500.655,0.974,6.775,14.465,0.113
55.750,22.403,2500.000,2500.657,0.975,6.568,14.686,0.113
56.000,22.274,2500.000,2500.660,0.976,6.365,14.906,0.114
56.250,22.146,2500.000,2500.662,0.977,6.166,15.126,0.114
56.500,22.018,2500.000,2500.664,0.978,5.972,15.345,0.115
56.750,21.891,2500.000,2500.666,0.979,5.782,15.564,0.115
57.000,21.764,2500.000,2500.667,0.980,5.596,15.782,0.116
57.250,21.638,2500.000,2500.669,0.980,5.415,16.001,0.116
57.500,21.513,2500.000,2500.670,0.981,5.239,16.218,0.117
57.750,21.388,2500.000,2500.672,0.982,5.066,16.435,0.117
58.000,21.264,2500.000,2500.673,0.983,4.898,16.652,0.118
58.250,21.140,2500.000,2500.674,0.983,4.734,16.868,0.118
58.500,21.017,2500.000,2500.675,0.984,4.574,17.084,0.118
58.750,20.895,2500.000,2500.676,0.985,4.418,17.299,0.119
59.000,20.773,2500.000,2500.677,0.985,4.267,17.514,0.119
59.250,20.652,2500.000,2500.677,0.986,4.119,17.728,0.120
59.500,20.532,2362.453,2500.678,0.986,3.975,17.942,0.120
59.750,20.413,2174.918,2500.600,0.987,3.835,18.155,0.120
60.000,20.294,1978.132,2500.422,0.988,3.699,18.367,0.120
60.250,20.177,1771.919,2500.146,0.988,3.567,18.578,0.120
60.500,20.060,1556.165,2499.775,0.989,3.438,18.787,0.120
60.750,19.944,1330.848,2499.312,0.989,3.313,18.996,0.120
61.000,19.830,1096.100,2498.759,0.990,3.191,19.202,0.120
61.250,19.716,852.310,2498.121,0.990,3.073,19.407,0.120
61.500,19.604,600.345,2497.399,0.990,2.959,19.609,0.120
61.750,19.493,342.124,2496.599,0.991,2.848,19.809,0.120
62.000,19.383,286.241,2495.725,0.991,2.740,20.007,0.120
62.250,19.275,299.264,2494.863,0.992,2.636,20.203,0.120
62.500,19.167,312.965,2494.040,0.992,2.534,20.396,0.120
62.750,19.059,327.384,2493.254,0.992,2.436,20.588,0.120
63.000,18.953,342.562,2492.505,0.993,2.341,20.777,0.120
63.250,18.847,358.543,2491.790,0.993,2.249,20.965,0.120
63.500,18.872,2500.000,2477.160,1.000,47.193,21.126,0.120
63.750,18.758,2500.000,2477.160,1.000,0.000,21.287,0.120
64.000,18.644,2500.000,2477.160,1.000,0.000,21.447,0.120
64.250,18.532,2500.000,2477.160,1.000,0.000,21.607,0.120
64.500,18.421,2500.000,2477.160,1.000,0.000,21.766,0.120
64.750,18.310,2500.000,2477.160,1.000,0.000,21.925,0.120
65.000,18.201,2500.000,2477.160,1.000,0.000,22.083,0.120
65.250,18.093,2500.000,2477.160,1.000,0.000,22.241,0.120
65.500,17.985,2500.000,2477.160,1.000,0.000,22.399,0.120
65.750,17.879,2500.000,2477.160,1.000,0.000,22.556,0.120
66.000,17.774,2500.000,2477.160,1.000,0.000,22.712,0.120
66.250,17.670,2500.000,2477.160,1.000,0.000,22.869,0.120
66.500,17.567,2500.000,2477.160,1.000,0.000,23.024,0.120
66.750,17.464,2500.000,2477.160,1.000,0.000,23.179,0.120
67.000,17.363,2500.000,2477.160,1.000,0.000,23.334,0.120
67.250,17.262,2500.000,2477.160,1.000,0.000,23.488,0.120
67.500,17.163,2500.000,2477.160,1.000,0.000,23.642,0.120
67.750,17.064,2500.000,2477.160,1.000,0.000,23.796,0.120
68.000,16.967,2500.000,2477.160,1.000,0.000,23.948,0.120
68.250,16.870,2500.000,2477.160,1.000,0.000,24.101,0.120
68.500,16.774,2500.000,2477.160,1.000,0.000,24.253,0.120
68.750,16.679,2500.000,2477.160,1.000,0.000,24.405,0.120
69.000,16.585,2500.000,2477.160,1.000,0.000,24.556,0.120
69.250,16.492,2500.000,2477.160,1.000,0.000,24.707,0.120
69.500,16.400,2500.000,2477.160,1.000,0.000,24.857,0.120
69.750,16.308,2500.000,2477.160,1.000,0.000,25.007,0.120
70.000,16.217,2500.000,2477.160,1.000,0.000,25.157,0.120
70.250,16.127,2500.000,2477.160,1.000,0.000,25.306,0.120
70.500,16.038,2500.000,2477.160,1.000,0.000,25.454,0.120
70.750,15.950,2500.000,2477.160,1.000,0.000,25.603,0.120
71.000,15.863,2500.000,2477.160,1.000,0.000,25.751,0.120
71.250,15.776,2500.000,2477.160,1.000,0.000,25.898,0.120
71.500,15.690,2500.000,2477.160,1.000,0.000,26.045,0.120
71.750,15.605,2500.000,2477.160,1.000,0.000,26.192,0.120
72.000,15.521,2500.000,2477.160,1.000,0.000,26.338,0.120
72.250,15.438,2500.000,2477.160,1.000,0.000,26.484,0.120
72.500,15.355,2500.000,2477.160,1.000,0.000,26.629,0.120
72.750,15.273,2500.000,2477.160,1.000,0.000,26.775,0.120
73.000,15.192,2500.000,2477.160,1.000,0.000,26.919,0.120
73.250,15.111,2500.000,2477.160,1.000,0.000,27.064,0.120
73.500,15.031,2500.000,2477.160,1.000,0.000,27.208,0.120
73.750,14.952,2500.000,2477.160,1.000,0.000,27.351,0.120
74.000,14.874,2500.000,2477.160,1.000,0.000,27.494,0.120
74.250,14.796,2500.000,2477.160,1.000,0.000,27.637,0.120
74.500,14.719,2500.000,2477.160,1.000,0.000,27.780,0.120
74.750,14.643,2500.000,2477.160,1.000,0.000,27.922,0.120
75.000,14.567,2500.000,2477.160,1.000,0.000,28.063,0.120
75.250,14.492,2500.000,2477.160,1.000,0.000,28.205,0.120
75.500,14.418,2500.000,2477.160,1.000,0.000,28.346,0.120
75.750,14.344,2500.000,2477.160,1.000,0.000,28.486,0.120
76.000,14.272,2500.000,2477.160,1.000,0.000,28.627,0.120
76.250,14.199,2500.000,2477.160,1.000,0.000,28.767,0.120
76.500,14.128,2500.000,2477.160,1.000,0.000,28.906,0.120
76.750,14.057,2500.000,2477.160,1.000,0.000,29.045,0.120
77.000,13.986,2500.000,2477.160,1.000,0.000,29.184,0.120
77.250,13.916,2500.000,2477.160,1.000,0.000,29.323,0.120
77.500,13.847,2500.000,2477.160,1.000,0.000,29.461,0.120
77.750,13.779,2500.000,2477.160,1.000,0.000,29.599,0.120
78.000,13.711,2500.000,2477.160,1.000,0.000,29.736,0.120
78.250,13.643,2500.000,2477.160,1.000,0.000,29.873,0.120
78.500,13.577,2500.000,2477.160,1.000,0.000,30.010,0.120
78.750,13.510,2500.000,2477.160,1.000,0.000,30.147,0.120
79.000,13.445,2500.000,2477.160,1.000,0.000,30.283,0.120
79.250,13.380,2500.000,2477.160,1.000,0.000,30.419,0.120
79.500,13.315,2500.000,2477.160,1.000,0.000,30.554,0.120
79.750,13.252,2500.000,2477.160,1.000,0.000,30.689,0.120
80.000,13.188,2500.000,2477.160,1.000,0.000,30.824,0.120
80.250,13.125,2500.000,2477.160,1.000,0.000,30.959,0.120
80.500,13.063,2500.000,2477.160,1.000,0.000,31.093,0.120
80.750,13.001,2500.000,2477.160,1.000,0.000,31.227,0.120
81.000,12.940,2500.000,2477.160,1.000,0.000,31.360,0.120
81.250,12.880,2500.000,2477.160,1.000,0.000,31.494,0.120
81.500,12.819,2500.000,2477.160,1.000,0.000,31.627,0.120
81.750,12.760,2500.000,2477.160,1.000,0.000,31.759,0.120
82.000,12.701,2500.000,2477.160,1.000,0.000,31.891,0.120
82.250,12.642,2500.000,2477.160,1.000,0.000,32.024,0.120
82.500,12.584,2500.000,2477.160,1.000,0.000,32.155,0.120
82.750,12.527,2500.000,2477.160,1.000,0.000,32.287,0.120
83.000,12.469,2500.000,2477.160,1.000,0.000,32.418,0.120
83.250,12.413,2500.000,2477.160,1.000,0.000,32.549,0.120
83.500,12.357,2500.000,2477.160,1.000,0.000,32.679,0.120
83.750,12.301,2500.000,2477.160,1.000,0.000,32.809,0.120
84.000,12.246,2500.000,2477.160,1.000,0.000,32.939,0.120
84.250,12.191,2500.000,2477.160,1.000,0.000,33.069,0.120
84.500,12.137,2500.000,2477.160,1.000,0.000,33.198,0.120
84.750,12.083,2500.000,2477.160,1.000,0.000,33.327,0.120
85.000,12.030,2500.000,2477.160,1.000,0.000,33.456,0.120
85.250,11.977,2500.000,2477.160,1.000,0.000,33.585,0.120
85.500,11.925,2500.000,2477.160,1.000,0.000,33.713,0.120
85.750,11.873,2500.000,2477.160,1.000,0.000,33.841,0.120
86.000,11.821,2500.000,2477.160,1.000,0.000,33.968,0.120
86.250,11.770,2500.000,2477.160,1.000,0.000,34.096,0.120
86.500,11.719,2500.000,2477.160,1.000,0.000,34.223,0.120
86.750,11.669,2500.000,2477.160,1.000,0.000,34.350,0.120
87.000,11.619,2500.000,2477.160,1.000,0.000,34.476,0.120
87.250,11.570,2500.000,2477.160,1.000,0.000,34.603,0.120
87.500,11.521,2500.000,2477.160,1.000,0.000,34.729,0.120
87.750,11.472,2500.000,2477.160,1.000,0.000,34.854,0.120
88.000,11.424,2500.000,2477.160,1.000,0.000,34.980,0.120
88.250,11.376,2500.000,2477.160,1.000,0.000,35.105,0.120
88.500,11.329,2500.000,2477.160,1.000,0.000,35.230,0.120
88.750,11.282,2500.000,2477.160,1.000,0.000,35.355,0.120
89.000,11.235,2500.000,2477.160,1.000,0.000,35.479,0.120
89.250,11.189,2500.000,2477.160,1.000,0.000,35.604,0.120
89.500,11.143,2500.000,2477.160,1.000,0.000,35.728,0.120
89.750,11.098,2500.000,2477.160,1.000,0.000,35.851,0.120
90.000,11.052,2500.000,2477.160,1.000,0.000,35.975,0.120
90.250,11.008,2500.000,2477.160,1.000,0.000,36.098,0.120
90.500,10.963,2500.000,2477.160,1.000,0.000,36.221,0.120
90.750,10.919,2500.000,2477.160,1.000,0.000,36.343,0.120
91.000,10.876,2500.000,2477.160,1.000,0.000,36.466,0.120
91.250,10.832,2500.000,2477.160,1.000,0.000,36.588,0.120
91.500,10.790,2500.000,2477.160,1.000,0.000,36.710,0.120
91.750,10.747,2500.000,2477.160,1.000,0.000,36.832,0.120
92.000,10.705,2500.000,2477.160,1.000,0.000,36.953,0.120
92.250,10.663,2500.000,2477.160,1.000,0.000,37.075,0.120
92.500,10.621,2500.000,2477.160,1.000,0.000,37.196,0.120
92.750,10.580,2500.000,2477.160,1.000,0.000,37.316,0.120
93.000,10.539,2500.000,2477.160,1.000,0.000,37.437,0.120
93.250,10.499,2500.000,2477.160,1.000,0.000,37.557,0.120
93.500,10.459,2500.000,2477.160,1.000,0.000,37.677,0.120
93.750,10.419,2500.000,2477.160,1.000,0.000,37.797,0.120
94.000,10.379,2500.000,2477.160,1.000,0.000,37.917,0.120
94.250,10.340,2500.000,2477.160,1.000,0.000,38.036,0.120
94.500,10.301,2500.000,2477.160,1.000,0.000,38.155,0.120
94.750,10.262,2500.000,2477.160,1.000,0.000,38.274,0.120
95.000,10.224,2500.000,2477.160,1.000,0.000,38.393,0.120
95.250,10.186,2500.000,2477.160,1.000,0.000,38.511,0.120
95.500,10.148,2500.000,2477.160,1.000,0.000,38.630,0.120
95.750,10.111,2500.000,2477.160,1.000,0.000,38.748,0.120
96.000,10.074,2500.000,2477.160,1.000,0.000,38.866,0.120
96.250,10.037,2500.000,2477.160,1.000,0.000,38.983,0.120
96.500,10.001,2500.000,2477.160,1.000,0.000,39.101,0.120
96.750,9.964,2500.000,2477.160,1.000,0.000,39.218,0.120
97.000,9.928,2500.000,2477.160,1.000,0.000,39.335,0.120
97.250,9.893,2500.000,2477.160,1.000,0.000,39.452,0.120
97.500,9.857,2500.000,2477.160,1.000,0.000,39.568,0.120
97.750,9.822,2500.000,2477.160,1.000,0.000,39.685,0.120
98.000,9.788,2500.000,2477.160,1.000,0.000,39.801,0.120
98.250,9.753,2500.000,2477.160,1.000,0.000,39.917,0.120
98.500,9.719,2500.000,2477.160,1.000,0.000,40.033,0.120
98.750,9.685,2500.000,2477.160,1.000,0.000,40.148,0.120
99.000,9.651,2500.000,2477.160,1.000,0.000,40.263,0.120
99.250,9.618,2500.000,2477.160,1.000,0.000,40.379,0.120
99.500,9.585,2500.000,2477.160,1.000,0.000,40.494,0.120
99.750,9.552,2500.000,2477.160,1.000,0.000,40.608,0.120
100.000,9.519,2500.000,2477.160,1.000,0.000,40.723,0.120
100.250,9.487,2500.000,2477.160,1.000,0.000,40.837,0.120
100.500,9.454,2500.000,2477.160,1.000,0.000,40.951,0.120
100.750,9.423,2500.000,2477.160,1.000,0.000,41.065,0.120
101.000,9.391,2500.000,2477.160,1.000,0.000,41.179,0.120
101.250,9.359,2500.000,2477.160,1.000,0.000,41.293,0.120
101.500,9.328,2500.000,2477.160,1.000,0.000,41.406,0.120
101.750,9.297,2500.000,2477.160,1.000,0.000,41.519,0.120
102.000,9.267,2500.000,2477.160,1.000,0.000,41.632,0.120
102.250,9.236,2500.000,2477.160,1.000,0.000,41.745,0.120
102.500,9.206,2500.000,2477.160,1.000,0.000,41.858,0.120
102.750,9.176,2500.000,2477.160,1.000,0.000,41.970,0.120
103.000,9.146,2500.000,2477.160,1.000,0.000,42.083,0.120
103.250,9.117,2500.000,2477.160,1.000,0.000,42.195,0.120
103.500,9.088,2500.000,2477.160,1.000,0.000,42.307,0.120
103.750,9.059,2500.000,2477.160,1.000,0.000,42.419,0.120
104.000,9.030,2500.000,2477.160,1.000,0.000,42.530,0.120
104.250,9.001,2500.000,2477.160,1.000,0.000,42.642,0.120
104.500,8.973,2500.000,2477.160,1.000,0.000,42.753,0.120
104.750,8.945,2500.000,2477.160,1.000,0.000,42.864,0.120
105.000,8.917,2500.000,2477.160,1.000,0.000,42.975,0.120
105.250,8.889,2500.000,2477.160,1.000,0.000,43.085,0.120
105.500,8.861,2500.000,2477.160,1.000,0.000,43.196,0.120
105.750,8.834,2500.000,2477.160,1.000,0.000,43.306,0.120
106.000,8.807,2500.000,2477.160,1.000,0.000,43.416,0.120
106.250,8.780,2500.000,2477.160,1.000,0.000,43.526,0.120
106.500,8.754,2500.000,2477.160,1.000,0.000,43.636,0.120
106.750,8.727,2500.000,2477.160,1.000,0.000,43.746,0.120
107.000,8.701,2500.000,2477.160,1.000,0.000,43.856,0.120
107.250,8.675,2500.000,2477.160,1.000,0.000,43.965,0.120
107.500,8.649,2500.000,2477.160,1.000,0.000,44.074,0.120
107.750,8.623,2500.000,2477.160,1.000,0.000,44.183,0.120
108.000,8.598,2500.000,2477.160,1.000,0.000,44.292,0.120
108.250,8.572,2500.000,2477.160,1.000,0.000,44.401,0.120
108.500,8.547,2500.000,2477.160,1.000,0.000,44.509,0.120
108.750,8.522,2500.000,2477.160,1.000,0.000,44.618,0.120
109.000,8.498,2500.000,2477.160,1.000,0.000,44.726,0.120
109.250,8.473,2500.000,2477.160,1.000,0.000,44.834,0.120
109.500,8.449,2500.000,2477.160,1.000,0.000,44.942,0.120
109.750,8.425,2500.000,2477.160,1.000,0.000,45.050,0.120
110.000,8.401,2500.000,2477.160,1.000,0.000,45.157,0.120
110.250,8.377,2500.000,2477.160,1.000,0.000,45.265,0.120
110.500,8.353,2500.000,2477.160,1.000,0.000,45.372,0.120
110.750,8.330,2500.000,2477.160,1.000,0.000,45.479,0.120
111.000,8.307,2500.000,2477.160,1.000,0.000,45.586,0.120
111.250,8.284,2500.000,2477.160,1.000,0.000,45.693,0.120
111.500,8.261,2500.000,2477.160,1.000,0.000,45.800,0.120
111.750,8.238,2500.000,2477.160,1.000,0.000,45.906,0.120
112.000,8.215,2500.000,2477.160,1.000,0.000,46.013,0.120
112.250,8.193,2500.000,2477.160,1.000,0.000,46.119,0.120
112.500,8.171,2500.000,2477.160,1.000,0.000,46.225,0.120
112.750,8.149,2500.000,2477.160,1.000,0.000,46.331,0.120
113.000,8.127,2500.000,2477.160,1.000,0.000,46.437,0.120
113.250,8.105,2500.000,2477.160,1.000,0.000,46.543,0.120
113.500,8.083,2500.000,2477.160,1.000,0.000,46.648,0.120
113.750,8.062,2500.000,2477.160,1.000,0.000,46.754,0.120
114.000,8.041,2500.000,2477.160,1.000,0.000,46.859,0.120
114.250,8.020,2500.000,2477.160,1.000,0.000,46.964,0.120
114.500,7.999,2500.000,2477.160,1.000,0.000,47.069,0.120
114.750,7.978,2500.000,2477.160,1.000,0.000,47.174,0.120
115.000,7.957,2500.000,2477.160,1.000,0.000,47.279,0.120
115.250,7.937,2500.000,2477.160,1.000,0.000,47.384,0.120
115.500,7.917,2500.000,2477.160,1.000,0.000,47.488,0.120
115.750,7.897,2500.000,2477.160,1.000,0.000,47.592,0.120
116.000,7.877,2500.000,2477.160,1.000,0.000,47.697,0.120
116.250,7.857,2500.000,2477.160,1.000,0.000,47.801,0.120
116.500,7.837,2500.000,2477.160,1.000,0.000,47.905,0.120
116.750,7.817,2500.000,2477.160,1.000,0.000,48.008,0.120
117.000,7.798,2500.000,2477.160,1.000,0.000,48.112,0.120
117.250,7.779,2500.000,2477.160,1.000,0.000,48.216,0.120
117.500,7.760,2500.000,2477.160,1.000,0.000,48.319,0.120
117.750,7.741,2500.000,2477.160,1.000,0.000,48.422,0.120
118.000,7.722,2500.000,2477.160,1.000,0.000,48.526,0.120
118.250,7.703,2500.000,2477.160,1.000,0.000,48.629,0.120
118.500,7.685,2500.000,2477.160,1.000,0.000,48.732,0.120
118.750,7.666,2500.000,2477.160,1.000,0.000,48.834,0.120
119.000,7.648,2500.000,2477.160,1.000,0.000,48.937,0.120
119.250,7.630,2500.000,2477.160,1.000,0.000,49.040,0.120
119.500,7.612,2500.000,2477.160,1.000,0.000,49.142,0.120
119.750,7.594,2500.000,2477.160,1.000,0.000,49.244,0.120
120.000,7.576,2500.000,2477.160,1.000,0.000,49.347,0.120
120.250,7.558,2500.000,2477.160,1.000,0.000,49.449,0.120
120.500,7.541,2500.000,2477.160,1.000,0.000,49.551,0.120
120.750,7.524,2500.000,2477.160,1.000,0.000,49.652,0.120
121.000,7.506,2500.000,2477.160,1.000,0.000,49.754,0.120
121.250,7.489,2500.000,2477.160,1.000,0.000,49.856,0.120
121.500,7.472,2500.000,2477.160,1.000,0.000,49.957,0.120
121.750,7.455,2500.000,2477.160,1.000,0.000,50.059,0.120
122.000,7.439,2500.000,2477.160,1.000,0.000,50.160,0.120
122.250,7.422,2500.000,2477.160,1.000,0.000,50.261,0.120
122.500,7.406,2500.000,2477.160,1.000,0.000,50.362,0.120
122.750,7.389,2500.000,2477.160,1.000,0.000,50.463,0.120
123.000,7.373,2500.000,2477.160,1.000,0.000,50.564,0.120
123.250,7.357,2500.000,2477.160,1.000,0.000,50.665,0.120
123.500,7.341,2500.000,2477.160,1.000,0.000,50.765,0.120
123.750,7.325,2500.000,2477.160,1.000,0.000,50.866,0.120
124.000,7.309,2500.000,2477.160,1.000,0.000,50.966,0.120
124.250,7.294,2500.000,2477.160,1.000,0.000,51.066,0.120
124.500,7.278,2500.000,2477.160,1.000,0.000,51.167,0.120
124.750,7.263,2500.000,2477.160,1.000,0.000,51.267,0.120
125.000,7.248,2500.000,2477.160,1.000,0.000,51.367,0.120
125.250,7.232,2500.000,2477.160,1.000,0.000,51.466,0.120
125.500,7.217,2500.000,2477.160,1.000,0.000,51.566,0.120
125.750,7.202,2500.000,2477.160,1.000,0.000,51.666,0.120
126.000,7.187,2500.000,2477.160,1.000,0.000,51.765,0.120
126.250,7.173,2500.000,2477.160,1.000,0.000,51.865,0.120
126.500,7.158,2500.000,2477.160,1.000,0.000,51.964,0.120
126.750,7.144,2500.000,2477.160,1.000,0.000,52.063,0.120
127.000,7.129,2500.000,2477.160,1.000,0.000,52.163,0.120
127.250,7.115,2500.000,2477.160,1.000,0.000,52.262,0.120
127.500,7.101,2500.000,2477.160,1.000,0.000,52.361,0.120
127.750,7.087,2500.000,2477.160,1.000,0.000,52.459,0.120
128.000,7.073,2500.000,2477.160,1.000,0.000,52.558,0.120
128.250,7.059,2500.000,2477.160,1.000,0.000,52.657,0.120
128.500,7.045,2500.000,2477.160,1.000,0.000,52.755,0.120
128.750,7.031,2500.000,2477.160,1.000,0.000,52.854,0.120
129.000,7.018,2500.000,2477.160,1.000,0.000,52.952,0.120
129.250,7.004,2500.000,2477.160,1.000,0.000,53.050,0.120
129.500,6.991,2500.000,2477.160,1.000,0.000,53.149,0.120
129.750,6.978,2500.000,2477.160,1.000,0.000,53.247,0.120
130.000,6.965,2500.000,2477.160,1.000,0.000,53.345,0.120
130.250,6.951,2500.000,2477.160,1.000,0.000,53.443,0.120
130.500,6.939,2500.000,2477.160,1.000,0.000,53.540,0.120
130.750,6.926,2500.000,2477.160,1.000,0.000,53.638,0.120
131.000,6.913,2500.000,2477.160,1.000,0.000,53.736,0.120
131.250,6.900,2500.000,2477.160,1.000,0.000,53.833,0.120
131.500,6.888,2500.000,2477.160,1.000,0.000,53.931,0.120
131.750,6.875,2500.000,2477.160,1.000,0.000,54.028,0.120
132.000,6.863,2500.000,2477.160,1.000,0.000,54.125,0.120
132.250,6.850,2500.000,2477.160,1.000,0.000,54.223,0.120
132.500,6.838,2500.000,2477.160,1.000,0.000,54.320,0.120
132.750,6.826,2500.000,2477.160,1.000,0.000,54.417,0.120
133.000,6.814,2500.000,2477.160,1.000,0.000,54.514,0.120
133.250,6.802,2500.000,2477.160,1.000,0.000,54.610,0.120
133.500,6.790,2500.000,2477.160,1.000,0.000,54.707,0.120
133.750,6.779,2500.000,2477.160,1.000,0.000,54.804,0.120
134.000,6.767,2500.000,2477.160,1.000,0.000,54.900,0.120
134.250,6.755,2500.000,2477.160,1.000,0.000,54.997,0.120
134.500,6.744,2500.000,2477.160,1.000,0.000,55.093,0.120
134.750,6.732,2500.000,2477.160,1.000,0.000,55.190,0.120
135.000,6.721,2500.000,2477.160,1.000,0.000,55.286,0.120
135.250,6.710,2500.000,2477.160,1.000,0.000,55.382,0.120
135.500,6.699,2500.000,2477.160,1.000,0.000,55.478,0.120
135.750,6.688,2500.000,2477.160,1.000,0.000,55.574,0.120
136.000,6.677,2500.000,2477.160,1.000,0.000,55.670,0.120
136.250,6.666,2500.000,2477.160,1.000,0.000,55.766,0.120
136.500,6.655,2500.000,2477.160,1.000,0.000,55.862,0.120
136.750,6.644,2500.000,2477.160,1.000,0.000,55.958,0.120
137.000,6.634,2500.000,2477.160,1.000,0.000,56.053,0.120
137.250,6.623,2500.000,2477.160,1.000,0.000,56.149,0.120
137.500,6.613,2500.000,2477.160,1.000,0.000,56.244,0.120
137.750,6.602,2500.000,2477.160,1.000,0.000,56.340,0.120
138.000,6.592,2500.000,2477.160,1.000,0.000,56.435,0.120
138.250,6.582,2500.000,2477.160,1.000,0.000,56.530,0.120
138.500,6.572,2500.000,2477.160,1.000,0.000,56.625,0.120
138.750,6.561,2500.000,2477.160,1.000,0.000,56.721,0.120
139.000,6.551,2500.000,2477.160,1.000,0.000,56.816,0.120
139.250,6.542,2500.000,2477.160,1.000,0.000,56.911,0.120
139.500,6.532,2500.000,2477.160,1.000,0.000,57.005,0.120
139.750,6.522,2500.000,2477.160,1.000,0.000,57.100,0.120
140.000,6.512,2500.000,2477.160,1.000,0.000,57.195,0.120
140.250,6.503,2500.000,2477.160,1.000,0.000,57.290,0.120
140.500,6.493,2500.000,2477.160,1.000,0.000,57.384,0.120
140.750,6.484,2500.000,2477.160,1.000,0.000,57.479,0.120
141.000,6.474,2500.000,2477.160,1.000,0.000,57.573,0.120
141.250,6.465,2500.000,2477.160,1.000,0.000,57.668,0.120
141.500,6.456,2500.000,2477.160,1.000,0.000,57.762,0.120
141.750,6.447,2500.000,2477.160,1.000,0.000,57.856,0.120
142.000,6.437,2500.000,2477.160,1.000,0.000,57.951,0.120
142.250,6.428,2500.000,2477.160,1.000,0.000,58.045,0.120
142.500,6.420,2500.000,2477.160,1.000,0.000,58.139,0.120
142.750,6.411,2500.000,2477.160,1.000,0.000,58.233,0.120
143.000,6.402,2500.000,2477.160,1.000,0.000,58.327,0.120
143.250,6.393,2500.000,2477.160,1.000,0.000,58.421,0.120
143.500,6.384,2500.000,2477.160,1.000,0.000,58.514,0.120
143.750,6.376,2500.000,2477.160,1.000,0.000,58.608,0.120
144.000,6.367,2500.000,2477.160,1.000,0.000,58.702,0.120
144.250,6.359,2500.000,2477.160,1.000,0.000,58.796,0.120
144.500,6.351,2500.000,2477.160,1.000,0.000,58.889,0.120
144.750,6.342,2500.000,2477.160,1.000,0.000,58.983,0.120
145.000,6.334,2500.000,2477.160,1.000,0.000,59.076,0.120
145.250,6.326,2500.000,2477.160,1.000,0.000,59.169,0.120
145.500,6.318,2500.000,2477.160,1.000,0.000,59.263,0.120
145.750,6.310,2500.000,2477.160,1.000,0.000,59.356,0.120
146.000,6.302,2500.000,2477.160,1.000,0.000,59.449,0.120
146.250,6.294,2500.000,2477.160,1.000,0.000,59.542,0.120
146.500,6.286,2500.000,2477.160,1.000,0.000,59.636,0.120
146.750,6.278,2500.000,2477.160,1.000,0.000,59.729,0.120
147.000,6.270,2500.000,2477.160,1.000,0.000,59.822,0.120
147.250,6.263,2500.000,2477.160,1.000,0.000,59.914,0.120
147.500,6.255,2500.000,2477.160,1.000,0.000,60.007,0.120
147.750,6.248,2500.000,2477.160,1.000,0.000,60.100,0.120
148.000,6.240,2500.000,2477.160,1.000,0.000,60.193,0.120
148.250,6.233,2500.000,2477.160,1.000,0.000,60.286,0.120
148.500,6.226,2500.000,2477.160,1.000,0.000,60.378,0.120
148.750,6.218,2500.000,2477.160,1.000,0.000,60.471,0.120
149.000,6.211,2500.000,2477.160,1.000,0.000,60.563,0.120
149.250,6.204,2500.000,2477.160,1.000,0.000,60.656,0.120
149.500,6.197,2500.000,2477.160,1.000,0.000,60.748,0.120
149.750,6.190,2500.000,2477.160,1.000,0.000,60.841,0.120
150.000,6.183,2500.000,2477.160,1.000,0.000,60.933,0.120
150.250,6.176,2500.000,2477.160,1.000,0.000,61.025,0.120
150.500,6.169,2500.000,2477.160,1.000,0.000,61.118,0.120
150.750,6.162,2500.000,2477.160,1.000,0.000,61.210,0.120
151.000,6.156,2500.000,2477.160,1.000,0.000,61.302,0.120
151.250,6.149,2500.000,2477.160,1.000,0.000,61.394,0.120
151.500,6.142,2500.000,2477.160,1.000,0.000,61.486,0.120
151.750,6.136,2500.000,2477.160,1.000,0.000,61.578,0.120
152.000,6.129,2500.000,2477.160,1.000,0.000,61.670,0.120
152.250,6.123,2500.000,2477.160,1.000,0.000,61.762,0.120
152.500,6.117,2500.000,2477.160,1.000,0.000,61.854,0.120
152.750,6.110,2500.000,2477.160,1.000,0.000,61.945,0.120
153.000,6.104,2500.000,2477.160,1.000,0.000,62.037,0.120
153.250,6.098,2500.000,2477.160,1.000,0.000,62.129,0.120
153.500,6.092,2500.000,2477.160,1.000,0.000,62.220,0.120
153.750,6.086,2500.000,2477.160,1.000,0.000,62.312,0.120
154.000,6.080,2500.000,2477.160,1.000,0.000,62.404,0.120
154.250,6.074,2500.000,2477.160,1.000,0.000,62.495,0.120
154.500,6.068,2500.000,2477.160,1.000,0.000,62.587,0.120
154.750,6.062,2500.000,2477.160,1.000,0.000,62.678,0.120
155.000,6.056,2500.000,2477.160,1.000,0.000,62.769,0.120
155.250,6.051,2500.000,2477.160,1.000,0.000,62.861,0.120
155.500,6.045,2500.000,2477.160,1.000,0.000,62.952,0.120
155.750,6.039,2500.000,2477.160,1.000,0.000,63.043,0.120
156.000,6.034,2500.000,2477.160,1.000,0.000,63.134,0.120
156.250,6.028,2500.000,2477.160,1.000,0.000,63.226,0.120
156.500,6.023,2500.000,2477.160,1.000,0.000,63.317,0.120
156.750,6.017,2500.000,2477.160,1.000,0.000,63.408,0.120
157.000,6.012,2500.000,2477.160,1.000,0.000,63.499,0.120
157.250,6.007,2500.000,2477.160,1.000,0.000,63.590,0.120
157.500,6.002,2500.000,2477.160,1.000,0.000,63.681,0.120
157.750,5.996,2500.000,2477.160,1.000,0.000,63.772,0.120
158.000,5.991,2500.000,2477.160,1.000,0.000,63.863,0.120
158.250,5.986,2500.000,2477.160,1.000,0.000,63.953,0.120
158.500,5.981,2500.000,2477.160,1.000,0.000,64.044,0.120
158.750,5.976,2500.000,2477.160,1.000,0.000,64.135,0.120
159.000,5.971,2500.000,2477.160,1.000,0.000,64.226,0.120
159.250,5.966,2500.000,2477.160,1.000,0.000,64.316,0.120
159.500,5.962,2500.000,2477.160,1.000,0.000,64.407,0.120
159.750,5.957,2500.000,2477.160,1.000,0.000,64.498,0.120
160.000,5.952,2500.000,2477.160,1.000,0.000,64.588,0.120
160.250,5.948,2500.000,2477.160,1.000,0.000,64.679,0.120
160.500,5.943,2500.000,2477.160,1.000,0.000,64.769,0.120
160.750,5.938,2500.000,2477.160,1.000,0.000,64.860,0.120
161.000,5.934,2500.000,2477.160,1.000,0.000,64.950,0.120
161.250,5.929,2500.000,2477.160,1.000,0.000,65.041,0.120
161.500,5.925,2500.000,2477.160,1.000,0.000,65.131,0.120
161.750,5.921,2500.000,2477.160,1.000,0.000,65.221,0.120
162.000,5.916,2500.000,2477.160,1.000,0.000,65.312,0.120
162.250,5.912,2500.000,2477.160,1.000,0.000,65.402,0.120
162.500,5.908,2500.000,2477.160,1.000,0.000,65.492,0.120
162.750,5.904,2500.000,2477.160,1.000,0.000,65.583,0.120
163.000,5.900,2500.000,2477.160,1.000,0.000,65.673,0.120
163.250,5.896,2500.000,2477.160,1.000,0.000,65.763,0.120
163.500,5.892,2500.000,2477.160,1.000,0.000,65.853,0.120
163.750,5.888,2500.000,2477.160,1.000,0.000,65.943,0.120
164.000,5.884,2500.000,2477.160,1.000,0.000,66.033,0.120
164.250,5.880,2500.000,2477.160,1.000,0.000,66.123,0.120
164.500,5.876,2500.000,2477.160,1.000,0.000,66.213,0.120
164.750,5.872,2500.000,2477.160,1.000,0.000,66.303,0.120
165.000,5.869,2500.000,2477.160,1.000,0.000,66.393,0.120
165.250,5.865,2500.000,2477.160,1.000,0.000,66.483,0.120
165.500,5.861,2500.000,2477.160,1.000,0.000,66.573,0.120
165.750,5.858,2500.000,2477.160,1.000,0.000,66.663,0.120
166.000,5.854,2500.000,2477.160,1.000,0.000,66.753,0.120
166.250,5.851,2500.000,2477.160,1.000,0.000,66.843,0.120
166.500,5.847,2500.000,2477.160,1.000,0.000,66.932,0.120
166.750,5.844,2500.000,2477.160,1.000,0.000,67.022,0.120
167.000,5.841,2500.000,2477.160,1.000,0.000,67.112,0.120
167.250,5.837,2500.000,2477.160,1.000,0.000,67.202,0.120
167.500,5.834,2500.000,2477.160,1.000,0.000,67.291,0.120
167.750,5.831,2500.000,2477.160,1.000,0.000,67.381,0.120
168.000,5.828,2500.000,2477.160,1.000,0.000,67.470,0.120
168.250,5.825,2500.000,2477.160,1.000,0.000,67.560,0.120
168.500,5.822,2500.000,2477.160,1.000,0.000,67.650,0.120
168.750,5.819,2500.000,2477.160,1.000,0.000,67.739,0.120
169.000,5.816,2500.000,2477.160,1.000,0.000,67.829,0.120
169.250,5.813,2500.000,2477.160,1.000,0.000,67.918,0.120
169.500,5.810,2500.000,2477.160,1.000,0.000,68.008,0.120
169.750,5.807,2500.000,2477.160,1.000,0.000,68.097,0.120
170.000,5.804,2500.000,2477.160,1.000,0.000,68.187,0.120
170.250,5.802,2500.000,2477.160,1.000,0.000,68.276,0.120
170.500,5.799,2500.000,2477.160,1.000,0.000,68.366,0.120
170.750,5.796,2500.000,2477.160,1.000,0.000,68.455,0.120
171.000,5.794,2500.000,2477.160,1.000,0.000,68.544,0.120
171.250,5.791,2500.000,2477.160,1.000,0.000,68.634,0.120
171.500,5.789,2500.000,2477.160,1.000,0.000,68.723,0.120
171.750,5.786,2500.000,2477.160,1.000,0.000,68.812,0.120
172.000,5.784,2500.000,2477.160,1.000,0.000,68.902,0.120
172.250,5.781,2500.000,2477.160,1.000,0.000,68.991,0.120
172.500,5.779,2500.000,2477.160,1.000,0.000,69.080,0.120
172.750,5.777,2500.000,2477.160,1.000,0.000,69.169,0.120
173.000,5.775,2500.000,2477.160,1.000,0.000,69.259,0.120
173.250,5.772,2500.000,2477.160,1.000,0.000,69.348,0.120
173.500,5.770,2500.000,2477.160,1.000,0.000,69.437,0.120
173.750,5.768,2500.000,2477.160,1.000,0.000,69.526,0.120
174.000,5.766,2500.000,2477.160,1.000,0.000,69.615,0.120
174.250,5.764,2500.000,2477.160,1.000,0.000,69.705,0.120
174.500,5.762,2500.000,2477.160,1.000,0.000,69.794,0.120
174.750,5.760,2500.000,2477.160,1.000,0.000,69.883,0.120
175.000,5.758,2500.000,2477.160,1.000,0.000,69.972,0.120
175.250,5.757,2500.000,2477.160,1.000,0.000,70.061,0.120
175.500,5.755,2500.000,2477.160,1.000,0.000,70.150,0.120
175.750,5.753,2500.000,2477.160,1.000,0.000,70.239,0.120
176.000,5.751,2500.000,2477.160,1.000,0.000,70.328,0.120
176.250,5.750,2500.000,2477.160,1.000,0.000,70.417,0.120
176.500,5.748,2500.000,2477.160,1.000,0.000,70.506,0.120
176.750,5.747,2500.000,2477.160,1.000,0.000,70.595,0.120
177.000,5.745,2500.000,2477.160,1.000,0.000,70.684,0.120
177.250,5.744,2500.000,2477.160,1.000,0.000,70.773,0.120
177.500,5.742,2500.000,2477.160,1.000,0.000,70.862,0.120
177.750,5.741,2500.000,2477.160,1.000,0.000,70.951,0.120
178.000,5.739,2500.000,2477.160,1.000,0.000,71.040,0.120
178.250,5.738,2500.000,2477.160,1.000,0.000,71.129,0.120
178.500,5.737,2500.000,2477.160,1.000,0.000,71.218,0.120
178.750,5.736,2500.000,2477.160,1.000,0.000,71.307,0.120
179.000,5.734,2500.000,2477.160,1.000,0.000,71.396,0.120
179.250,5.733,2500.000,2477.160,1.000,0.000,71.485,0.120
179.500,5.732,2500.000,2477.160,1.000,0.000,71.574,0.120
179.750,5.731,2500.000,2477.160,1.000,0.000,71.663,0.120
180.000,5.730,2500.000,2477.160,1.000,0.000,71.751,0.120
