CA_deg,P_bar,T_u_K,T_b_K,xb,ROHR_J_deg,NOx_ppm,knock_integral
-359.750,10.588,662.560,320.000,0.000,0.000,0.000,0.000
-359.500,10.585,662.530,320.000,0.000,0.000,0.000,0.000
-359.250,10.580,662.480,320.000,0.000,0.000,0.000,0.000
-359.000,10.574,662.410,320.000,0.000,0.000,0.000,0.000
-358.750,10.567,662.320,320.000,0.000,0.000,0.000,0.000
-358.500,10.559,662.211,320.000,0.000,0.000,0.000,0.000
-358.250,10.549,662.081,320.000,0.000,0.000,0.000,0.000
-358.000,10.539,661.932,320.000,0.000,0.000,0.000,0.000
-357.750,10.527,661.763,320.000,0.000,0.000,0.000,0.000
-357.500,10.514,661.574,320.000,0.000,0.000,0.000,0.000
-357.250,10.499,661.366,320.000,0.000,0.000,0.000,0.000
-357.000,10.484,661.138,320.000,0.000,0.000,0.000,0.000
-356.750,10.467,660.891,320.000,0.000,0.000,0.000,0.000
-356.500,10.450,660.625,320.000,0.000,0.000,0.000,0.000
-356.250,10.431,660.339,320.000,0.000,0.000,0.000,0.000
-356.000,10.410,660.034,320.000,0.000,0.000,0.000,0.000
-355.750,10.389,659.711,320.000,0.000,0.000,0.000,0.000
-355.500,10.367,659.368,320.000,0.000,0.000,0.000,0.000
-355.250,10.344,659.006,320.000,0.000,0.000,0.000,0.000
-355.000,10.319,658.626,320.000,0.000,0.000,0.000,0.000
-354.750,10.293,658.227,320.000,0.000,0.000,0.000,0.000
-354.500,10.267,657.810,320.000,0.000,0.000,0.000,0.000
-354.250,10.239,657.375,320.000,0.000,0.000,0.000,0.000
-354.000,10.210,656.922,320.000,0.000,0.000,0.000,0.000
-353.750,10.181,656.451,320.000,0.000,0.000,0.000,0.000
-353.500,10.150,655.962,320.000,0.000,0.000,0.000,0.000
-353.250,10.118,655.455,320.000,0.000,0.000,0.000,0.000
-353.000,10.086,654.932,320.000,0.000,0.000,0.000,0.000
-352.750,10.052,654.390,320.000,0.000,0.000,0.000,0.000
-352.500,10.018,653.832,320.000,0.000,0.000,0.000,0.000
-352.250,9.982,653.258,320.000,0.000,0.000,0.000,0.000
-352.000,9.946,652.666,320.000,0.000,0.000,0.000,0.000
-351.750,9.909,652.058,320.000,0.000,0.000,0.000,0.000
-351.500,9.871,651.434,320.000,0.000,0.000,0.000,0.000
-351.250,9.832,650.794,320.000,0.000,0.000,0.000,0.000
-351.000,9.793,650.138,320.000,0.000,0.000,0.000,0.000
-350.750,9.753,649.467,320.000,0.000,0.000,0.000,0.000
-350.500,9.711,648.780,320.000,0.000,0.000,0.000,0.000
-350.250,9.670,648.078,320.000,0.000,0.000,0.000,0.000
-350.000,9.627,647.361,320.000,0.000,0.000,0.000,0.000
-349.750,9.584,646.630,320.000,0.000,0.000,0.000,0.000
-349.500,9.540,645.884,320.000,0.000,0.000,0.000,0.000
-349.250,9.495,645.123,320.000,0.000,0.000,0.000,0.000
-349.000,9.450,644.349,320.000,0.000,0.000,0.000,0.000
-348.750,9.404,643.561,320.000,0.000,0.000,0.000,0.000
-348.500,9.358,642.760,320.000,0.000,0.000,0.000,0.000
-348.250,9.311,641.945,320.000,0.000,0.000,0.000,0.000
-348.000,9.264,641.117,320.000,0.000,0.000,0.000,0.000
-347.750,9.216,640.277,320.000,0.000,0.000,0.000,0.000
-347.500,9.167,639.424,320.000,0.000,0.000,0.000,0.000
-347.250,9.118,638.558,320.000,0.000,0.000,0.000,0.000
-347.000,9.069,637.681,320.000,0.000,0.000,0.000,0.000
-346.750,9.019,636.792,320.000,0.000,0.000,0.000,0.000
-346.500,8.968,635.891,320.000,0.000,0.000,0.000,0.000
-346.250,8.918,634.979,320.000,0.000,0.000,0.000,0.000
-346.000,8.867,634.056,320.000,0.000,0.000,0.000,0.000
-345.750,8.815,633.122,320.000,0.000,0.000,0.000,0.000
-345.500,8.763,632.178,320.000,0.000,0.000,0.000,0.000
-345.250,8.711,631.223,320.000,0.000,0.000,0.000,0.000
-345.000,8.659,630.258,320.000,0.000,0.000,0.000,0.000
-344.750,8.606,629.284,320.000,0.000,0.000,0.000,0.000
-344.500,8.553,628.300,320.000,0.000,0.000,0.000,0.000
-344.250,8.500,627.306,320.000,0.000,0.000,0.000,0.000
-344.000,8.447,626.304,320.000,0.000,0.000,0.000,0.000
-343.750,8.393,625.292,320.000,0.000,0.000,0.000,0.000
-343.500,8.339,624.272,320.000,0.000,0.000,0.000,0.000
-343.250,8.285,623.244,320.000,0.000,0.000,0.000,0.000
-343.000,8.231,622.208,320.000,0.000,0.000,0.000,0.000
-342.750,8.177,621.163,320.000,0.000,0.000,0.000,0.000
-342.500,8.123,620.112,320.000,0.000,0.000,0.000,0.000
-342.250,8.068,619.052,320.000,0.000,0.000,0.000,0.000
-342.000,8.014,617.986,320.000,0.000,0.000,0.000,0.000
-341.750,7.959,616.913,320.000,0.000,0.000,0.000,0.000
-341.500,7.905,615.833,320.000,0.000,0.000,0.000,0.000
-341.250,7.850,614.746,320.000,0.000,0.000,0.000,0.000
-341.000,7.795,613.654,320.000,0.000,0.000,0.000,0.000
-340.750,7.741,612.555,320.000,0.000,0.000,0.000,0.000
-340.500,7.686,611.451,320.000,0.000,0.000,0.000,0.000
-340.250,7.631,610.340,320.000,0.000,0.000,0.000,0.000
-340.000,7.577,609.225,320.000,0.000,0.000,0.000,0.000
-339.750,7.522,608.105,320.000,0.000,0.000,0.000,0.000
-339.500,7.468,606.979,320.000,0.000,0.000,0.000,0.000
-339.250,7.414,605.849,320.000,0.000,0.000,0.000,0.000
-339.000,7.359,604.714,320.000,0.000,0.000,0.000,0.000
-338.750,7.305,603.575,320.000,0.000,0.000,0.000,0.000
-338.500,7.251,602.432,320.000,0.000,0.000,0.000,0.000
-338.250,7.197,601.285,320.000,0.000,0.000,0.000,0.000
-338.000,7.143,600.135,320.000,0.000,0.000,0.000,0.000
-337.750,7.089,598.981,320.000,0.000,0.000,0.000,0.000
-337.500,7.036,597.823,320.000,0.000,0.000,0.000,0.000
-337.250,6.983,596.662,320.000,0.000,0.000,0.000,0.000
-337.000,6.929,595.499,320.000,0.000,0.000,0.000,0.000
-336.750,6.876,594.333,320.000,0.000,0.000,0.000,0.000
-336.500,6.824,593.164,320.000,0.000,0.000,0.000,0.000
-336.250,6.771,591.992,320.000,0.000,0.000,0.000,0.000
-336.000,6.719,590.819,320.000,0.000,0.000,0.000,0.000
-335.750,6.666,589.643,320.000,0.000,0.000,0.000,0.000
-335.500,6.615,588.466,320.000,0.000,0.000,0.000,0.000
-335.250,6.563,587.287,320.000,0.000,0.000,0.000,0.000
-335.000,6.511,586.106,320.000,0.000,0.000,0.000,0.000
-334.750,6.460,584.924,320.000,0.000,0.000,0.000,0.000
-334.500,6.409,583.740,320.000,0.000,0.000,0.000,0.000
-334.250,6.358,582.556,320.000,0.000,0.000,0.000,0.000
-334.000,6.308,581.371,320.000,0.000,0.000,0.000,0.000
-333.750,6.258,580.184,320.000,0.000,0.000,0.000,0.000
-333.500,6.208,578.998,320.000,0.000,0.000,0.000,0.000
-333.250,6.158,577.810,320.000,0.000,0.000,0.000,0.000
-333.000,6.109,576.623,320.000,0.000,0.000,0.000,0.000
-332.750,6.060,575.435,320.000,0.000,0.000,0.000,0.000
-332.500,6.011,574.247,320.000,0.000,0.000,0.000,0.000
-332.250,5.963,573.059,320.000,0.000,0.000,0.000,0.000
-332.000,5.915,571.871,320.000,0.000,0.000,0.000,0.000
-331.750,5.867,570.683,320.000,0.000,0.000,0.000,0.000
-331.500,5.819,569.496,320.000,0.000,0.000,0.000,0.000
-331.250,5.772,568.310,320.000,0.000,0.000,0.000,0.000
-331.000,5.725,567.124,320.000,0.000,0.000,0.000,0.000
-330.750,5.678,565.939,320.000,0.000,0.000,0.000,0.000
-330.500,5.632,564.755,320.000,0.000,0.000,0.000,0.000
-330.250,5.586,563.571,320.000,0.000,0.000,0.000,0.000
-330.000,5.541,562.389,320.000,0.000,0.000,0.000,0.000
-329.750,5.495,561.208,320.000,0.000,0.000,0.000,0.000
-329.500,5.450,560.029,320.000,0.000,0.000,0.000,0.000
-329.250,5.406,558.851,320.000,0.000,0.000,0.000,0.000
-329.000,5.361,557.674,320.000,0.000,0.000,0.000,0.000
-328.750,5.317,556.499,320.000,0.000,0.000,0.000,0.000
-328.500,5.274,555.326,320.000,0.000,0.000,0.000,0.000
-328.250,5.231,554.154,320.000,0.000,0.000,0.000,0.000
-328.000,5.188,552.984,320.000,0.000,0.000,0.000,0.000
-327.750,5.145,551.817,320.000,0.000,0.000,0.000,0.000
-327.500,5.103,550.651,320.000,0.000,0.000,0.000,0.000
-327.250,5.061,549.488,320.000,0.000,0.000,0.000,0.000
-327.000,5.019,548.326,320.000,0.000,0.000,0.000,0.000
-326.750,4.978,547.167,320.000,0.000,0.000,0.000,0.000
-326.500,4.937,546.011,320.000,0.000,0.000,0.000,0.000
-326.250,4.896,544.856,320.000,0.000,0.000,0.000,0.000
-326.000,4.856,543.705,320.000,0.000,0.000,0.000,0.000
-325.750,4.816,542.555,320.000,0.000,0.000,0.000,0.000
-325.500,4.777,541.409,320.000,0.000,0.000,0.000,0.000
-325.250,4.737,540.265,320.000,0.000,0.000,0.000,0.000
-325.000,4.699,539.124,320.000,0.000,0.000,0.000,0.000
-324.750,4.660,537.986,320.000,0.000,0.000,0.000,0.000
-324.500,4.622,536.850,320.000,0.000,0.000,0.000,0.000
-324.250,4.584,535.718,320.000,0.000,0.000,0.000,0.000
-324.000,4.546,534.589,320.000,0.000,0.000,0.000,0.000
-323.750,4.509,533.462,320.000,0.000,0.000,0.000,0.000
-323.500,4.472,532.339,320.000,0.000,0.000,0.000,0.000
-323.250,4.436,531.219,320.000,0.000,0.000,0.000,0.000
-323.000,4.399,530.102,320.000,0.000,0.000,0.000,0.000
-322.750,4.364,528.989,320.000,0.000,0.000,0.000,0.000
-322.500,4.328,527.878,320.000,0.000,0.000,0.000,0.000
-322.250,4.293,526.772,320.000,0.000,0.000,0.000,0.000
-322.000,4.258,525.668,320.000,0.000,0.000,0.000,0.000
-321.750,4.223,524.568,320.000,0.000,0.000,0.000,0.000
-321.500,4.189,523.471,320.000,0.000,0.000,0.000,0.000
-321.250,4.155,522.378,320.000,0.000,0.000,0.000,0.000
-321.000,4.121,521.288,320.000,0.000,0.000,0.000,0.000
-320.750,4.088,520.202,320.000,0.000,0.000,0.000,0.000
-320.500,4.055,519.120,320.000,0.000,0.000,0.000,0.000
-320.250,4.022,518.041,320.000,0.000,0.000,0.000,0.000
-320.000,3.990,516.966,320.000,0.000,0.000,0.000,0.000
-319.750,3.958,515.895,320.000,0.000,0.000,0.000,0.000
-319.500,3.926,514.827,320.000,0.000,0.000,0.000,0.000
-319.250,3.894,513.763,320.000,0.000,0.000,0.000,0.000
-319.000,3.863,512.703,320.000,0.000,0.000,0.000,0.000
-318.750,3.832,511.647,320.000,0.000,0.000,0.000,0.000
-318.500,3.802,510.594,320.000,0.000,0.000,0.000,0.000
-318.250,3.771,509.546,320.000,0.000,0.000,0.000,0.000
-318.000,3.741,508.501,320.000,0.000,0.000,0.000,0.000
-317.750,3.712,507.460,320.000,0.000,0.000,0.000,0.000
-317.500,3.682,506.423,320.000,0.000,0.000,0.000,0.000
-317.250,3.653,505.390,320.000,0.000,0.000,0.000,0.000
-317.000,3.624,504.361,320.000,0.000,0.000,0.000,0.000
-316.750,3.595,503.336,320.000,0.000,0.000,0.000,0.000
-316.500,3.567,502.315,320.000,0.000,0.000,0.000,0.000
-316.250,3.539,501.298,320.000,0.000,0.000,0.000,0.000
-316.000,3.511,500.285,320.000,0.000,0.000,0.000,0.000
-315.750,3.484,499.276,320.000,0.000,0.000,0.000,0.000
-315.500,3.457,498.271,320.000,0.000,0.000,0.000,0.000
-315.250,3.430,497.270,320.000,0.000,0.000,0.000,0.000
-315.000,3.403,496.273,320.000,0.000,0.000,0.000,0.000
-314.750,3.377,495.280,320.000,0.000,0.000,0.000,0.000
-314.500,3.351,494.292,320.000,0.000,0.000,0.000,0.000
-314.250,3.325,493.307,320.000,0.000,0.000,0.000,0.000
-314.000,3.299,492.327,320.000,0.000,0.000,0.000,0.000
-313.750,3.274,491.350,320.000,0.000,0.000,0.000,0.000
-313.500,3.248,490.378,320.000,0.000,0.000,0.000,0.000
-313.250,3.224,489.410,320.000,0.000,0.000,0.000,0.000
-313.000,3.199,488.446,320.000,0.000,0.000,0.000,0.000
-312.750,3.175,487.486,320.000,0.000,0.000,0.000,0.000
-312.500,3.150,486.530,320.000,0.000,0.000,0.000,0.000
-312.250,3.127,485.578,320.000,0.000,0.000,0.000,0.000
-312.000,3.103,484.631,320.000,0.000,0.000,0.000,0.000
-311.750,3.079,483.687,320.000,0.000,0.000,0.000,0.000
-311.500,3.056,482.748,320.000,0.000,0.000,0.000,0.000
-311.250,3.033,481.813,320.000,0.000,0.000,0.000,0.000
-311.000,3.011,480.882,320.000,0.000,0.000,0.000,0.000
-310.750,2.988,479.955,320.000,0.000,0.000,0.000,0.000
-310.500,2.966,479.033,320.000,0.000,0.000,0.000,0.000
-310.250,2.944,478.114,320.000,0.000,0.000,0.000,0.000
-310.000,2.922,477.199,320.000,0.000,0.000,0.000,0.000
-309.750,2.900,476.289,320.000,0.000,0.000,0.000,0.000
-309.500,2.879,475.383,320.000,0.000,0.000,0.000,0.000
-309.250,2.858,474.481,320.000,0.000,0.000,0.000,0.000
-309.000,2.837,473.583,320.000,0.000,0.000,0.000,0.000
-308.750,2.816,472.689,320.000,0.000,0.000,0.000,0.000
-308.500,2.795,471.799,320.000,0.000,0.000,0.000,0.000
-308.250,2.775,470.914,320.000,0.000,0.000,0.000,0.000
-308.000,2.755,470.032,320.000,0.000,0.000,0.000,0.000
-307.750,2.735,469.154,320.000,0.000,0.000,0.000,0.000
-307.500,2.715,468.281,320.000,0.000,0.000,0.000,0.000
-307.250,2.696,467.412,320.000,0.000,0.000,0.000,0.000
-307.000,2.676,466.547,320.000,0.000,0.000,0.000,0.000
-306.750,2.657,465.685,320.000,0.000,0.000,0.000,0.000
-306.500,2.638,464.828,320.000,0.000,0.000,0.000,0.000
-306.250,2.620,463.975,320.000,0.000,0.000,0.000,0.000
-306.000,2.601,463.126,320.000,0.000,0.000,0.000,0.000
-305.750,2.583,462.281,320.000,0.000,0.000,0.000,0.000
-305.500,2.564,461.440,320.000,0.000,0.000,0.000,0.000
-305.250,2.546,460.603,320.000,0.000,0.000,0.000,0.000
-305.000,2.528,459.770,320.000,0.000,0.000,0.000,0.000
-304.750,2.511,458.941,320.000,0.000,0.000,0.000,0.000
-304.500,2.493,458.116,320.000,0.000,0.000,0.000,0.000
-304.250,2.476,457.295,320.000,0.000,0.000,0.000,0.000
-304.000,2.459,456.478,320.000,0.000,0.000,0.000,0.000
-303.750,2.442,455.665,320.000,0.000,0.000,0.000,0.000
-303.500,2.425,454.856,320.000,0.000,0.000,0.000,0.000
-303.250,2.408,454.051,320.000,0.000,0.000,0.000,0.000
-303.000,2.392,453.249,320.000,0.000,0.000,0.000,0.000
-302.750,2.376,452.452,320.000,0.000,0.000,0.000,0.000
-302.500,2.360,451.658,320.000,0.000,0.000,0.000,0.000
-302.250,2.344,450.869,320.000,0.000,0.000,0.000,0.000
-302.000,2.328,450.083,320.000,0.000,0.000,0.000,0.000
-301.750,2.312,449.301,320.000,0.000,0.000,0.000,0.000
-301.500,2.297,448.523,320.000,0.000,0.000,0.000,0.000
-301.250,2.281,447.749,320.000,0.000,0.000,0.000,0.000
-301.000,2.266,446.978,320.000,0.000,0.000,0.000,0.000
-300.750,2.251,446.212,320.000,0.000,0.000,0.000,0.000
-300.500,2.236,445.449,320.000,0.000,0.000,0.000,0.000
-300.250,2.221,444.690,320.000,0.000,0.000,0.000,0.000
-300.000,2.207,443.935,320.000,0.000,0.000,0.000,0.000
-299.750,2.192,443.184,320.000,0.000,0.000,0.000,0.000
-299.500,2.178,442.436,320.000,0.000,0.000,0.000,0.000
-299.250,2.164,441.692,320.000,0.000,0.000,0.000,0.000
-299.000,2.150,440.952,320.000,0.000,0.000,0.000,0.000
-298.750,2.136,440.215,320.000,0.000,0.000,0.000,0.000
-298.500,2.122,439.482,320.000,0.000,0.000,0.000,0.000
-298.250,2.108,438.753,320.000,0.000,0.000,0.000,0.000
-298.000,2.095,438.028,320.000,0.000,0.000,0.000,0.000
-297.750,2.081,437.306,320.000,0.000,0.000,0.000,0.000
-297.500,2.068,436.588,320.000,0.000,0.000,0.000,0.000
-297.250,2.055,435.873,320.000,0.000,0.000,0.000,0.000
-297.000,2.042,435.162,320.000,0.000,0.000,0.000,0.000
-296.750,2.029,434.455,320.000,0.000,0.000,0.000,0.000
-296.500,2.017,433.751,320.000,0.000,0.000,0.000,0.000
-296.250,2.004,433.051,320.000,0.000,0.000,0.000,0.000
-296.000,1.991,432.354,320.000,0.000,0.000,0.000,0.000
-295.750,1.979,431.661,320.000,0.000,0.000,0.000,0.000
-295.500,1.967,430.972,320.000,0.000,0.000,0.000,0.000
-295.250,1.955,430.286,320.000,0.000,0.000,0.000,0.000
-295.000,1.943,429.603,320.000,0.000,0.000,0.000,0.000
-294.750,1.931,428.924,320.000,0.000,0.000,0.000,0.000
-294.500,1.919,428.249,320.000,0.000,0.000,0.000,0.000
-294.250,1.907,427.577,320.000,0.000,0.000,0.000,0.000
-294.000,1.896,426.908,320.000,0.000,0.000,0.000,0.000
-293.750,1.884,426.243,320.000,0.000,0.000,0.000,0.000
-293.500,1.873,425.581,320.000,0.000,0.000,0.000,0.000
-293.250,1.862,424.923,320.000,0.000,0.000,0.000,0.000
-293.000,1.851,424.268,320.000,0.000,0.000,0.000,0.000
-292.750,1.840,423.616,320.000,0.000,0.000,0.000,0.000
-292.500,1.829,422.968,320.000,0.000,0.000,0.000,0.000
-292.250,1.818,422.323,320.000,0.000,0.000,0.000,0.000
-292.000,1.807,421.681,320.000,0.000,0.000,0.000,0.000
-291.750,1.797,421.043,320.000,0.000,0.000,0.000,0.000
-291.500,1.786,420.408,320.000,0.000,0.000,0.000,0.000
-291.250,1.776,419.776,320.000,0.000,0.000,0.000,0.000
-291.000,1.766,419.148,320.000,0.000,0.000,0.000,0.000
-290.750,1.755,418.522,320.000,0.000,0.000,0.000,0.000
-290.500,1.745,417.900,320.000,0.000,0.000,0.000,0.000
-290.250,1.735,417.282,320.000,0.000,0.000,0.000,0.000
-290.000,1.725,416.666,320.000,0.000,0.000,0.000,0.000
-289.750,1.716,416.054,320.000,0.000,0.000,0.000,0.000
-289.500,1.706,415.445,320.000,0.000,0.000,0.000,0.000
-289.250,1.696,414.839,320.000,0.000,0.000,0.000,0.000
-289.000,1.687,414.236,320.000,0.000,0.000,0.000,0.000
-288.750,1.677,413.636,320.000,0.000,0.000,0.000,0.000
-288.500,1.668,413.040,320.000,0.000,0.000,0.000,0.000
-288.250,1.659,412.446,320.000,0.000,0.000,0.000,0.000
-288.000,1.649,411.856,320.000,0.000,0.000,0.000,0.000
-287.750,1.640,411.269,320.000,0.000,0.000,0.000,0.000
-287.500,1.631,410.685,320.000,0.000,0.000,0.000,0.000
-287.250,1.622,410.104,320.000,0.000,0.000,0.000,0.000
-287.000,1.614,409.525,320.000,0.000,0.000,0.000,0.000
-286.750,1.605,408.950,320.000,0.000,0.000,0.000,0.000
-286.500,1.596,408.378,320.000,0.000,0.000,0.000,0.000
-286.250,1.587,407.809,320.000,0.000,0.000,0.000,0.000
-286.000,1.579,407.243,320.000,0.000,0.000,0.000,0.000
-285.750,1.571,406.680,320.000,0.000,0.000,0.000,0.000
-285.500,1.562,406.120,320.000,0.000,0.000,0.000,0.000
-285.250,1.554,405.563,320.000,0.000,0.000,0.000,0.000
-285.000,1.546,405.009,320.000,0.000,0.000,0.000,0.000
-284.750,1.537,404.458,320.000,0.000,0.000,0.000,0.000
-284.500,1.529,403.909,320.000,0.000,0.000,0.000,0.000
-284.250,1.521,403.364,320.000,0.000,0.000,0.000,0.000
-284.000,1.514,402.821,320.000,0.000,0.000,0.000,0.000
-283.750,1.506,402.281,320.000,0.000,0.000,0.000,0.000
-283.500,1.498,401.744,320.000,0.000,0.000,0.000,0.000
-283.250,1.490,401.210,320.000,0.000,0.000,0.000,0.000
-283.000,1.483,400.679,320.000,0.000,0.000,0.000,0.000
-282.750,1.475,400.150,320.000,0.000,0.000,0.000,0.000
-282.500,1.468,399.625,320.000,0.000,0.000,0.000,0.000
-282.250,1.460,399.102,320.000,0.000,0.000,0.000,0.000
-282.000,1.453,398.582,320.000,0.000,0.000,0.000,0.000
-281.750,1.445,398.064,320.000,0.000,0.000,0.000,0.000
-281.500,1.438,397.550,320.000,0.000,0.000,0.000,0.000
-281.250,1.431,397.038,320.000,0.000,0.000,0.000,0.000
-281.000,1.424,396.529,320.000,0.000,0.000,0.000,0.000
-280.750,1.417,396.022,320.000,0.000,0.000,0.000,0.000
-280.500,1.410,395.518,320.000,0.000,0.000,0.000,0.000
-280.250,1.403,395.017,320.000,0.000,0.000,0.000,0.000
-280.000,1.396,394.519,320.000,0.000,0.000,0.000,0.000
-279.750,1.389,394.023,320.000,0.000,0.000,0.000,0.000
-279.500,1.383,393.530,320.000,0.000,0.000,0.000,0.000
-279.250,1.376,393.039,320.000,0.000,0.000,0.000,0.000
-279.000,1.369,392.551,320.000,0.000,0.000,0.000,0.000
-278.750,1.363,392.066,320.000,0.000,0.000,0.000,0.000
-278.500,1.356,391.583,320.000,0.000,0.000,0.000,0.000
-278.250,1.350,391.103,320.000,0.000,0.000,0.000,0.000
-278.000,1.344,390.626,320.000,0.000,0.000,0.000,0.000
-277.750,1.337,390.151,320.000,0.000,0.000,0.000,0.000
-277.500,1.331,389.678,320.000,0.000,0.000,0.000,0.000
-277.250,1.325,389.208,320.000,0.000,0.000,0.000,0.000
-277.000,1.319,388.741,320.000,0.000,0.000,0.000,0.000
-276.750,1.313,388.276,320.000,0.000,0.000,0.000,0.000
-276.500,1.306,387.813,320.000,0.000,0.000,0.000,0.000
-276.250,1.301,387.353,320.000,0.000,0.000,0.000,0.000
-276.000,1.295,386.896,320.000,0.000,0.000,0.000,0.000
-275.750,1.289,386.441,320.000,0.000,0.000,0.000,0.000
-275.500,1.283,385.988,320.000,0.000,0.000,0.000,0.000
-275.250,1.277,385.538,320.000,0.000,0.000,0.000,0.000
-275.000,1.271,385.090,320.000,0.000,0.000,0.000,0.000
-274.750,1.266,384.644,320.000,0.000,0.000,0.000,0.000
-274.500,1.260,384.201,320.000,0.000,0.000,0.000,0.000
-274.250,1.254,383.761,320.000,0.000,0.000,0.000,0.000
-274.000,1.249,383.323,320.000,0.000,0.000,0.000,0.000
-273.750,1.243,382.887,320.000,0.000,0.000,0.000,0.000
-273.500,1.238,382.453,320.000,0.000,0.000,0.000,0.000
-273.250,1.233,382.022,320.000,0.000,0.000,0.000,0.000
-273.000,1.227,381.593,320.000,0.000,0.000,0.000,0.000
-272.750,1.222,381.166,320.000,0.000,0.000,0.000,0.000
-272.500,1.217,380.742,320.000,0.000,0.000,0.000,0.000
-272.250,1.211,380.320,320.000,0.000,0.000,0.000,0.000
-272.000,1.206,379.900,320.000,0.000,0.000,0.000,0.000
-271.750,1.201,379.483,320.000,0.000,0.000,0.000,0.000
-271.500,1.196,379.068,320.000,0.000,0.000,0.000,0.000
-271.250,1.191,378.655,320.000,0.000,0.000,0.000,0.000
-271.000,1.186,378.244,320.000,0.000,0.000,0.000,0.000
-270.750,1.181,377.835,320.000,0.000,0.000,0.000,0.000
-270.500,1.176,377.429,320.000,0.000,0.000,0.000,0.000
-270.250,1.171,377.025,320.000,0.000,0.000,0.000,0.000
-270.000,1.167,376.623,320.000,0.000,0.000,0.000,0.000
-269.750,1.162,376.223,320.000,0.000,0.000,0.000,0.000
-269.500,1.157,375.826,320.000,0.000,0.000,0.000,0.000
-269.250,1.152,375.431,320.000,0.000,0.000,0.000,0.000
-269.000,1.148,375.037,320.000,0.000,0.000,0.000,0.000
-268.750,1.143,374.646,320.000,0.000,0.000,0.000,0.000
-268.500,1.138,374.257,320.000,0.000,0.000,0.000,0.000
-268.250,1.134,373.870,320.000,0.000,0.000,0.000,0.000
-268.000,1.129,373.486,320.000,0.000,0.000,0.000,0.000
-267.750,1.125,373.103,320.000,0.000,0.000,0.000,0.000
-267.500,1.120,372.722,320.000,0.000,0.000,0.000,0.000
-267.250,1.116,372.344,320.000,0.000,0.000,0.000,0.000
-267.000,1.112,371.967,320.000,0.000,0.000,0.000,0.000
-266.750,1.107,371.593,320.000,0.000,0.000,0.000,0.000
-266.500,1.103,371.221,320.000,0.000,0.000,0.000,0.000
-266.250,1.099,370.850,320.000,0.000,0.000,0.000,0.000
-266.000,1.095,370.482,320.000,0.000,0.000,0.000,0.000
-265.750,1.090,370.116,320.000,0.000,0.000,0.000,0.000
-265.500,1.086,369.752,320.000,0.000,0.000,0.000,0.000
-265.250,1.082,369.389,320.000,0.000,0.000,0.000,0.000
-265.000,1.078,369.029,320.000,0.000,0.000,0.000,0.000
-264.750,1.074,368.671,320.000,0.000,0.000,0.000,0.000
-264.500,1.070,368.314,320.000,0.000,0.000,0.000,0.000
-264.250,1.066,367.960,320.000,0.000,0.000,0.000,0.000
-264.000,1.062,367.608,320.000,0.000,0.000,0.000,0.000
-263.750,1.058,367.257,320.000,0.000,0.000,0.000,0.000
-263.500,1.054,366.909,320.000,0.000,0.000,0.000,0.000
-263.250,1.051,366.562,320.000,0.000,0.000,0.000,0.000
-263.000,1.047,366.217,320.000,0.000,0.000,0.000,0.000
-262.750,1.043,365.874,320.000,0.000,0.000,0.000,0.000
-262.500,1.039,365.533,320.000,0.000,0.000,0.000,0.000
-262.250,1.035,365.194,320.000,0.000,0.000,0.000,0.000
-262.000,1.032,364.857,320.000,0.000,0.000,0.000,0.000
-261.750,1.028,364.522,320.000,0.000,0.000,0.000,0.000
-261.500,1.024,364.188,320.000,0.000,0.000,0.000,0.000
-261.250,1.021,363.857,320.000,0.000,0.000,0.000,0.000
-261.000,1.017,363.527,320.000,0.000,0.000,0.000,0.000
-260.750,1.014,363.199,320.000,0.000,0.000,0.000,0.000
-260.500,1.010,362.873,320.000,0.000,0.000,0.000,0.000
-260.250,1.007,362.548,320.000,0.000,0.000,0.000,0.000
-260.000,1.003,362.226,320.000,0.000,0.000,0.000,0.000
-259.750,1.000,361.905,320.000,0.000,0.000,0.000,0.000
-259.500,0.996,361.586,320.000,0.000,0.000,0.000,0.000
-259.250,0.993,361.269,320.000,0.000,0.000,0.000,0.000
-259.000,0.990,360.954,320.000,0.000,0.000,0.000,0.000
-258.750,0.986,360.640,320.000,0.000,0.000,0.000,0.000
-258.500,0.983,360.328,320.000,0.000,0.000,0.000,0.000
-258.250,0.980,360.018,320.000,0.000,0.000,0.000,0.000
-258.000,0.977,359.710,320.000,0.000,0.000,0.000,0.000
-257.750,0.973,359.403,320.000,0.000,0.000,0.000,0.000
-257.500,0.970,359.098,320.000,0.000,0.000,0.000,0.000
-257.250,0.967,358.795,320.000,0.000,0.000,0.000,0.000
-257.000,0.964,358.493,320.000,0.000,0.000,0.000,0.000
-256.750,0.961,358.193,320.000,0.000,0.000,0.000,0.000
-256.500,0.958,357.895,320.000,0.000,0.000,0.000,0.000
-256.250,0.955,357.598,320.000,0.000,0.000,0.000,0.000
-256.000,0.952,357.304,320.000,0.000,0.000,0.000,0.000
-255.750,0.949,357.010,320.000,0.000,0.000,0.000,0.000
-255.500,0.946,356.719,320.000,0.000,0.000,0.000,0.000
-255.250,0.943,356.429,320.000,0.000,0.000,0.000,0.000
-255.000,0.940,356.141,320.000,0.000,0.000,0.000,0.000
-254.750,0.937,355.854,320.000,0.000,0.000,0.000,0.000
-254.500,0.934,355.569,320.000,0.000,0.000,0.000,0.000
-254.250,0.931,355.286,320.000,0.000,0.000,0.000,0.000
-254.000,0.928,355.004,320.000,0.000,0.000,0.000,0.000
-253.750,0.925,354.724,320.000,0.000,0.000,0.000,0.000
-253.500,0.923,354.445,320.000,0.000,0.000,0.000,0.000
-253.250,0.920,354.168,320.000,0.000,0.000,0.000,0.000
-253.000,0.917,353.893,320.000,0.000,0.000,0.000,0.000
-252.750,0.914,353.619,320.000,0.000,0.000,0.000,0.000
-252.500,0.912,353.346,320.000,0.000,0.000,0.000,0.000
-252.250,0.909,353.076,320.000,0.000,0.000,0.000,0.000
-252.000,0.906,352.806,320.000,0.000,0.000,0.000,0.000
-251.750,0.904,352.539,320.000,0.000,0.000,0.000,0.000
-251.500,0.901,352.273,320.000,0.000,0.000,0.000,0.000
-251.250,0.898,352.008,320.000,0.000,0.000,0.000,0.000
-251.000,0.896,351.745,320.000,0.000,0.000,0.000,0.000
-250.750,0.893,351.483,320.000,0.000,0.000,0.000,0.000
-250.500,0.891,351.223,320.000,0.000,0.000,0.000,0.000
-250.250,0.888,350.965,320.000,0.000,0.000,0.000,0.000
-250.000,0.886,350.707,320.000,0.000,0.000,0.000,0.000
-249.750,0.883,350.452,320.000,0.000,0.000,0.000,0.000
-249.500,0.881,350.198,320.000,0.000,0.000,0.000,0.000
-249.250,0.878,349.945,320.000,0.000,0.000,0.000,0.000
-249.000,0.876,349.694,320.000,0.000,0.000,0.000,0.000
-248.750,0.873,349.444,320.000,0.000,0.000,0.000,0.000
-248.500,0.871,349.196,320.000,0.000,0.000,0.000,0.000
-248.250,0.869,348.949,320.000,0.000,0.000,0.000,0.000
-248.000,0.866,348.703,320.000,0.000,0.000,0.000,0.000
-247.750,0.864,348.459,320.000,0.000,0.000,0.000,0.000
-247.500,0.862,348.217,320.000,0.000,0.000,0.000,0.000
-247.250,0.859,347.976,320.000,0.000,0.000,0.000,0.000
-247.000,0.857,347.736,320.000,0.000,0.000,0.000,0.000
-246.750,0.855,347.498,320.000,0.000,0.000,0.000,0.000
-246.500,0.853,347.261,320.000,0.000,0.000,0.000,0.000
-246.250,0.850,347.025,320.000,0.000,0.000,0.000,0.000
-246.000,0.848,346.791,320.000,0.000,0.000,0.000,0.000
-245.750,0.846,346.558,320.000,0.000,0.000,0.000,0.000
-245.500,0.844,346.327,320.000,0.000,0.000,0.000,0.000
-245.250,0.842,346.096,320.000,0.000,0.000,0.000,0.000
-245.000,0.839,345.868,320.000,0.000,0.000,0.000,0.000
-244.750,0.837,345.640,320.000,0.000,0.000,0.000,0.000
-244.500,0.835,345.414,320.000,0.000,0.000,0.000,0.000
-244.250,0.833,345.190,320.000,0.000,0.000,0.000,0.000
-244.000,0.831,344.966,320.000,0.000,0.000,0.000,0.000
-243.750,0.829,344.744,320.000,0.000,0.000,0.000,0.000
-243.500,0.827,344.524,320.000,0.000,0.000,0.000,0.000
-243.250,0.825,344.304,320.000,0.000,0.000,0.000,0.000
-243.000,0.823,344.086,320.000,0.000,0.000,0.000,0.000
-242.750,0.821,343.869,320.000,0.000,0.000,0.000,0.000
-242.500,0.819,343.654,320.000,0.000,0.000,0.000,0.000
-242.250,0.817,343.440,320.000,0.000,0.000,0.000,0.000
-242.000,0.815,343.227,320.000,0.000,0.000,0.000,0.000
-241.750,0.813,343.015,320.000,0.000,0.000,0.000,0.000
-241.500,0.811,342.805,320.000,0.000,0.000,0.000,0.000
-241.250,0.809,342.596,320.000,0.000,0.000,0.000,0.000
-241.000,0.807,342.388,320.000,0.000,0.000,0.000,0.000
-240.750,0.806,342.181,320.000,0.000,0.000,0.000,0.000
-240.500,0.804,341.976,320.000,0.000,0.000,0.000,0.000
-240.250,0.802,341.772,320.000,0.000,0.000,0.000,0.000
-240.000,0.800,341.569,320.000,0.000,0.000,0.000,0.000
-239.750,0.798,341.368,320.000,0.000,0.000,0.000,0.000
-239.500,0.796,341.167,320.000,0.000,0.000,0.000,0.000
-239.250,0.795,340.968,320.000,0.000,0.000,0.000,0.000
-239.000,0.793,340.770,320.000,0.000,0.000,0.000,0.000
-238.750,0.791,340.574,320.000,0.000,0.000,0.000,0.000
-238.500,0.789,340.378,320.000,0.000,0.000,0.000,0.000
-238.250,0.788,340.184,320.000,0.000,0.000,0.000,0.000
-238.000,0.786,339.991,320.000,0.000,0.000,0.000,0.000
-237.750,0.784,339.799,320.000,0.000,0.000,0.000,0.000
-237.500,0.782,339.608,320.000,0.000,0.000,0.000,0.000
-237.250,0.781,339.419,320.000,0.000,0.000,0.000,0.000
-237.000,0.779,339.231,320.000,0.000,0.000,0.000,0.000
-236.750,0.777,339.044,320.000,0.000,0.000,0.000,0.000
-236.500,0.776,338.858,320.000,0.000,0.000,0.000,0.000
-236.250,0.774,338.673,320.000,0.000,0.000,0.000,0.000
-236.000,0.773,338.489,320.000,0.000,0.000,0.000,0.000
-235.750,0.771,338.307,320.000,0.000,0.000,0.000,0.000
-235.500,0.769,338.125,320.000,0.000,0.000,0.000,0.000
-235.250,0.768,337.945,320.000,0.000,0.000,0.000,0.000
-235.000,0.766,337.766,320.000,0.000,0.000,0.000,0.000
-234.750,0.765,337.588,320.000,0.000,0.000,0.000,0.000
-234.500,0.763,337.411,320.000,0.000,0.000,0.000,0.000
-234.250,0.762,337.236,320.000,0.000,0.000,0.000,0.000
-234.000,0.760,337.061,320.000,0.000,0.000,0.000,0.000
-233.750,0.759,336.888,320.000,0.000,0.000,0.000,0.000
-233.500,0.757,336.715,320.000,0.000,0.000,0.000,0.000
-233.250,0.756,336.544,320.000,0.000,0.000,0.000,0.000
-233.000,0.754,336.374,320.000,0.000,0.000,0.000,0.000
-232.750,0.753,336.205,320.000,0.000,0.000,0.000,0.000
-232.500,0.751,336.037,320.000,0.000,0.000,0.000,0.000
-232.250,0.750,335.870,320.000,0.000,0.000,0.000,0.000
-232.000,0.748,335.704,320.000,0.000,0.000,0.000,0.000
-231.750,0.747,335.540,320.000,0.000,0.000,0.000,0.000
-231.500,0.746,335.376,320.000,0.000,0.000,0.000,0.000
-231.250,0.744,335.214,320.000,0.000,0.000,0.000,0.000
-231.000,0.743,335.052,320.000,0.000,0.000,0.000,0.000
-230.750,0.741,334.892,320.000,0.000,0.000,0.000,0.000
-230.500,0.740,334.732,320.000,0.000,0.000,0.000,0.000
-230.250,0.739,334.574,320.000,0.000,0.000,0.000,0.000
-230.000,0.737,334.417,320.000,0.000,0.000,0.000,0.000
-229.750,0.736,334.261,320.000,0.000,0.000,0.000,0.000
-229.500,0.735,334.105,320.000,0.000,0.000,0.000,0.000
-229.250,0.734,333.951,320.000,0.000,0.000,0.000,0.000
-229.000,0.732,333.798,320.000,0.000,0.000,0.000,0.000
-228.750,0.731,333.646,320.000,0.000,0.000,0.000,0.000
-228.500,0.730,333.495,320.000,0.000,0.000,0.000,0.000
-228.250,0.728,333.345,320.000,0.000,0.000,0.000,0.000
-228.000,0.727,333.196,320.000,0.000,0.000,0.000,0.000
-227.750,0.726,333.048,320.000,0.000,0.000,0.000,0.000
-227.500,0.725,332.901,320.000,0.000,0.000,0.000,0.000
-227.250,0.723,332.755,320.000,0.000,0.000,0.000,0.000
-227.000,0.722,332.610,320.000,0.000,0.000,0.000,0.000
-226.750,0.721,332.466,320.000,0.000,0.000,0.000,0.000
-226.500,0.720,332.323,320.000,0.000,0.000,0.000,0.000
-226.250,0.719,332.181,320.000,0.000,0.000,0.000,0.000
-226.000,0.718,332.040,320.000,0.000,0.000,0.000,0.000
-225.750,0.716,331.900,320.000,0.000,0.000,0.000,0.000
-225.500,0.715,331.761,320.000,0.000,0.000,0.000,0.000
-225.250,0.714,331.623,320.000,0.000,0.000,0.000,0.000
-225.000,0.713,331.486,320.000,0.000,0.000,0.000,0.000
-224.750,0.712,331.349,320.000,0.000,0.000,0.000,0.000
-224.500,0.711,331.214,320.000,0.000,0.000,0.000,0.000
-224.250,0.710,331.080,320.000,0.000,0.000,0.000,0.000
-224.000,0.709,330.947,320.000,0.000,0.000,0.000,0.000
-223.750,0.707,330.814,320.000,0.000,0.000,0.000,0.000
-223.500,0.706,330.683,320.000,0.000,0.000,0.000,0.000
-223.250,0.705,330.553,320.000,0.000,0.000,0.000,0.000
-223.000,0.704,330.423,320.000,0.000,0.000,0.000,0.000
-222.750,0.703,330.295,320.000,0.000,0.000,0.000,0.000
-222.500,0.702,330.167,320.000,0.000,0.000,0.000,0.000
-222.250,0.701,330.040,320.000,0.000,0.000,0.000,0.000
-222.000,0.700,329.914,320.000,0.000,0.000,0.000,0.000
-221.750,0.699,329.790,320.000,0.000,0.000,0.000,0.000
-221.500,0.698,329.666,320.000,0.000,0.000,0.000,0.000
-221.250,0.697,329.543,320.000,0.000,0.000,0.000,0.000
-221.000,0.696,329.421,320.000,0.000,0.000,0.000,0.000
-220.750,0.695,329.299,320.000,0.000,0.000,0.000,0.000
-220.500,0.694,329.179,320.000,0.000,0.000,0.000,0.000
-220.250,0.693,329.060,320.000,0.000,0.000,0.000,0.000
-220.000,0.692,328.941,320.000,0.000,0.000,0.000,0.000
-219.750,0.691,328.824,320.000,0.000,0.000,0.000,0.000
-219.500,0.690,328.707,320.000,0.000,0.000,0.000,0.000
-219.250,0.689,328.591,320.000,0.000,0.000,0.000,0.000
-219.000,0.688,328.476,320.000,0.000,0.000,0.000,0.000
-218.750,0.688,328.362,320.000,0.000,0.000,0.000,0.000
-218.500,0.687,328.249,320.000,0.000,0.000,0.000,0.000
-218.250,0.686,328.137,320.000,0.000,0.000,0.000,0.000
-218.000,0.685,328.026,320.000,0.000,0.000,0.000,0.000
-217.750,0.684,327.915,320.000,0.000,0.000,0.000,0.000
-217.500,0.683,327.805,320.000,0.000,0.000,0.000,0.000
-217.250,0.682,327.697,320.000,0.000,0.000,0.000,0.000
-217.000,0.681,327.589,320.000,0.000,0.000,0.000,0.000
-216.750,0.681,327.482,320.000,0.000,0.000,0.000,0.000
-216.500,0.680,327.376,320.000,0.000,0.000,0.000,0.000
-216.250,0.679,327.270,320.000,0.000,0.000,0.000,0.000
-216.000,0.678,327.166,320.000,0.000,0.000,0.000,0.000
-215.750,0.677,327.062,320.000,0.000,0.000,0.000,0.000
-215.500,0.676,326.959,320.000,0.000,0.000,0.000,0.000
-215.250,0.676,326.857,320.000,0.000,0.000,0.000,0.000
-215.000,0.675,326.756,320.000,0.000,0.000,0.000,0.000
-214.750,0.674,326.656,320.000,0.000,0.000,0.000,0.000
-214.500,0.673,326.557,320.000,0.000,0.000,0.000,0.000
-214.250,0.672,326.458,320.000,0.000,0.000,0.000,0.000
-214.000,0.672,326.360,320.000,0.000,0.000,0.000,0.000
-213.750,0.671,326.263,320.000,0.000,0.000,0.000,0.000
-213.500,0.670,326.167,320.000,0.000,0.000,0.000,0.000
-213.250,0.669,326.072,320.000,0.000,0.000,0.000,0.000
-213.000,0.669,325.978,320.000,0.000,0.000,0.000,0.000
-212.750,0.668,325.884,320.000,0.000,0.000,0.000,0.000
-212.500,0.667,325.791,320.000,0.000,0.000,0.000,0.000
-212.250,0.667,325.699,320.000,0.000,0.000,0.000,0.000
-212.000,0.666,325.608,320.000,0.000,0.000,0.000,0.000
-211.750,0.665,325.518,320.000,0.000,0.000,0.000,0.000
-211.500,0.664,325.428,320.000,0.000,0.000,0.000,0.000
-211.250,0.664,325.339,320.000,0.000,0.000,0.000,0.000
-211.000,0.663,325.251,320.000,0.000,0.000,0.000,0.000
-210.750,0.662,325.164,320.000,0.000,0.000,0.000,0.000
-210.500,0.662,325.078,320.000,0.000,0.000,0.000,0.000
-210.250,0.661,324.992,320.000,0.000,0.000,0.000,0.000
-210.000,0.660,324.908,320.000,0.000,0.000,0.000,0.000
-209.750,0.660,324.824,320.000,0.000,0.000,0.000,0.000
-209.500,0.659,324.740,320.000,0.000,0.000,0.000,0.000
-209.250,0.658,324.658,320.000,0.000,0.000,0.000,0.000
-209.000,0.658,324.576,320.000,0.000,0.000,0.000,0.000
-208.750,0.657,324.496,320.000,0.000,0.000,0.000,0.000
-208.500,0.657,324.415,320.000,0.000,0.000,0.000,0.000
-208.250,0.656,324.336,320.000,0.000,0.000,0.000,0.000
-208.000,0.655,324.258,320.000,0.000,0.000,0.000,0.000
-207.750,0.655,324.180,320.000,0.000,0.000,0.000,0.000
-207.500,0.654,324.103,320.000,0.000,0.000,0.000,0.000
-207.250,0.654,324.027,320.000,0.000,0.000,0.000,0.000
-207.000,0.653,323.951,320.000,0.000,0.000,0.000,0.000
-206.750,0.652,323.877,320.000,0.000,0.000,0.000,0.000
-206.500,0.652,323.803,320.000,0.000,0.000,0.000,0.000
-206.250,0.651,323.730,320.000,0.000,0.000,0.000,0.000
-206.000,0.651,323.657,320.000,0.000,0.000,0.000,0.000
-205.750,0.650,323.586,320.000,0.000,0.000,0.000,0.000
-205.500,0.650,323.515,320.000,0.000,0.000,0.000,0.000
-205.250,0.649,323.445,320.000,0.000,0.000,0.000,0.000
-205.000,0.649,323.375,320.000,0.000,0.000,0.000,0.000
-204.750,0.648,323.307,320.000,0.000,0.000,0.000,0.000
-204.500,0.648,323.239,320.000,0.000,0.000,0.000,0.000
-204.250,0.647,323.172,320.000,0.000,0.000,0.000,0.000
-204.000,0.647,323.105,320.000,0.000,0.000,0.000,0.000
-203.750,0.646,323.040,320.000,0.000,0.000,0.000,0.000
-203.500,0.646,322.975,320.000,0.000,0.000,0.000,0.000
-203.250,0.645,322.911,320.000,0.000,0.000,0.000,0.000
-203.000,0.645,322.847,320.000,0.000,0.000,0.000,0.000
-202.750,0.644,322.785,320.000,0.000,0.000,0.000,0.000
-202.500,0.644,322.723,320.000,0.000,0.000,0.000,0.000
-202.250,0.643,322.661,320.000,0.000,0.000,0.000,0.000
-202.000,0.643,322.601,320.000,0.000,0.000,0.000,0.000
-201.750,0.642,322.541,320.000,0.000,0.000,0.000,0.000
-201.500,0.642,322.482,320.000,0.000,0.000,0.000,0.000
-201.250,0.641,322.424,320.000,0.000,0.000,0.000,0.000
-201.000,0.641,322.366,320.000,0.000,0.000,0.000,0.000
-200.750,0.641,322.309,320.000,0.000,0.000,0.000,0.000
-200.500,0.640,322.253,320.000,0.000,0.000,0.000,0.000
-200.250,0.640,322.198,320.000,0.000,0.000,0.000,0.000
-200.000,0.639,322.143,320.000,0.000,0.000,0.000,0.000
-199.750,0.639,322.089,320.000,0.000,0.000,0.000,0.000
-199.500,0.639,322.036,320.000,0.000,0.000,0.000,0.000
-199.250,0.638,321.983,320.000,0.000,0.000,0.000,0.000
-199.000,0.638,321.932,320.000,0.000,0.000,0.000,0.000
-198.750,0.637,321.880,320.000,0.000,0.000,0.000,0.000
-198.500,0.637,321.830,320.000,0.000,0.000,0.000,0.000
-198.250,0.637,321.780,320.000,0.000,0.000,0.000,0.000
-198.000,0.636,321.731,320.000,0.000,0.000,0.000,0.000
-197.750,0.636,321.683,320.000,0.000,0.000,0.000,0.000
-197.500,0.636,321.635,320.000,0.000,0.000,0.000,0.000
-197.250,0.635,321.589,320.000,0.000,0.000,0.000,0.000
-197.000,0.635,321.542,320.000,0.000,0.000,0.000,0.000
-196.750,0.635,321.497,320.000,0.000,0.000,0.000,0.000
-196.500,0.634,321.452,320.000,0.000,0.000,0.000,0.000
-196.250,0.634,321.408,320.000,0.000,0.000,0.000,0.000
-196.000,0.634,321.365,320.000,0.000,0.000,0.000,0.000
-195.750,0.633,321.322,320.000,0.000,0.000,0.000,0.000
-195.500,0.633,321.280,320.000,0.000,0.000,0.000,0.000
-195.250,0.633,321.239,320.000,0.000,0.000,0.000,0.000
-195.000,0.632,321.198,320.000,0.000,0.000,0.000,0.000
-194.750,0.632,321.158,320.000,0.000,0.000,0.000,0.000
-194.500,0.632,321.119,320.000,0.000,0.000,0.000,0.000
-194.250,0.631,321.080,320.000,0.000,0.000,0.000,0.000
-194.000,0.631,321.043,320.000,0.000,0.000,0.000,0.000
-193.750,0.631,321.006,320.000,0.000,0.000,0.000,0.000
-193.500,0.631,320.969,320.000,0.000,0.000,0.000,0.000
-193.250,0.630,320.933,320.000,0.000,0.000,0.000,0.000
-193.000,0.630,320.898,320.000,0.000,0.000,0.000,0.000
-192.750,0.630,320.864,320.000,0.000,0.000,0.000,0.000
-192.500,0.630,320.830,320.000,0.000,0.000,0.000,0.000
-192.250,0.629,320.797,320.000,0.000,0.000,0.000,0.000
-192.000,0.629,320.765,320.000,0.000,0.000,0.000,0.000
-191.750,0.629,320.733,320.000,0.000,0.000,0.000,0.000
-191.500,0.629,320.702,320.000,0.000,0.000,0.000,0.000
-191.250,0.628,320.672,320.000,0.000,0.000,0.000,0.000
-191.000,0.628,320.642,320.000,0.000,0.000,0.000,0.000
-190.750,0.628,320.613,320.000,0.000,0.000,0.000,0.000
-190.500,0.628,320.585,320.000,0.000,0.000,0.000,0.000
-190.250,0.628,320.557,320.000,0.000,0.000,0.000,0.000
-190.000,0.627,320.530,320.000,0.000,0.000,0.000,0.000
-189.750,0.627,320.504,320.000,0.000,0.000,0.000,0.000
-189.500,0.627,320.478,320.000,0.000,0.000,0.000,0.000
-189.250,0.627,320.453,320.000,0.000,0.000,0.000,0.000
-189.000,0.627,320.429,320.000,0.000,0.000,0.000,0.000
-188.750,0.627,320.406,320.000,0.000,0.000,0.000,0.000
-188.500,0.626,320.383,320.000,0.000,0.000,0.000,0.000
-188.250,0.626,320.360,320.000,0.000,0.000,0.000,0.000
-188.000,0.626,320.339,320.000,0.000,0.000,0.000,0.000
-187.750,0.626,320.318,320.000,0.000,0.000,0.000,0.000
-187.500,0.626,320.298,320.000,0.000,0.000,0.000,0.000
-187.250,0.626,320.278,320.000,0.000,0.000,0.000,0.000
-187.000,0.626,320.259,320.000,0.000,0.000,0.000,0.000
-186.750,0.625,320.241,320.000,0.000,0.000,0.000,0.000
-186.500,0.625,320.224,320.000,0.000,0.000,0.000,0.000
-186.250,0.625,320.207,320.000,0.000,0.000,0.000,0.000
-186.000,0.625,320.190,320.000,0.000,0.000,0.000,0.000
-185.750,0.625,320.175,320.000,0.000,0.000,0.000,0.000
-185.500,0.625,320.160,320.000,0.000,0.000,0.000,0.000
-185.250,0.625,320.146,320.000,0.000,0.000,0.000,0.000
-185.000,0.625,320.132,320.000,0.000,0.000,0.000,0.000
-184.750,0.625,320.119,320.000,0.000,0.000,0.000,0.000
-184.500,0.624,320.107,320.000,0.000,0.000,0.000,0.000
-184.250,0.624,320.095,320.000,0.000,0.000,0.000,0.000
-184.000,0.624,320.085,320.000,0.000,0.000,0.000,0.000
-183.750,0.624,320.074,320.000,0.000,0.000,0.000,0.000
-183.500,0.624,320.065,320.000,0.000,0.000,0.000,0.000
-183.250,0.624,320.056,320.000,0.000,0.000,0.000,0.000
-183.000,0.624,320.048,320.000,0.000,0.000,0.000,0.000
-182.750,0.624,320.040,320.000,0.000,0.000,0.000,0.000
-182.500,0.624,320.033,320.000,0.000,0.000,0.000,0.000
-182.250,0.624,320.027,320.000,0.000,0.000,0.000,0.000
-182.000,0.624,320.021,320.000,0.000,0.000,0.000,0.000
-181.750,0.624,320.016,320.000,0.000,0.000,0.000,0.000
-181.500,0.624,320.012,320.000,0.000,0.000,0.000,0.000
-181.250,0.624,320.008,320.000,0.000,0.000,0.000,0.000
-181.000,0.624,320.005,320.000,0.000,0.000,0.000,0.000
-180.750,0.624,320.003,320.000,0.000,0.000,0.000,0.000
-180.500,0.624,320.001,320.000,0.000,0.000,0.000,0.000
-180.250,0.624,320.000,320.000,0.000,0.000,0.000,0.000
-180.000,0.624,320.000,320.000,0.000,0.000,0.000,0.000
-179.750,0.624,320.000,320.000,0.000,0.000,0.000,0.000
-179.500,0.624,320.001,320.000,0.000,0.000,0.000,0.000
-179.250,0.624,320.003,320.000,0.000,0.000,0.000,0.000
-179.000,0.624,320.005,320.000,0.000,0.000,0.000,0.000
-178.750,0.624,320.008,320.000,0.000,0.000,0.000,0.000
-178.500,0.624,320.012,320.000,0.000,0.000,0.000,0.000
-178.250,0.624,320.016,320.000,0.000,0.000,0.000,0.000
-178.000,0.624,320.021,320.000,0.000,0.000,0.000,0.000
-177.750,0.624,320.027,320.000,0.000,0.000,0.000,0.000
-177.500,0.624,320.033,320.000,0.000,0.000,0.000,0.000
-177.250,0.624,320.040,320.000,0.000,0.000,0.000,0.000
-177.000,0.624,320.048,320.000,0.000,0.000,0.000,0.000
-176.750,0.624,320.056,320.000,0.000,0.000,0.000,0.000
-176.500,0.624,320.065,320.000,0.000,0.000,0.000,0.000
-176.250,0.625,320.074,320.000,0.000,0.000,0.000,0.000
-176.000,0.625,320.085,320.000,0.000,0.000,0.000,0.000
-175.750,0.625,320.095,320.000,0.000,0.000,0.000,0.000
-175.500,0.625,320.107,320.000,0.000,0.000,0.000,0.000
-175.250,0.625,320.119,320.000,0.000,0.000,0.000,0.000
-175.000,0.625,320.132,320.000,0.000,0.000,0.000,0.000
-174.750,0.625,320.146,320.000,0.000,0.000,0.000,0.000
-174.500,0.625,320.160,320.000,0.000,0.000,0.000,0.000
-174.250,0.625,320.175,320.000,0.000,0.000,0.000,0.000
-174.000,0.626,320.190,320.000,0.000,0.000,0.000,0.000
-173.750,0.626,320.207,320.000,0.000,0.000,0.000,0.000
-173.500,0.626,320.224,320.000,0.000,0.000,0.000,0.000
-173.250,0.626,320.241,320.000,0.000,0.000,0.000,0.000
-173.000,0.626,320.259,320.000,0.000,0.000,0.000,0.000
-172.750,0.626,320.278,320.000,0.000,0.000,0.000,0.000
-172.500,0.626,320.298,320.000,0.000,0.000,0.000,0.000
-172.250,0.627,320.318,320.000,0.000,0.000,0.000,0.000
-172.000,0.627,320.339,320.000,0.000,0.000,0.000,0.000
-171.750,0.627,320.360,320.000,0.000,0.000,0.000,0.000
-171.500,0.627,320.383,320.000,0.000,0.000,0.000,0.000
-171.250,0.627,320.406,320.000,0.000,0.000,0.000,0.000
-171.000,0.627,320.429,320.000,0.000,0.000,0.000,0.000
-170.750,0.628,320.453,320.000,0.000,0.000,0.000,0.000
-170.500,0.628,320.478,320.000,0.000,0.000,0.000,0.000
-170.250,0.628,320.504,320.000,0.000,0.000,0.000,0.000
-170.000,0.628,320.530,320.000,0.000,0.000,0.000,0.000
-169.750,0.628,320.557,320.000,0.000,0.000,0.000,0.000
-169.500,0.629,320.585,320.000,0.000,0.000,0.000,0.000
-169.250,0.629,320.613,320.000,0.000,0.000,0.000,0.000
-169.000,0.629,320.642,320.000,0.000,0.000,0.000,0.000
-168.750,0.629,320.672,320.000,0.000,0.000,0.000,0.000
-168.500,0.630,320.702,320.000,0.000,0.000,0.000,0.000
-168.250,0.630,320.733,320.000,0.000,0.000,0.000,0.000
-168.000,0.630,320.765,320.000,0.000,0.000,0.000,0.000
-167.750,0.630,320.797,320.000,0.000,0.000,0.000,0.000
-167.500,0.631,320.830,320.000,0.000,0.000,0.000,0.000
-167.250,0.631,320.864,320.000,0.000,0.000,0.000,0.000
-167.000,0.631,320.898,320.000,0.000,0.000,0.000,0.000
-166.750,0.631,320.933,320.000,0.000,0.000,0.000,0.000
-166.500,0.632,320.969,320.000,0.000,0.000,0.000,0.000
-166.250,0.632,321.006,320.000,0.000,0.000,0.000,0.000
-166.000,0.632,321.043,320.000,0.000,0.000,0.000,0.000
-165.750,0.633,321.080,320.000,0.000,0.000,0.000,0.000
-165.500,0.633,321.119,320.000,0.000,0.000,0.000,0.000
-165.250,0.633,321.158,320.000,0.000,0.000,0.000,0.000
-165.000,0.633,321.198,320.000,0.000,0.000,0.000,0.000
-164.750,0.634,321.239,320.000,0.000,0.000,0.000,0.000
-164.500,0.634,321.280,320.000,0.000,0.000,0.000,0.000
-164.250,0.634,321.322,320.000,0.000,0.000,0.000,0.000
-164.000,0.635,321.365,320.000,0.000,0.000,0.000,0.000
-163.750,0.635,321.408,320.000,0.000,0.000,0.000,0.000
-163.500,0.635,321.452,320.000,0.000,0.000,0.000,0.000
-163.250,0.636,321.497,320.000,0.000,0.000,0.000,0.000
-163.000,0.636,321.542,320.000,0.000,0.000,0.000,0.000
-162.750,0.637,321.589,320.000,0.000,0.000,0.000,0.000
-162.500,0.637,321.635,320.000,0.000,0.000,0.000,0.000
-162.250,0.637,321.683,320.000,0.000,0.000,0.000,0.000
-162.000,0.638,321.731,320.000,0.000,0.000,0.000,0.000
-161.750,0.638,321.780,320.000,0.000,0.000,0.000,0.000
-161.500,0.638,321.830,320.000,0.000,0.000,0.000,0.000
-161.250,0.639,321.880,320.000,0.000,0.000,0.000,0.000
-161.000,0.639,321.932,320.000,0.000,0.000,0.000,0.000
-160.750,0.640,321.983,320.000,0.000,0.000,0.000,0.000
-160.500,0.640,322.036,320.000,0.000,0.000,0.000,0.000
-160.250,0.640,322.089,320.000,0.000,0.000,0.000,0.000
-160.000,0.641,322.143,320.000,0.000,0.000,0.000,0.000
-159.750,0.641,322.198,320.000,0.000,0.000,0.000,0.000
-159.500,0.642,322.253,320.000,0.000,0.000,0.000,0.000
-159.250,0.642,322.309,320.000,0.000,0.000,0.000,0.000
-159.000,0.643,322.366,320.000,0.000,0.000,0.000,0.000
-158.750,0.643,322.424,320.000,0.000,0.000,0.000,0.000
-158.500,0.644,322.482,320.000,0.000,0.000,0.000,0.000
-158.250,0.644,322.541,320.000,0.000,0.000,0.000,0.000
-158.000,0.644,322.601,320.000,0.000,0.000,0.000,0.000
-157.750,0.645,322.661,320.000,0.000,0.000,0.000,0.000
-157.500,0.645,322.723,320.000,0.000,0.000,0.000,0.000
-157.250,0.646,322.785,320.000,0.000,0.000,0.000,0.000
-157.000,0.646,322.847,320.000,0.000,0.000,0.000,0.000
-156.750,0.647,322.911,320.000,0.000,0.000,0.000,0.000
-156.500,0.647,322.975,320.000,0.000,0.000,0.000,0.000
-156.250,0.648,323.040,320.000,0.000,0.000,0.000,0.000
-156.000,0.648,323.105,320.000,0.000,0.000,0.000,0.000
-155.750,0.649,323.172,320.000,0.000,0.000,0.000,0.000
-155.500,0.650,323.239,320.000,0.000,0.000,0.000,0.000
-155.250,0.650,323.307,320.000,0.000,0.000,0.000,0.000
-155.000,0.651,323.375,320.000,0.000,0.000,0.000,0.000
-154.750,0.651,323.445,320.000,0.000,0.000,0.000,0.000
-154.500,0.652,323.515,320.000,0.000,0.000,0.000,0.000
-154.250,0.652,323.586,320.000,0.000,0.000,0.000,0.000
-154.000,0.653,323.657,320.000,0.000,0.000,0.000,0.000
-153.750,0.653,323.730,320.000,0.000,0.000,0.000,0.000
-153.500,0.654,323.803,320.000,0.000,0.000,0.000,0.000
-153.250,0.655,323.877,320.000,0.000,0.000,0.000,0.000
-153.000,0.655,323.951,320.000,0.000,0.000,0.000,0.000
-152.750,0.656,324.027,320.000,0.000,0.000,0.000,0.000
-152.500,0.656,324.103,320.000,0.000,0.000,0.000,0.000
-152.250,0.657,324.180,320.000,0.000,0.000,0.000,0.000
-152.000,0.658,324.258,320.000,0.000,0.000,0.000,0.000
-151.750,0.658,324.336,320.000,0.000,0.000,0.000,0.000
-151.500,0.659,324.415,320.000,0.000,0.000,0.000,0.000
-151.250,0.659,324.496,320.000,0.000,0.000,0.000,0.000
-151.000,0.660,324.576,320.000,0.000,0.000,0.000,0.000
-150.750,0.661,324.658,320.000,0.000,0.000,0.000,0.000
-150.500,0.661,324.740,320.000,0.000,0.000,0.000,0.000
-150.250,0.662,324.824,320.000,0.000,0.000,0.000,0.000
-150.000,0.663,324.908,320.000,0.000,0.000,0.000,0.000
-149.750,0.663,324.992,320.000,0.000,0.000,0.000,0.000
-149.500,0.664,325.078,320.000,0.000,0.000,0.000,0.000
-149.250,0.665,325.164,320.000,0.000,0.000,0.000,0.000
-149.000,0.665,325.251,320.000,0.000,0.000,0.000,0.000
-148.750,0.666,325.339,320.000,0.000,0.000,0.000,0.000
-148.500,0.667,325.428,320.000,0.000,0.000,0.000,0.000
-148.250,0.668,325.518,320.000,0.000,0.000,0.000,0.000
-148.000,0.668,325.608,320.000,0.000,0.000,0.000,0.000
-147.750,0.669,325.699,320.000,0.000,0.000,0.000,0.000
-147.500,0.670,325.791,320.000,0.000,0.000,0.000,0.000
-147.250,0.671,325.884,320.000,0.000,0.000,0.000,0.000
-147.000,0.671,325.978,320.000,0.000,0.000,0.000,0.000
-146.750,0.672,326.072,320.000,0.000,0.000,0.000,0.000
-146.500,0.673,326.167,320.000,0.000,0.000,0.000,0.000
-146.250,0.674,326.263,320.000,0.000,0.000,0.000,0.000
-146.000,0.674,326.360,320.000,0.000,0.000,0.000,0.000
-145.750,0.675,326.458,320.000,0.000,0.000,0.000,0.000
-145.500,0.676,326.557,320.000,0.000,0.000,0.000,0.000
-145.250,0.677,326.656,320.000,0.000,0.000,0.000,0.000
-145.000,0.678,326.756,320.000,0.000,0.000,0.000,0.000
-144.750,0.678,326.857,320.000,0.000,0.000,0.000,0.000
-144.500,0.679,326.959,320.000,0.000,0.000,0.000,0.000
-144.250,0.680,327.062,320.000,0.000,0.000,0.000,0.000
-144.000,0.681,327.166,320.000,0.000,0.000,0.000,0.000
-143.750,0.682,327.270,320.000,0.000,0.000,0.000,0.000
-143.500,0.683,327.376,320.000,0.000,0.000,0.000,0.000
-143.250,0.683,327.482,320.000,0.000,0.000,0.000,0.000
-143.000,0.684,327.589,320.000,0.000,0.000,0.000,0.000
-142.750,0.685,327.697,320.000,0.000,0.000,0.000,0.000
-142.500,0.686,327.805,320.000,0.000,0.000,0.000,0.000
-142.250,0.687,327.915,320.000,0.000,0.000,0.000,0.000
-142.000,0.688,328.026,320.000,0.000,0.000,0.000,0.000
-141.750,0.689,328.137,320.000,0.000,0.000,0.000,0.000
-141.500,0.690,328.249,320.000,0.000,0.000,0.000,0.000
-141.250,0.691,328.362,320.000,0.000,0.000,0.000,0.000
-141.000,0.692,328.476,320.000,0.000,0.000,0.000,0.000
-140.750,0.693,328.591,320.000,0.000,0.000,0.000,0.000
-140.500,0.693,328.707,320.000,0.000,0.000,0.000,0.000
-140.250,0.694,328.824,320.000,0.000,0.000,0.000,0.000
-140.000,0.695,328.941,320.000,0.000,0.000,0.000,0.000
-139.750,0.696,329.060,320.000,0.000,0.000,0.000,0.000
-139.500,0.697,329.179,320.000,0.000,0.000,0.000,0.000
-139.250,0.698,329.299,320.000,0.000,0.000,0.000,0.000
-139.000,0.699,329.421,320.000,0.000,0.000,0.000,0.000
-138.750,0.700,329.543,320.000,0.000,0.000,0.000,0.000
-138.500,0.701,329.666,320.000,0.000,0.000,0.000,0.000
-138.250,0.702,329.790,320.000,0.000,0.000,0.000,0.000
-138.000,0.703,329.914,320.000,0.000,0.000,0.000,0.000
-137.750,0.704,330.040,320.000,0.000,0.000,0.000,0.000
-137.500,0.706,330.167,320.000,0.000,0.000,0.000,0.000
-137.250,0.707,330.295,320.000,0.000,0.000,0.000,0.000
-137.000,0.708,330.423,320.000,0.000,0.000,0.000,0.000
-136.750,0.709,330.553,320.000,0.000,0.000,0.000,0.000
-136.500,0.710,330.683,320.000,0.000,0.000,0.000,0.000
-136.250,0.711,330.814,320.000,0.000,0.000,0.000,0.000
-136.000,0.712,330.947,320.000,0.000,0.000,0.000,0.000
-135.750,0.713,331.080,320.000,0.000,0.000,0.000,0.000
-135.500,0.714,331.214,320.000,0.000,0.000,0.000,0.000
-135.250,0.715,331.349,320.000,0.000,0.000,0.000,0.000
-135.000,0.717,331.486,320.000,0.000,0.000,0.000,0.000
-134.750,0.718,331.623,320.000,0.000,0.000,0.000,0.000
-134.500,0.719,331.761,320.000,0.000,0.000,0.000,0.000
-134.250,0.720,331.900,320.000,0.000,0.000,0.000,0.000
-134.000,0.721,332.040,320.000,0.000,0.000,0.000,0.000
-133.750,0.722,332.181,320.000,0.000,0.000,0.000,0.000
-133.500,0.724,332.323,320.000,0.000,0.000,0.000,0.000
-133.250,0.725,332.466,320.000,0.000,0.000,0.000,0.000
-133.000,0.726,332.610,320.000,0.000,0.000,0.000,0.000
-132.750,0.727,332.755,320.000,0.000,0.000,0.000,0.000
-132.500,0.728,332.901,320.000,0.000,0.000,0.000,0.000
-132.250,0.730,333.048,320.000,0.000,0.000,0.000,0.000
-132.000,0.731,333.196,320.000,0.000,0.000,0.000,0.000
-131.750,0.732,333.345,320.000,0.000,0.000,0.000,0.000
-131.500,0.734,333.495,320.000,0.000,0.000,0.000,0.000
-131.250,0.735,333.646,320.000,0.000,0.000,0.000,0.000
-131.000,0.736,333.798,320.000,0.000,0.000,0.000,0.000
-130.750,0.737,333.951,320.000,0.000,0.000,0.000,0.000
-130.500,0.739,334.105,320.000,0.000,0.000,0.000,0.000
-130.250,0.740,334.261,320.000,0.000,0.000,0.000,0.000
-130.000,0.741,334.417,320.000,0.000,0.000,0.000,0.000
-129.750,0.743,334.574,320.000,0.000,0.000,0.000,0.000
-129.500,0.744,334.732,320.000,0.000,0.000,0.000,0.000
-129.250,0.745,334.892,320.000,0.000,0.000,0.000,0.000
-129.000,0.747,335.052,320.000,0.000,0.000,0.000,0.000
-128.750,0.748,335.214,320.000,0.000,0.000,0.000,0.000
-128.500,0.750,335.376,320.000,0.000,0.000,0.000,0.000
-128.250,0.751,335.540,320.000,0.000,0.000,0.000,0.000
-128.000,0.753,335.704,320.000,0.000,0.000,0.000,0.000
-127.750,0.754,335.870,320.000,0.000,0.000,0.000,0.000
-127.500,0.755,336.037,320.000,0.000,0.000,0.000,0.000
-127.250,0.757,336.205,320.000,0.000,0.000,0.000,0.000
-127.000,0.758,336.374,320.000,0.000,0.000,0.000,0.000
-126.750,0.760,336.544,320.000,0.000,0.000,0.000,0.000
-126.500,0.761,336.715,320.000,0.000,0.000,0.000,0.000
-126.250,0.763,336.888,320.000,0.000,0.000,0.000,0.000
-126.000,0.764,337.061,320.000,0.000,0.000,0.000,0.000
-125.750,0.766,337.236,320.000,0.000,0.000,0.000,0.000
-125.500,0.767,337.411,320.000,0.000,0.000,0.000,0.000
-125.250,0.769,337.588,320.000,0.000,0.000,0.000,0.000
-125.000,0.771,337.766,320.000,0.000,0.000,0.000,0.000
-124.750,0.772,337.945,320.000,0.000,0.000,0.000,0.000
-124.500,0.774,338.125,320.000,0.000,0.000,0.000,0.000
-124.250,0.775,338.307,320.000,0.000,0.000,0.000,0.000
-124.000,0.777,338.489,320.000,0.000,0.000,0.000,0.000
-123.750,0.779,338.673,320.000,0.000,0.000,0.000,0.000
-123.500,0.780,338.858,320.000,0.000,0.000,0.000,0.000
-123.250,0.782,339.044,320.000,0.000,0.000,0.000,0.000
-123.000,0.784,339.231,320.000,0.000,0.000,0.000,0.000
-122.750,0.785,339.419,320.000,0.000,0.000,0.000,0.000
-122.500,0.787,339.608,320.000,0.000,0.000,0.000,0.000
-122.250,0.789,339.799,320.000,0.000,0.000,0.000,0.000
-122.000,0.790,339.991,320.000,0.000,0.000,0.000,0.000
-121.750,0.792,340.184,320.000,0.000,0.000,0.000,0.000
-121.500,0.794,340.378,320.000,0.000,0.000,0.000,0.000
-121.250,0.796,340.574,320.000,0.000,0.000,0.000,0.000
-121.000,0.797,340.770,320.000,0.000,0.000,0.000,0.000
-120.750,0.799,340.968,320.000,0.000,0.000,0.000,0.000
-120.500,0.801,341.167,320.000,0.000,0.000,0.000,0.000
-120.250,0.803,341.368,320.000,0.000,0.000,0.000,0.000
-120.000,0.805,341.569,320.000,0.000,0.000,0.000,0.000
-119.750,0.807,341.772,320.000,0.000,0.000,0.000,0.000
-119.500,0.808,341.976,320.000,0.000,0.000,0.000,0.000
-119.250,0.810,342.181,320.000,0.000,0.000,0.000,0.000
-119.000,0.812,342.388,320.000,0.000,0.000,0.000,0.000
-118.750,0.814,342.596,320.000,0.000,0.000,0.000,0.000
-118.500,0.816,342.805,320.000,0.000,0.000,0.000,0.000
-118.250,0.818,343.015,320.000,0.000,0.000,0.000,0.000
-118.000,0.820,343.227,320.000,0.000,0.000,0.000,0.000
-117.750,0.822,343.440,320.000,0.000,0.000,0.000,0.000
-117.500,0.824,343.654,320.000,0.000,0.000,0.000,0.000
-117.250,0.826,343.869,320.000,0.000,0.000,0.000,0.000
-117.000,0.828,344.086,320.000,0.000,0.000,0.000,0.000
-116.750,0.830,344.304,320.000,0.000,0.000,0.000,0.000
-116.500,0.832,344.524,320.000,0.000,0.000,0.000,0.000
-116.250,0.834,344.744,320.000,0.000,0.000,0.000,0.000
-116.000,0.836,344.966,320.000,0.000,0.000,0.000,0.000
-115.750,0.838,345.190,320.000,0.000,0.000,0.000,0.000
-115.500,0.840,345.414,320.000,0.000,0.000,0.000,0.000
-115.250,0.842,345.640,320.000,0.000,0.000,0.000,0.000
-115.000,0.844,345.868,320.000,0.000,0.000,0.000,0.000
-114.750,0.847,346.096,320.000,0.000,0.000,0.000,0.000
-114.500,0.849,346.327,320.000,0.000,0.000,0.000,0.000
-114.250,0.851,346.558,320.000,0.000,0.000,0.000,0.000
-114.000,0.853,346.791,320.000,0.000,0.000,0.000,0.000
-113.750,0.855,347.025,320.000,0.000,0.000,0.000,0.000
-113.500,0.858,347.261,320.000,0.000,0.000,0.000,0.000
-113.250,0.860,347.498,320.000,0.000,0.000,0.000,0.000
-113.000,0.862,347.736,320.000,0.000,0.000,0.000,0.000
-112.750,0.865,347.976,320.000,0.000,0.000,0.000,0.000
-112.500,0.867,348.217,320.000,0.000,0.000,0.000,0.000
-112.250,0.869,348.459,320.000,0.000,0.000,0.000,0.000
-112.000,0.872,348.703,320.000,0.000,0.000,0.000,0.000
-111.750,0.874,348.949,320.000,0.000,0.000,0.000,0.000
-111.500,0.876,349.196,320.000,0.000,0.000,0.000,0.000
-111.250,0.879,349.444,320.000,0.000,0.000,0.000,0.000
-111.000,0.881,349.694,320.000,0.000,0.000,0.000,0.000
-110.750,0.884,349.945,320.000,0.000,0.000,0.000,0.000
-110.500,0.886,350.198,320.000,0.000,0.000,0.000,0.000
-110.250,0.889,350.452,320.000,0.000,0.000,0.000,0.000
-110.000,0.891,350.707,320.000,0.000,0.000,0.000,0.000
-109.750,0.894,350.965,320.000,0.000,0.000,0.000,0.000
-109.500,0.896,351.223,320.000,0.000,0.000,0.000,0.000
-109.250,0.899,351.483,320.000,0.000,0.000,0.000,0.000
-109.000,0.901,351.745,320.000,0.000,0.000,0.000,0.000
-108.750,0.904,352.008,320.000,0.000,0.000,0.000,0.000
-108.500,0.906,352.273,320.000,0.000,0.000,0.000,0.000
-108.250,0.909,352.539,320.000,0.000,0.000,0.000,0.000
-108.000,0.912,352.806,320.000,0.000,0.000,0.000,0.000
-107.750,0.914,353.076,320.000,0.000,0.000,0.000,0.000
-107.500,0.917,353.346,320.000,0.000,0.000,0.000,0.000
-107.250,0.920,353.619,320.000,0.000,0.000,0.000,0.000
-107.000,0.923,353.893,320.000,0.000,0.000,0.000,0.000
-106.750,0.925,354.168,320.000,0.000,0.000,0.000,0.000
-106.500,0.928,354.445,320.000,0.000,0.000,0.000,0.000
-106.250,0.931,354.724,320.000,0.000,0.000,0.000,0.000
-106.000,0.934,355.004,320.000,0.000,0.000,0.000,0.000
-105.750,0.937,355.286,320.000,0.000,0.000,0.000,0.000
-105.500,0.940,355.569,320.000,0.000,0.000,0.000,0.000
-105.250,0.942,355.854,320.000,0.000,0.000,0.000,0.000
-105.000,0.945,356.141,320.000,0.000,0.000,0.000,0.000
-104.750,0.948,356.429,320.000,0.000,0.000,0.000,0.000
-104.500,0.951,356.719,320.000,0.000,0.000,0.000,0.000
-104.250,0.954,357.010,320.000,0.000,0.000,0.000,0.000
-104.000,0.957,357.304,320.000,0.000,0.000,0.000,0.000
-103.750,0.960,357.598,320.000,0.000,0.000,0.000,0.000
-103.500,0.963,357.895,320.000,0.000,0.000,0.000,0.000
-103.250,0.967,358.193,320.000,0.000,0.000,0.000,0.000
-103.000,0.970,358.493,320.000,0.000,0.000,0.000,0.000
-102.750,0.973,358.795,320.000,0.000,0.000,0.000,0.000
-102.500,0.976,359.098,320.000,0.000,0.000,0.000,0.000
-102.250,0.979,359.403,320.000,0.000,0.000,0.000,0.000
-102.000,0.982,359.710,320.000,0.000,0.000,0.000,0.000
-101.750,0.986,360.018,320.000,0.000,0.000,0.000,0.000
-101.500,0.989,360.328,320.000,0.000,0.000,0.000,0.000
-101.250,0.992,360.640,320.000,0.000,0.000,0.000,0.000
-101.000,0.996,360.954,320.000,0.000,0.000,0.000,0.000
-100.750,0.999,361.269,320.000,0.000,0.000,0.000,0.000
-100.500,1.002,361.586,320.000,0.000,0.000,0.000,0.000
-100.250,1.006,361.905,320.000,0.000,0.000,0.000,0.000
-100.000,1.009,362.226,320.000,0.000,0.000,0.000,0.000
-99.750,1.013,362.548,320.000,0.000,0.000,0.000,0.000
-99.500,1.016,362.873,320.000,0.000,0.000,0.000,0.000
-99.250,1.020,363.199,320.000,0.000,0.000,0.000,0.000
-99.000,1.023,363.527,320.000,0.000,0.000,0.000,0.000
-98.750,1.027,363.857,320.000,0.000,0.000,0.000,0.000
-98.500,1.030,364.188,320.000,0.000,0.000,0.000,0.000
-98.250,1.034,364.522,320.000,0.000,0.000,0.000,0.000
-98.000,1.038,364.857,320.000,0.000,0.000,0.000,0.000
-97.750,1.041,365.194,320.000,0.000,0.000,0.000,0.000
-97.500,1.045,365.533,320.000,0.000,0.000,0.000,0.000
-97.250,1.049,365.874,320.000,0.000,0.000,0.000,0.000
-97.000,1.053,366.217,320.000,0.000,0.000,0.000,0.000
-96.750,1.056,366.562,320.000,0.000,0.000,0.000,0.000
-96.500,1.060,366.909,320.000,0.000,0.000,0.000,0.000
-96.250,1.064,367.257,320.000,0.000,0.000,0.000,0.000
-96.000,1.068,367.608,320.000,0.000,0.000,0.000,0.000
-95.750,1.072,367.960,320.000,0.000,0.000,0.000,0.000
-95.500,1.076,368.314,320.000,0.000,0.000,0.000,0.000
-95.250,1.080,368.671,320.000,0.000,0.000,0.000,0.000
-95.000,1.084,369.029,320.000,0.000,0.000,0.000,0.000
-94.750,1.088,369.389,320.000,0.000,0.000,0.000,0.000
-94.500,1.092,369.752,320.000,0.000,0.000,0.000,0.000
-94.250,1.096,370.116,320.000,0.000,0.000,0.000,0.000
-94.000,1.101,370.482,320.000,0.000,0.000,0.000,0.000
-93.750,1.105,370.850,320.000,0.000,0.000,0.000,0.000
-93.500,1.109,371.221,320.000,0.000,0.000,0.000,0.000
-93.250,1.113,371.593,320.000,0.000,0.000,0.000,0.000
-93.000,1.118,371.967,320.000,0.000,0.000,0.000,0.000
-92.750,1.122,372.344,320.000,0.000,0.000,0.000,0.000
-92.500,1.126,372.722,320.000,0.000,0.000,0.000,0.000
-92.250,1.131,373.103,320.000,0.000,0.000,0.000,0.000
-92.000,1.135,373.486,320.000,0.000,0.000,0.000,0.000
-91.750,1.140,373.870,320.000,0.000,0.000,0.000,0.000
-91.500,1.144,374.257,320.000,0.000,0.000,0.000,0.000
-91.250,1.149,374.646,320.000,0.000,0.000,0.000,0.000
-91.000,1.154,375.037,320.000,0.000,0.000,0.000,0.000
-90.750,1.158,375.431,320.000,0.000,0.000,0.000,0.000
-90.500,1.163,375.826,320.000,0.000,0.000,0.000,0.000
-90.250,1.168,376.223,320.000,0.000,0.000,0.000,0.000
-90.000,1.172,376.623,320.000,0.000,0.000,0.000,0.000
-89.750,1.177,377.025,320.000,0.000,0.000,0.000,0.000
-89.500,1.182,377.429,320.000,0.000,0.000,0.000,0.000
-89.250,1.187,377.835,320.000,0.000,0.000,0.000,0.000
-89.000,1.192,378.244,320.000,0.000,0.000,0.000,0.000
-88.750,1.197,378.655,320.000,0.000,0.000,0.000,0.000
-88.500,1.202,379.068,320.000,0.000,0.000,0.000,0.000
-88.250,1.207,379.483,320.000,0.000,0.000,0.000,0.000
-88.000,1.212,379.900,320.000,0.000,0.000,0.000,0.000
-87.750,1.217,380.320,320.000,0.000,0.000,0.000,0.000
-87.500,1.223,380.742,320.000,0.000,0.000,0.000,0.000
-87.250,1.228,381.166,320.000,0.000,0.000,0.000,0.000
-87.000,1.233,381.593,320.000,0.000,0.000,0.000,0.000
-86.750,1.238,382.022,320.000,0.000,0.000,0.000,0.000
-86.500,1.244,382.453,320.000,0.000,0.000,0.000,0.000
-86.250,1.249,382.887,320.000,0.000,0.000,0.000,0.000
-86.000,1.255,383.323,320.000,0.000,0.000,0.000,0.000
-85.750,1.260,383.761,320.000,0.000,0.000,0.000,0.000
-85.500,1.266,384.201,320.000,0.000,0.000,0.000,0.000
-85.250,1.271,384.644,320.000,0.000,0.000,0.000,0.000
-85.000,1.277,385.090,320.000,0.000,0.000,0.000,0.000
-84.750,1.283,385.538,320.000,0.000,0.000,0.000,0.000
-84.500,1.289,385.988,320.000,0.000,0.000,0.000,0.000
-84.250,1.294,386.441,320.000,0.000,0.000,0.000,0.000
-84.000,1.300,386.896,320.000,0.000,0.000,0.000,0.000
-83.750,1.306,387.353,320.000,0.000,0.000,0.000,0.000
-83.500,1.312,387.813,320.000,0.000,0.000,0.000,0.000
-83.250,1.318,388.276,320.000,0.000,0.000,0.000,0.000
-83.000,1.324,388.741,320.000,0.000,0.000,0.000,0.000
-82.750,1.330,389.208,320.000,0.000,0.000,0.000,0.000
-82.500,1.337,389.678,320.000,0.000,0.000,0.000,0.000
-82.250,1.343,390.151,320.000,0.000,0.000,0.000,0.000
-82.000,1.349,390.626,320.000,0.000,0.000,0.000,0.000
-81.750,1.355,391.103,320.000,0.000,0.000,0.000,0.000
-81.500,1.362,391.583,320.000,0.000,0.000,0.000,0.000
-81.250,1.368,392.066,320.000,0.000,0.000,0.000,0.000
-81.000,1.375,392.551,320.000,0.000,0.000,0.000,0.000
-80.750,1.381,393.039,320.000,0.000,0.000,0.000,0.000
-80.500,1.388,393.530,320.000,0.000,0.000,0.000,0.000
-80.250,1.395,394.023,320.000,0.000,0.000,0.000,0.000
-80.000,1.401,394.519,320.000,0.000,0.000,0.000,0.000
-79.750,1.408,395.017,320.000,0.000,0.000,0.000,0.000
-79.500,1.415,395.518,320.000,0.000,0.000,0.000,0.000
-79.250,1.422,396.022,320.000,0.000,0.000,0.000,0.000
-79.000,1.429,396.529,320.000,0.000,0.000,0.000,0.000
-78.750,1.436,397.038,320.000,0.000,0.000,0.000,0.000
-78.500,1.443,397.550,320.000,0.000,0.000,0.000,0.000
-78.250,1.450,398.064,320.000,0.000,0.000,0.000,0.000
-78.000,1.458,398.582,320.000,0.000,0.000,0.000,0.000
-77.750,1.465,399.102,320.000,0.000,0.000,0.000,0.000
-77.500,1.472,399.625,320.000,0.000,0.000,0.000,0.000
-77.250,1.480,400.150,320.000,0.000,0.000,0.000,0.000
-77.000,1.487,400.679,320.000,0.000,0.000,0.000,0.000
-76.750,1.495,401.210,320.000,0.000,0.000,0.000,0.000
-76.500,1.503,401.744,320.000,0.000,0.000,0.000,0.000
-76.250,1.510,402.281,320.000,0.000,0.000,0.000,0.000
-76.000,1.518,402.821,320.000,0.000,0.000,0.000,0.000
-75.750,1.526,403.364,320.000,0.000,0.000,0.000,0.000
-75.500,1.534,403.909,320.000,0.000,0.000,0.000,0.000
-75.250,1.542,404.458,320.000,0.000,0.000,0.000,0.000
-75.000,1.550,405.009,320.000,0.000,0.000,0.000,0.000
-74.750,1.558,405.563,320.000,0.000,0.000,0.000,0.000
-74.500,1.566,406.120,320.000,0.000,0.000,0.000,0.000
-74.250,1.575,406.680,320.000,0.000,0.000,0.000,0.000
-74.000,1.583,407.243,320.000,0.000,0.000,0.000,0.000
-73.750,1.592,407.809,320.000,0.000,0.000,0.000,0.000
-73.500,1.600,408.378,320.000,0.000,0.000,0.000,0.000
-73.250,1.609,408.950,320.000,0.000,0.000,0.000,0.000
-73.000,1.617,409.525,320.000,0.000,0.000,0.000,0.000
-72.750,1.626,410.104,320.000,0.000,0.000,0.000,0.000
-72.500,1.635,410.685,320.000,0.000,0.000,0.000,0.000
-72.250,1.644,411.269,320.000,0.000,0.000,0.000,0.000
-72.000,1.653,411.856,320.000,0.000,0.000,0.000,0.000
-71.750,1.662,412.446,320.000,0.000,0.000,0.000,0.000
-71.500,1.671,413.040,320.000,0.000,0.000,0.000,0.000
-71.250,1.681,413.636,320.000,0.000,0.000,0.000,0.000
-71.000,1.690,414.236,320.000,0.000,0.000,0.000,0.000
-70.750,1.699,414.839,320.000,0.000,0.000,0.000,0.000
-70.500,1.709,415.445,320.000,0.000,0.000,0.000,0.000
-70.250,1.719,416.054,320.000,0.000,0.000,0.000,0.000
-70.000,1.728,416.666,320.000,0.000,0.000,0.000,0.000
-69.750,1.738,417.282,320.000,0.000,0.000,0.000,0.000
-69.500,1.748,417.900,320.000,0.000,0.000,0.000,0.000
-69.250,1.758,418.522,320.000,0.000,0.000,0.000,0.000
-69.000,1.768,419.148,320.000,0.000,0.000,0.000,0.000
-68.750,1.778,419.776,320.000,0.000,0.000,0.000,0.000
-68.500,1.789,420.408,320.000,0.000,0.000,0.000,0.000
-68.250,1.799,421.043,320.000,0.000,0.000,0.000,0.000
-68.000,1.809,421.681,320.000,0.000,0.000,0.000,0.000
-67.750,1.820,422.323,320.000,0.000,0.000,0.000,0.000
-67.500,1.831,422.968,320.000,0.000,0.000,0.000,0.000
-67.250,1.842,423.616,320.000,0.000,0.000,0.000,0.000
-67.000,1.852,424.268,320.000,0.000,0.000,0.000,0.000
-66.750,1.863,424.923,320.000,0.000,0.000,0.000,0.000
-66.500,1.875,425.581,320.000,0.000,0.000,0.000,0.000
-66.250,1.886,426.243,320.000,0.000,0.000,0.000,0.000
-66.000,1.897,426.908,320.000,0.000,0.000,0.000,0.000
-65.750,1.908,427.577,320.000,0.000,0.000,0.000,0.000
-65.500,1.920,428.249,320.000,0.000,0.000,0.000,0.000
-65.250,1.932,428.924,320.000,0.000,0.000,0.000,0.000
-65.000,1.943,429.603,320.000,0.000,0.000,0.000,0.000
-64.750,1.955,430.286,320.000,0.000,0.000,0.000,0.000
-64.500,1.967,430.972,320.000,0.000,0.000,0.000,0.000
-64.250,1.979,431.661,320.000,0.000,0.000,0.000,0.000
-64.000,1.992,432.354,320.000,0.000,0.000,0.000,0.000
-63.750,2.004,433.051,320.000,0.000,0.000,0.000,0.000
-63.500,2.016,433.751,320.000,0.000,0.000,0.000,0.000
-63.250,2.029,434.455,320.000,0.000,0.000,0.000,0.000
-63.000,2.042,435.162,320.000,0.000,0.000,0.000,0.000
-62.750,2.054,435.873,320.000,0.000,0.000,0.000,0.000
-62.500,2.067,436.588,320.000,0.000,0.000,0.000,0.000
-62.250,2.080,437.306,320.000,0.000,0.000,0.000,0.000
-62.000,2.094,438.028,320.000,0.000,0.000,0.000,0.000
-61.750,2.107,438.753,320.000,0.000,0.000,0.000,0.000
-61.500,2.120,439.482,320.000,0.000,0.000,0.000,0.000
-61.250,2.134,440.215,320.000,0.000,0.000,0.000,0.000
-61.000,2.148,440.952,320.000,0.000,0.000,0.000,0.000
-60.750,2.161,441.692,320.000,0.000,0.000,0.000,0.000
-60.500,2.175,442.436,320.000,0.000,0.000,0.000,0.000
-60.250,2.190,443.184,320.000,0.000,0.000,0.000,0.000
-60.000,2.204,443.935,320.000,0.000,0.000,0.000,0.000
-59.750,2.218,444.690,320.000,0.000,0.000,0.000,0.000
-59.500,2.233,445.449,320.000,0.000,0.000,0.000,0.000
-59.250,2.247,446.212,320.000,0.000,0.000,0.000,0.000
-59.000,2.262,446.978,320.000,0.000,0.000,0.000,0.000
-58.750,2.277,447.749,320.000,0.000,0.000,0.000,0.000
-58.500,2.292,448.523,320.000,0.000,0.000,0.000,0.000
-58.250,2.308,449.301,320.000,0.000,0.000,0.000,0.000
-58.000,2.323,450.083,320.000,0.000,0.000,0.000,0.000
-57.750,2.339,450.869,320.000,0.000,0.000,0.000,0.000
-57.500,2.354,451.658,320.000,0.000,0.000,0.000,0.000
-57.250,2.370,452.452,320.000,0.000,0.000,0.000,0.000
-57.000,2.386,453.249,320.000,0.000,0.000,0.000,0.000
-56.750,2.402,454.051,320.000,0.000,0.000,0.000,0.000
-56.500,2.419,454.856,320.000,0.000,0.000,0.000,0.000
-56.250,2.435,455.665,320.000,0.000,0.000,0.000,0.000
-56.000,2.452,456.478,320.000,0.000,0.000,0.000,0.000
-55.750,2.469,457.295,320.000,0.000,0.000,0.000,0.000
-55.500,2.486,458.116,320.000,0.000,0.000,0.000,0.000
-55.250,2.503,458.941,320.000,0.000,0.000,0.000,0.000
-55.000,2.520,459.770,320.000,0.000,0.000,0.000,0.000
-54.750,2.538,460.603,320.000,0.000,0.000,0.000,0.000
-54.500,2.556,461.440,320.000,0.000,0.000,0.000,0.000
-54.250,2.574,462.281,320.000,0.000,0.000,0.000,0.000
-54.000,2.592,463.126,320.000,0.000,0.000,0.000,0.000
-53.750,2.610,463.975,320.000,0.000,0.000,0.000,0.000
-53.500,2.628,464.828,320.000,0.000,0.000,0.000,0.000
-53.250,2.647,465.685,320.000,0.000,0.000,0.000,0.000
-53.000,2.666,466.547,320.000,0.000,0.000,0.000,0.000
-52.750,2.685,467.412,320.000,0.000,0.000,0.000,0.000
-52.500,2.704,468.281,320.000,0.000,0.000,0.000,0.000
-52.250,2.723,469.154,320.000,0.000,0.000,0.000,0.000
-52.000,2.743,470.032,320.000,0.000,0.000,0.000,0.000
-51.750,2.762,470.914,320.000,0.000,0.000,0.000,0.000
-51.500,2.782,471.799,320.000,0.000,0.000,0.000,0.000
-51.250,2.802,472.689,320.000,0.000,0.000,0.000,0.000
-51.000,2.823,473.583,320.000,0.000,0.000,0.000,0.000
-50.750,2.843,474.481,320.000,0.000,0.000,0.000,0.000
-50.500,2.864,475.383,320.000,0.000,0.000,0.000,0.000
-50.250,2.885,476.289,320.000,0.000,0.000,0.000,0.000
-50.000,2.906,477.199,320.000,0.000,0.000,0.000,0.000
-49.750,2.928,478.114,320.000,0.000,0.000,0.000,0.000
-49.500,2.949,479.033,320.000,0.000,0.000,0.000,0.000
-49.250,2.971,479.955,320.000,0.000,0.000,0.000,0.000
-49.000,2.993,480.882,320.000,0.000,0.000,0.000,0.000
-48.750,3.015,481.813,320.000,0.000,0.000,0.000,0.000
-48.500,3.038,482.748,320.000,0.000,0.000,0.000,0.000
-48.250,3.060,483.687,320.000,0.000,0.000,0.000,0.000
-48.000,3.083,484.631,320.000,0.000,0.000,0.000,0.000
-47.750,3.106,485.578,320.000,0.000,0.000,0.000,0.000
-47.500,3.130,486.530,320.000,0.000,0.000,0.000,0.000
-47.250,3.153,487.486,320.000,0.000,0.000,0.000,0.000
-47.000,3.177,488.446,320.000,0.000,0.000,0.000,0.000
-46.750,3.201,489.410,320.000,0.000,0.000,0.000,0.000
-46.500,3.225,490.378,320.000,0.000,0.000,0.000,0.000
-46.250,3.250,491.350,320.000,0.000,0.000,0.000,0.000
-46.000,3.275,492.327,320.000,0.000,0.000,0.000,0.000
-45.750,3.300,493.307,320.000,0.000,0.000,0.000,0.000
-45.500,3.325,494.292,320.000,0.000,0.000,0.000,0.000
-45.250,3.350,495.280,320.000,0.000,0.000,0.000,0.000
-45.000,3.376,496.273,320.000,0.000,0.000,0.000,0.000
-44.750,3.402,497.270,320.000,0.000,0.000,0.000,0.000
-44.500,3.428,498.271,320.000,0.000,0.000,0.000,0.000
-44.250,3.455,499.276,320.000,0.000,0.000,0.000,0.000
-44.000,3.482,500.285,320.000,0.000,0.000,0.000,0.000
-43.750,3.509,501.298,320.000,0.000,0.000,0.000,0.000
-43.500,3.536,502.315,320.000,0.000,0.000,0.000,0.000
-43.250,3.564,503.336,320.000,0.000,0.000,0.000,0.000
-43.000,3.591,504.361,320.000,0.000,0.000,0.000,0.000
-42.750,3.619,505.390,320.000,0.000,0.000,0.000,0.000
-42.500,3.648,506.423,320.000,0.000,0.000,0.000,0.000
-42.250,3.676,507.460,320.000,0.000,0.000,0.000,0.000
-42.000,3.705,508.501,320.000,0.000,0.000,0.000,0.000
-41.750,3.734,509.546,320.000,0.000,0.000,0.000,0.000
-41.500,3.764,510.594,320.000,0.000,0.000,0.000,0.000
-41.250,3.794,511.647,320.000,0.000,0.000,0.000,0.000
-41.000,3.824,512.703,320.000,0.000,0.000,0.000,0.000
-40.750,3.854,513.763,320.000,0.000,0.000,0.000,0.000
-40.500,3.885,514.827,320.000,0.000,0.000,0.000,0.000
-40.250,3.915,515.895,320.000,0.000,0.000,0.000,0.000
-40.000,3.947,516.966,320.000,0.000,0.000,0.000,0.000
-39.750,3.978,518.041,320.000,0.000,0.000,0.000,0.000
-39.500,4.010,519.120,320.000,0.000,0.000,0.000,0.000
-39.250,4.042,520.202,320.000,0.000,0.000,0.000,0.000
-39.000,4.074,521.288,320.000,0.000,0.000,0.000,0.000
-38.750,4.107,522.378,320.000,0.000,0.000,0.000,0.000
-38.500,4.140,523.471,320.000,0.000,0.000,0.000,0.000
-38.250,4.173,524.568,320.000,0.000,0.000,0.000,0.000
-38.000,4.206,525.668,320.000,0.000,0.000,0.000,0.000
-37.750,4.240,526.772,320.000,0.000,0.000,0.000,0.000
-37.500,4.274,527.878,320.000,0.000,0.000,0.000,0.000
-37.250,4.309,528.989,320.000,0.000,0.000,0.000,0.000
-37.000,4.343,530.102,320.000,0.000,0.000,0.000,0.000
-36.750,4.378,531.219,320.000,0.000,0.000,0.000,0.000
-36.500,4.414,532.339,320.000,0.000,0.000,0.000,0.000
-36.250,4.449,533.462,320.000,0.000,0.000,0.000,0.000
-36.000,4.485,534.589,320.000,0.000,0.000,0.000,0.000
-35.750,4.522,535.718,320.000,0.000,0.000,0.000,0.000
-35.500,4.558,536.850,320.000,0.000,0.000,0.000,0.000
-35.250,4.595,537.986,320.000,0.000,0.000,0.000,0.000
-35.000,4.632,539.124,320.000,0.000,0.000,0.000,0.000
-34.750,4.670,540.265,320.000,0.000,0.000,0.000,0.000
-34.500,4.708,541.409,320.000,0.000,0.000,0.000,0.000
-34.250,4.746,542.555,320.000,0.000,0.000,0.000,0.000
-34.000,4.784,543.705,320.000,0.000,0.000,0.000,0.000
-33.750,4.823,544.856,320.000,0.000,0.000,0.000,0.000
-33.500,4.862,546.011,320.000,0.000,0.000,0.000,0.000
-33.250,4.902,547.167,320.000,0.000,0.000,0.000,0.000
-33.000,4.941,548.326,320.000,0.000,0.000,0.000,0.000
-32.750,4.981,549.488,320.000,0.000,0.000,0.000,0.000
-32.500,5.022,550.651,320.000,0.000,0.000,0.000,0.000
-32.250,5.062,551.817,320.000,0.000,0.000,0.000,0.000
-32.000,5.103,552.984,320.000,0.000,0.000,0.000,0.000
-31.750,5.144,554.154,320.000,0.000,0.000,0.000,0.000
-31.500,5.186,555.326,320.000,0.000,0.000,0.000,0.000
-31.250,5.228,556.499,320.000,0.000,0.000,0.000,0.000
-31.000,5.270,557.674,320.000,0.000,0.000,0.000,0.000
-30.750,5.313,558.851,320.000,0.000,0.000,0.000,0.000
-30.500,5.355,560.029,320.000,0.000,0.000,0.000,0.000
-30.250,5.399,561.208,320.000,0.000,0.000,0.000,0.000
-30.000,5.442,562.389,320.000,0.000,0.000,0.000,0.000
-29.750,5.486,563.571,320.000,0.000,0.000,0.000,0.000
-29.500,5.530,564.755,320.000,0.000,0.000,0.000,0.000
-29.250,5.574,565.939,320.000,0.000,0.000,0.000,0.000
-29.000,5.618,567.124,320.000,0.000,0.000,0.000,0.000
-28.750,5.663,568.310,320.000,0.000,0.000,0.000,0.000
-28.500,5.709,569.496,320.000,0.000,0.000,0.000,0.000
-28.250,5.754,570.683,320.000,0.000,0.000,0.000,0.000
-28.000,5.800,571.871,320.000,0.000,0.000,0.000,0.000
-27.750,5.846,573.059,320.000,0.000,0.000,0.000,0.000
-27.500,5.892,574.247,320.000,0.000,0.000,0.000,0.000
-27.250,5.938,575.435,320.000,0.000,0.000,0.000,0.000
-27.000,5.985,576.623,320.000,0.000,0.000,0.000,0.000
-26.750,6.032,577.810,320.000,0.000,0.000,0.000,0.000
-26.500,6.080,578.998,320.000,0.000,0.000,0.000,0.000
-26.250,6.127,580.184,320.000,0.000,0.000,0.000,0.000
-26.000,6.175,581.371,320.000,0.000,0.000,0.000,0.000
-25.750,6.223,582.556,320.000,0.000,0.000,0.000,0.000
-25.500,6.271,583.740,320.000,0.000,0.000,0.000,0.000
-25.250,6.320,584.924,320.000,0.000,0.000,0.000,0.000
-25.000,6.368,586.106,320.000,0.000,0.000,0.000,0.000
-24.750,6.417,587.287,320.000,0.000,0.000,0.000,0.000
-24.500,6.466,588.466,320.000,0.000,0.000,0.000,0.000
-24.250,6.516,589.643,320.000,0.000,0.000,0.000,0.000
-24.000,6.565,590.819,320.000,0.000,0.000,0.000,0.000
-23.750,6.615,591.992,320.000,0.000,0.000,0.000,0.000
-23.500,6.665,593.164,320.000,0.000,0.000,0.000,0.000
-23.250,6.715,594.333,320.000,0.000,0.000,0.000,0.000
-23.000,6.765,595.499,320.000,0.000,0.000,0.000,0.000
-22.750,6.815,596.662,320.000,0.000,0.000,0.000,0.000
-22.500,6.866,597.823,320.000,0.000,0.000,0.000,0.000
-22.250,6.916,598.981,320.000,0.000,0.000,0.000,0.000
-22.000,6.967,600.135,320.000,0.000,0.000,0.000,0.000
-21.750,7.018,601.285,320.000,0.000,0.000,0.000,0.000
-21.500,7.069,602.432,320.000,0.000,0.000,0.000,0.000
-21.250,7.120,603.575,320.000,0.000,0.000,0.000,0.000
-21.000,7.171,604.714,320.000,0.000,0.000,0.000,0.000
-20.750,7.222,605.849,320.000,0.000,0.000,0.000,0.000
-20.500,7.273,606.979,320.000,0.000,0.000,0.000,0.000
-20.250,7.325,608.105,320.000,0.000,0.000,0.000,0.000
-20.000,7.376,609.225,320.000,0.000,0.000,0.000,0.000
-19.750,7.427,370.724,3000.000,0.000,0.001,0.000,0.000
-19.500,7.479,371.393,3000.000,0.000,0.007,0.000,0.000
-19.250,7.532,372.060,2764.413,0.000,0.020,0.000,0.000
-19.000,7.584,372.729,2470.799,0.000,0.039,0.000,0.000
-18.750,7.637,373.402,2223.204,0.000,0.065,0.000,0.000
-18.500,7.690,374.083,2022.443,0.000,0.097,0.000,0.000
-18.250,7.743,374.773,1858.991,0.000,0.135,0.000,0.000
-18.000,7.797,375.477,1724.221,0.000,0.180,0.000,0.000
-17.750,7.851,376.197,1611.562,0.000,0.231,0.000,0.000
-17.500,7.906,376.935,1516.161,0.000,0.289,0.000,0.000
-17.250,7.961,377.695,1434.434,0.000,0.353,0.000,0.000
-17.000,8.017,378.480,1363.697,0.000,0.423,0.000,0.000
-16.750,8.074,379.293,1301.913,0.000,0.500,0.000,0.000
-16.500,8.131,380.137,1247.514,0.000,0.583,0.000,0.000
-16.250,8.189,381.014,1199.274,0.001,0.673,0.000,0.000
-16.000,8.248,381.928,1156.225,0.001,0.768,0.000,0.000
-15.750,8.308,382.882,1117.589,0.001,0.871,0.000,0.000
-15.500,8.369,383.879,1082.738,0.001,0.979,0.000,0.000
-15.250,8.431,384.921,1051.158,0.001,1.094,0.000,0.000
-15.000,8.494,386.011,1022.423,0.001,1.215,0.000,0.000
-14.750,8.558,387.153,996.182,0.001,1.343,0.000,0.000
-14.500,8.624,388.350,972.136,0.002,1.477,0.000,0.000
-14.250,8.690,389.604,950.036,0.002,1.617,0.000,0.000
-14.000,8.759,390.919,929.668,0.002,1.764,0.000,0.000
-13.750,8.828,392.297,910.851,0.002,1.916,0.000,0.000
-13.500,8.900,393.741,893.427,0.003,2.075,0.000,0.000
-13.250,8.972,395.255,877.262,0.003,2.241,0.000,0.000
-13.000,9.047,396.842,862.236,0.003,2.412,0.000,0.000
-12.750,9.123,398.503,848.247,0.004,2.590,0.000,0.000
-12.500,9.201,400.243,835.206,0.004,2.774,0.000,0.000
-12.250,9.281,402.064,823.032,0.005,2.964,0.000,0.000
-12.000,9.362,403.969,811.657,0.005,3.160,0.000,0.000
-11.750,9.446,405.962,801.016,0.005,3.362,0.000,0.000
-11.500,9.532,408.044,791.057,0.006,3.570,0.000,0.000
-11.250,9.620,410.219,781.729,0.007,3.785,0.000,0.000
-11.000,9.710,412.490,772.988,0.007,4.005,0.000,0.000
-10.750,9.802,414.860,764.795,0.008,4.231,0.000,0.000
-10.500,9.897,417.331,757.115,0.008,4.463,0.000,0.000
-10.250,9.993,419.907,749.915,0.009,4.702,0.000,0.000
-10.000,10.093,422.590,743.168,0.010,4.945,0.000,0.000
-9.750,10.195,425.383,736.846,0.010,5.195,0.000,0.000
-9.500,10.299,428.290,730.927,0.011,5.451,0.000,0.000
-9.250,10.406,431.312,725.388,0.012,5.712,0.000,0.000
-9.000,10.516,434.453,720.211,0.013,5.979,0.000,0.000
-8.750,10.628,437.716,715.378,0.014,6.251,0.000,0.000
-8.500,10.744,441.103,710.872,0.015,6.529,0.000,0.000
-8.250,10.862,444.617,706.679,0.016,6.813,0.000,0.000
-8.000,10.983,448.260,702.785,0.017,7.102,0.000,0.000
-7.750,11.106,452.037,699.178,0.018,7.396,0.000,0.000
-7.500,11.233,455.949,695.846,0.019,7.696,0.000,0.000
-7.250,11.363,459.998,692.780,0.020,8.001,0.000,0.000
-7.000,11.496,464.189,689.969,0.021,8.311,0.000,0.000
-6.750,11.632,468.523,687.405,0.022,8.626,0.000,0.000
-6.500,11.771,473.002,685.079,0.024,8.946,0.000,0.000
-6.250,11.913,477.631,682.984,0.025,9.271,0.000,0.000
-6.000,12.059,482.411,681.114,0.026,9.602,0.000,0.000
-5.750,12.207,487.344,679.462,0.028,9.936,0.000,0.000
-5.500,12.359,492.434,678.021,0.029,10.276,0.000,0.000
-5.250,12.514,497.683,676.788,0.031,10.620,0.000,0.000
-5.000,12.673,503.093,675.756,0.032,10.969,0.000,0.000
-4.750,12.834,508.668,674.920,0.034,11.322,0.000,0.000
-4.500,12.999,514.408,674.278,0.036,11.679,0.000,0.000
-4.250,13.168,520.318,673.824,0.037,12.041,0.000,0.000
-4.000,13.339,526.399,673.555,0.039,12.407,0.000,0.000
-3.750,13.514,532.653,673.468,0.041,12.777,0.000,0.000
-3.500,13.693,539.083,673.559,0.043,13.150,0.000,0.000
-3.250,13.874,545.692,673.826,0.045,13.528,0.000,0.000
-3.000,14.059,552.481,674.265,0.047,13.909,0.000,0.000
-2.750,14.248,559.453,674.875,0.049,14.294,0.000,0.000
-2.500,14.439,566.611,675.652,0.051,14.683,0.000,0.000
-2.250,14.634,573.955,676.595,0.053,15.074,0.000,0.000
-2.000,14.832,581.489,677.701,0.055,15.469,0.000,0.000
-1.750,15.033,589.215,678.969,0.058,15.867,0.000,0.000
-1.500,15.238,597.134,680.397,0.060,16.268,0.000,0.000
-1.250,15.446,605.250,681.983,0.062,16.672,0.000,0.000
-1.000,15.656,613.563,683.726,0.065,17.079,0.000,0.000
-0.750,15.870,622.076,685.624,0.067,17.488,0.000,0.000
-0.500,16.087,630.791,687.676,0.070,17.899,0.000,0.000
-0.250,16.307,639.709,689.880,0.072,18.313,0.000,0.000
0.000,16.530,648.834,692.235,0.075,18.729,0.000,0.000
0.250,16.756,658.166,694.741,0.078,19.147,0.000,0.000
0.500,16.984,667.707,697.396,0.081,19.567,0.000,0.000
0.750,17.215,677.460,700.198,0.084,19.988,0.000,0.000
1.000,17.449,687.426,703.148,0.086,20.411,0.000,0.000
1.250,17.686,697.606,706.245,0.089,20.836,0.000,0.000
1.500,17.925,708.003,709.486,0.092,21.261,0.000,0.000
1.750,18.166,718.618,712.873,0.096,21.688,0.000,0.000
2.000,18.410,729.208,718.618,0.099,22.116,0.000,0.000
2.250,18.656,739.463,729.208,0.102,22.544,0.000,0.000
2.500,18.905,749.940,739.463,0.105,22.973,0.000,0.000
2.750,19.155,760.577,749.940,0.109,23.402,0.000,0.000
3.000,19.408,771.378,760.577,0.112,23.832,0.000,0.000
3.250,19.662,782.343,771.378,0.116,24.261,0.000,0.000
3.500,19.919,793.471,782.343,0.119,24.691,0.000,0.000
3.750,20.177,804.759,793.471,0.123,25.120,0.000,0.000
4.000,20.436,816.208,804.759,0.126,25.548,0.000,0.000
4.250,20.697,827.814,816.208,0.130,25.976,0.000,0.000
4.500,20.960,839.578,827.814,0.134,26.404,0.000,0.000
4.750,21.224,851.496,839.578,0.138,26.830,0.000,0.000
5.000,21.489,863.568,851.496,0.142,27.255,0.000,0.000
5.250,21.755,875.792,863.568,0.145,27.678,0.000,0.000
5.500,22.022,888.165,875.792,0.149,28.100,0.000,0.000
5.750,22.290,900.686,888.165,0.154,28.521,0.000,0.000
6.000,22.559,913.353,900.686,0.158,28.939,0.000,0.000
6.250,22.828,926.163,913.353,0.162,29.355,0.000,0.000
6.500,23.097,939.114,926.163,0.166,29.769,0.000,0.000
6.750,23.367,952.205,939.114,0.170,30.180,0.000,0.000
7.000,23.638,965.432,952.205,0.175,30.589,0.000,0.000
7.250,23.908,978.793,965.432,0.179,30.995,0.000,0.000
7.500,24.178,992.286,978.793,0.184,31.398,0.000,0.000
7.750,24.448,1005.908,992.286,0.188,31.797,0.000,0.000
8.000,24.718,1019.655,1005.908,0.193,32.193,0.000,0.000
8.250,24.987,1033.526,1019.655,0.198,32.585,0.000,0.000
8.500,25.256,1047.518,1033.526,0.202,32.974,0.000,0.000
8.750,25.524,1061.627,1047.518,0.207,33.359,0.000,0.000
9.000,25.792,1075.851,1061.627,0.212,33.739,0.000,0.000
9.250,26.058,1090.186,1075.851,0.217,34.115,0.000,0.000
9.500,26.323,1104.629,1090.186,0.222,34.486,0.000,0.000
9.750,26.588,1119.177,1104.629,0.227,34.853,0.000,0.000
10.000,26.851,1133.827,1119.177,0.232,35.215,0.000,0.000
10.250,27.112,1148.576,1133.827,0.237,35.571,0.000,0.000
10.500,27.372,1163.420,1148.576,0.242,35.922,0.000,0.000
10.750,27.630,1178.355,1163.420,0.247,36.268,0.000,0.000
11.000,27.887,1193.378,1178.355,0.252,36.608,0.000,0.000
11.250,28.141,1208.486,1193.378,0.258,36.943,0.000,0.000
11.500,28.394,1223.674,1208.486,0.263,37.271,0.000,0.000
11.750,28.644,1238.940,1223.674,0.268,37.593,0.000,0.000
12.000,28.892,1254.279,1238.940,0.274,37.909,0.000,0.000
12.250,29.138,1269.688,1254.279,0.279,38.218,0.000,0.000
12.500,29.381,1285.162,1269.688,0.285,38.521,0.000,0.001
12.750,29.622,1300.699,1285.162,0.290,38.816,0.000,0.001
13.000,29.859,1316.293,1300.699,0.296,39.105,0.000,0.001
13.250,30.095,1331.942,1316.293,0.302,39.387,0.000,0.001
13.500,30.327,1347.641,1331.942,0.307,39.661,0.000,0.001
13.750,30.556,1363.387,1347.641,0.313,39.928,0.000,0.001
14.000,30.782,1379.174,1363.387,0.319,40.187,0.000,0.001
14.250,31.005,1395.000,1379.174,0.325,40.439,0.000,0.002
14.500,31.225,1410.860,1395.000,0.330,40.682,0.000,0.002
14.750,31.441,1426.750,1410.860,0.336,40.918,0.000,0.002
15.000,31.654,1442.666,1426.750,0.342,41.145,0.000,0.003
15.250,31.863,1458.603,1442.666,0.348,41.365,0.000,0.003
15.500,32.068,1474.558,1458.603,0.354,41.575,0.000,0.004
15.750,32.270,1490.527,1474.558,0.360,41.778,0.000,0.004
16.000,32.468,1506.505,1490.527,0.366,41.971,0.000,0.005
16.250,32.663,1522.488,1506.505,0.372,42.156,0.000,0.005
16.500,32.853,1538.472,1522.488,0.378,42.332,0.000,0.006
16.750,33.039,1554.454,1538.472,0.384,42.500,0.000,0.007
17.000,33.222,1570.427,1554.454,0.390,42.658,0.000,0.008
17.250,33.400,1586.390,1570.427,0.396,42.807,0.000,0.009
17.500,33.574,1602.336,1586.390,0.402,42.946,0.000,0.010
17.750,33.743,1618.263,1602.336,0.409,43.077,0.000,0.012
18.000,33.909,1634.166,1618.263,0.415,43.198,0.000,0.013
18.250,34.070,1650.041,1634.166,0.421,43.310,0.000,0.015
18.500,34.227,1665.883,1650.041,0.427,43.412,0.000,0.017
18.750,34.379,1681.690,1665.883,0.433,43.504,0.000,0.019
19.000,34.527,1697.456,1681.690,0.440,43.587,0.000,0.021
19.250,34.671,1713.178,1697.456,0.446,43.661,0.000,0.023
19.500,34.809,1728.851,1713.178,0.452,43.724,0.000,0.026
19.750,34.944,1744.473,1728.851,0.458,43.778,0.000,0.028
20.000,35.074,1760.037,1744.473,0.465,43.822,0.000,0.031
20.250,35.199,1775.542,1760.037,0.471,43.857,0.000,0.035
20.500,35.319,1790.983,1775.542,0.477,43.881,0.000,0.038
20.750,35.435,1806.355,1790.983,0.484,43.896,0.000,0.042
21.000,35.546,1821.656,1806.355,0.490,43.900,0.000,0.046
21.250,35.653,1836.881,1821.656,0.496,43.895,0.000,0.051
21.500,35.755,1852.027,1836.881,0.502,43.880,0.000,0.055
21.750,35.852,1867.090,1852.027,0.509,43.855,0.000,0.061
22.000,35.945,1882.067,1867.090,0.515,43.821,0.000,0.066
22.250,36.032,1896.953,1882.067,0.521,43.776,0.000,0.072
22.500,36.116,1911.745,1896.953,0.527,43.722,0.000,0.078
22.750,36.194,1926.441,1911.745,0.534,43.658,0.000,0.085
23.000,36.268,1941.036,1926.441,0.540,43.584,0.000,0.092
23.250,36.337,1955.526,1941.036,0.546,43.501,0.000,0.099
23.500,36.401,1969.910,1955.526,0.552,43.408,0.000,0.107
23.750,36.461,1984.183,1969.910,0.559,43.305,0.000,0.116
24.000,36.516,1998.342,1984.183,0.565,43.193,0.001,0.125
24.250,36.567,2012.385,1998.342,0.571,43.072,0.001,0.134
24.500,36.613,2026.307,2012.385,0.577,42.941,0.001,0.144
24.750,36.654,2040.107,2026.307,0.583,42.801,0.001,0.154
25.000,36.691,2053.780,2040.107,0.589,42.652,0.002,0.165
25.250,36.723,2067.326,2053.780,0.595,42.493,0.002,0.176
25.500,36.751,2080.739,2067.326,0.601,42.326,0.003,0.188
25.750,36.774,2094.019,2080.739,0.607,42.150,0.004,0.201
26.000,36.793,2107.161,2094.019,0.613,41.965,0.005,0.214
26.250,36.808,2120.164,2107.161,0.619,41.771,0.006,0.227
26.500,36.818,2133.026,2120.164,0.625,41.568,0.008,0.241
26.750,36.824,2145.743,2133.026,0.631,41.358,0.009,0.256
27.000,36.826,2158.313,2145.743,0.637,41.138,0.012,0.271
27.250,36.823,2170.734,2158.313,0.643,40.911,0.014,0.286
27.500,36.816,2183.005,2170.734,0.649,40.676,0.018,0.302
27.750,36.805,2195.122,2183.005,0.655,40.433,0.021,0.319
28.000,36.790,2207.083,2195.122,0.660,40.181,0.026,0.336
28.250,36.771,2218.888,2207.083,0.666,39.923,0.032,0.354
28.500,36.748,2230.533,2218.888,0.672,39.657,0.038,0.372
28.750,36.721,2242.018,2230.533,0.677,39.383,0.046,0.391
29.000,36.690,2253.340,2242.018,0.683,39.103,0.055,0.411
29.250,36.655,2264.498,2253.340,0.689,38.815,0.066,0.430
29.500,36.617,2275.490,2264.498,0.694,38.521,0.078,0.451
29.750,36.574,2286.315,2275.490,0.700,38.220,0.093,0.471
30.000,36.528,2296.971,2286.315,0.705,37.912,0.109,0.493
30.250,36.478,2307.458,2296.971,0.710,37.598,0.129,0.514
30.500,36.425,2317.773,2307.458,0.716,37.279,0.151,0.536
30.750,36.368,2327.916,2317.773,0.721,36.953,0.176,0.559
31.000,36.308,2337.884,2327.916,0.726,36.621,0.205,0.582
31.250,36.244,2347.684,2337.884,0.731,36.284,0.238,0.605
31.500,36.177,2357.294,2347.684,0.737,35.942,0.275,0.629
31.750,36.107,2366.768,2357.294,0.742,35.594,0.317,0.653
32.000,36.034,2375.947,2366.768,0.747,35.242,0.365,0.677
32.250,35.957,2385.305,2375.947,0.752,34.885,0.418,0.702
32.500,35.877,2393.384,2385.305,0.757,34.523,0.478,0.727
32.750,35.794,2404.786,2393.384,0.762,34.157,0.544,0.752
33.000,35.709,2404.568,2404.786,0.766,33.786,0.619,0.777
33.250,35.620,2441.418,2404.910,0.771,33.412,0.695,0.804
33.500,35.528,2351.983,2441.418,0.776,33.034,0.811,0.826
33.750,35.434,2388.870,2440.999,0.781,32.652,0.927,0.850
34.000,35.337,2425.709,2440.805,0.785,32.267,1.043,0.875
34.250,35.238,2462.486,2440.827,0.790,31.879,1.160,0.902
34.500,35.135,2415.764,2462.486,0.794,31.489,1.309,0.926
34.750,35.031,2452.451,2462.327,0.799,31.095,1.458,0.952
35.000,34.923,2489.037,2462.370,0.803,30.699,1.608,0.980
35.250,34.814,2413.764,2489.037,0.807,30.300,1.809,1.003
35.500,34.702,2450.207,2488.731,0.812,29.900,2.010,1.003
35.750,34.587,2486.505,2488.619,0.816,29.497,2.212,1.003
36.000,34.471,2500.000,2488.692,0.820,29.093,2.414,1.003
36.250,34.352,2500.000,2500.000,0.824,28.688,2.644,1.003
36.500,34.231,2500.000,2500.078,0.828,28.281,2.874,1.003
36.750,34.109,2500.000,2500.152,0.832,27.873,3.105,1.003
37.000,33.984,2500.000,2500.224,0.836,27.464,3.337,1.003
37.250,33.857,2500.000,2500.292,0.840,27.054,3.569,1.003
37.500,33.729,2500.000,2500.357,0.844,26.644,3.803,1.003
37.750,33.599,2500.000,2500.419,0.848,26.234,4.037,1.003
38.000,33.467,2500.000,2500.479,0.851,25.823,4.272,1.003
38.250,33.333,2500.000,2500.536,0.855,25.413,4.508,1.003
38.500,33.198,2500.000,2500.590,0.858,25.003,4.744,1.003
38.750,33.062,2500.000,2500.642,0.862,24.593,4.981,1.003
39.000,32.923,2500.000,2500.692,0.865,24.185,5.218,1.003
39.250,32.784,2500.000,2500.739,0.869,23.776,5.456,1.003
39.500,32.643,2500.000,2500.784,0.872,23.369,5.695,1.003
39.750,32.501,2500.000,2500.827,0.875,22.963,5.934,1.003
40.000,32.357,2500.000,2500.868,0.879,22.559,6.173,1.003
40.250,32.213,2500.000,2500.907,0.882,22.155,6.413,1.003
40.500,32.067,2500.000,2500.944,0.885,21.754,6.654,1.003
40.750,31.920,2500.000,2500.979,0.888,21.354,6.894,1.003
41.000,31.772,2500.000,2501.013,0.891,20.956,7.135,1.003
41.250,31.624,2500.000,2501.045,0.894,20.561,7.377,1.003
41.500,31.474,2500.000,2501.075,0.897,20.168,7.618,1.003
41.750,31.323,2500.000,2501.104,0.900,19.777,7.860,1.003
42.000,31.172,2500.000,2501.132,0.902,19.388,8.102,1.003
42.250,31.020,2500.000,2501.158,0.905,19.003,8.344,1.003
42.500,30.867,2500.000,2501.182,0.908,18.620,8.587,1.003
42.750,30.713,2500.000,2501.206,0.910,18.240,8.829,1.003
43.000,30.559,2500.000,2501.228,0.913,17.863,9.072,1.003
43.250,30.405,2500.000,2501.249,0.916,17.490,9.315,1.003
43.500,30.250,2500.000,2501.269,0.918,17.120,9.558,1.003
43.750,30.094,2500.000,2501.288,0.920,16.753,9.801,1.003
44.000,29.938,2500.000,2501.305,0.923,16.390,10.044,1.003
44.250,29.781,2500.000,2501.322,0.925,16.030,10.287,1.003
44.500,29.625,2500.000,2501.338,0.927,15.674,10.530,1.003
44.750,29.467,2500.000,2501.353,0.929,15.322,10.773,1.003
45.000,29.310,2500.000,2501.367,0.932,14.974,11.016,1.003
45.250,29.153,2500.000,2501.380,0.934,14.630,11.259,1.003
45.500,28.995,2500.000,2501.393,0.936,14.290,11.501,1.003
45.750,28.837,2500.000,2501.405,0.938,13.954,11.744,1.003
46.000,28.679,2500.000,2501.416,0.940,13.622,11.987,1.003
46.250,28.521,2500.000,2501.426,0.942,13.295,12.229,1.003
46.500,28.363,2500.000,2501.436,0.943,12.972,12.471,1.003
46.750,28.205,2500.000,2501.445,0.945,12.653,12.713,1.003
47.000,28.047,2500.000,2501.454,0.947,12.339,12.955,1.003
47.250,27.889,2500.000,2501.462,0.949,12.029,13.196,1.003
47.500,27.732,2500.000,2501.470,0.950,11.724,13.438,1.003
47.750,27.574,2500.000,2501.477,0.952,11.424,13.679,1.003
48.000,27.417,2500.000,2501.483,0.954,11.128,13.920,1.003
48.250,27.260,2500.000,2501.490,0.955,10.837,14.160,1.003
48.500,27.103,2500.000,2501.495,0.957,10.550,14.400,1.003
48.750,26.946,2500.000,2501.501,0.958,10.268,14.640,1.003
49.000,26.790,2500.000,2501.506,0.960,9.991,14.880,1.003
49.250,26.634,2500.000,2501.510,0.961,9.719,15.119,1.003
49.500,26.478,2500.000,2501.515,0.962,9.452,15.358,1.003
49.750,26.323,2500.000,2501.519,0.964,9.189,15.596,1.003
50.000,26.168,2500.000,2501.522,0.965,8.931,15.835,1.003
50.250,26.014,2500.000,2501.526,0.966,8.678,16.072,1.003
50.500,25.860,2500.000,2501.529,0.967,8.430,16.310,1.003
50.750,25.707,2500.000,2501.532,0.969,8.186,16.547,1.003
51.000,25.554,2500.000,2501.535,0.970,7.948,16.783,1.003
51.250,25.402,2500.000,2501.537,0.971,7.714,17.019,1.003
51.500,25.250,2500.000,2501.539,0.972,7.484,17.255,1.003
51.750,25.099,2500.000,2501.541,0.973,7.260,17.490,1.003
52.000,24.948,2500.000,2501.543,0.974,7.040,17.725,1.003
52.250,24.798,2500.000,2501.545,0.975,6.825,17.959,1.003
52.500,24.649,2500.000,2501.547,0.976,6.615,18.193,1.003
52.750,24.500,2500.000,2501.548,0.977,6.409,18.426,1.003
53.000,24.352,2500.000,2501.549,0.978,6.208,18.659,1.003
53.250,24.205,2500.000,2501.550,0.978,6.011,18.891,1.003
53.500,24.059,2500.000,2501.551,0.979,5.819,19.123,1.003
53.750,23.913,2500.000,2501.552,0.980,5.632,19.354,1.003
54.000,23.767,2500.000,2501.553,0.981,5.449,19.585,1.003
54.250,23.623,2500.000,2501.554,0.982,5.270,19.815,1.003
54.500,23.479,2500.000,2501.555,0.982,5.095,20.045,1.003
54.750,23.337,2500.000,2501.555,0.983,4.925,20.274,1.003
55.000,23.194,2500.000,2501.556,0.984,4.760,20.503,1.003
55.250,23.053,2500.000,2501.556,0.984,4.598,20.731,1.003
55.500,22.913,2500.000,2501.556,0.985,4.441,20.959,1.003
55.750,22.773,2500.000,2501.557,0.986,4.287,21.186,1.003
56.000,22.634,2500.000,2501.557,0.986,4.138,21.412,1.003
56.250,22.496,2500.000,2501.557,0.987,3.993,21.638,1.003
56.500,22.359,2500.000,2501.557,0.987,3.852,21.863,1.003
56.750,22.223,2500.000,2501.557,0.988,3.714,22.088,1.003
57.000,22.087,2500.000,2501.557,0.988,3.581,22.312,1.003
57.250,21.953,2500.000,2501.557,0.989,3.451,22.536,1.003
57.500,21.819,2500.000,2501.557,0.989,3.325,22.759,1.003
57.750,21.686,2500.000,2501.557,0.990,3.202,22.981,1.003
58.000,21.554,2500.000,2501.557,0.990,3.083,23.203,1.003
58.250,21.423,2500.000,2501.557,0.991,2.968,23.425,1.003
58.500,21.293,2500.000,2501.557,0.991,2.856,23.645,1.003
58.750,21.163,2500.000,2501.557,0.992,2.747,23.866,1.003
59.000,21.035,2500.000,2501.557,0.992,2.642,24.085,1.003
59.250,20.907,2500.000,2501.557,0.992,2.540,24.304,1.003
59.500,20.781,2500.000,2501.557,0.993,2.441,24.522,1.003
59.750,20.655,2500.000,2501.557,0.993,2.346,24.740,1.003
60.000,20.676,2500.000,2501.708,1.000,49.346,24.960,1.003
60.250,20.545,2500.000,2501.708,1.000,0.000,25.179,1.003
60.500,20.415,2500.000,2501.708,1.000,0.000,25.398,1.003
60.750,20.286,2500.000,2501.708,1.000,0.000,25.615,1.003
61.000,20.158,2500.000,2501.708,1.000,0.000,25.832,1.003
61.250,20.031,2500.000,2501.708,1.000,0.000,26.049,1.003
61.500,19.906,2500.000,2501.708,1.000,0.000,26.264,1.003
61.750,19.782,2500.000,2501.708,1.000,0.000,26.479,1.003
62.000,19.659,2500.000,2501.708,1.000,0.000,26.694,1.003
62.250,19.537,2500.000,2501.708,1.000,0.000,26.907,1.003
62.500,19.417,2500.000,2501.708,1.000,0.000,27.120,1.003
62.750,19.297,2500.000,2501.708,1.000,0.000,27.333,1.003
63.000,19.179,2500.000,2501.708,1.000,0.000,27.544,1.003
63.250,19.062,2500.000,2501.708,1.000,0.000,27.755,1.003
63.500,18.946,2500.000,2501.708,1.000,0.000,27.966,1.003
63.750,18.831,2500.000,2501.708,1.000,0.000,28.176,1.003
64.000,18.717,2500.000,2501.708,1.000,0.000,28.385,1.003
64.250,18.604,2500.000,2501.708,1.000,0.000,28.593,1.003
64.500,18.492,2500.000,2501.708,1.000,0.000,28.801,1.003
64.750,18.381,2500.000,2501.708,1.000,0.000,29.008,1.003
65.000,18.272,2500.000,2501.708,1.000,0.000,29.215,1.003
65.250,18.163,2500.000,2501.708,1.000,0.000,29.421,1.003
65.500,18.055,2500.000,2501.708,1.000,0.000,29.626,1.003
65.750,17.949,2500.000,2501.708,1.000,0.000,29.831,1.003
66.000,17.843,2500.000,2501.708,1.000,0.000,30.035,1.003
66.250,17.738,2500.000,2501.708,1.000,0.000,30.239,1.003
66.500,17.635,2500.000,2501.708,1.000,0.000,30.442,1.003
66.750,17.532,2500.000,2501.708,1.000,0.000,30.644,1.003
67.000,17.430,2500.000,2501.708,1.000,0.000,30.846,1.003
67.250,17.329,2500.000,2501.708,1.000,0.000,31.048,1.003
67.500,17.230,2500.000,2501.708,1.000,0.000,31.248,1.003
67.750,17.131,2500.000,2501.708,1.000,0.000,31.448,1.003
68.000,17.033,2500.000,2501.708,1.000,0.000,31.648,1.003
68.250,16.935,2500.000,2501.708,1.000,0.000,31.847,1.003
68.500,16.839,2500.000,2501.708,1.000,0.000,32.045,1.003
68.750,16.744,2500.000,2501.708,1.000,0.000,32.243,1.003
69.000,16.649,2500.000,2501.708,1.000,0.000,32.440,1.003
69.250,16.556,2500.000,2501.708,1.000,0.000,32.637,1.003
69.500,16.463,2500.000,2501.708,1.000,0.000,32.833,1.003
69.750,16.371,2500.000,2501.708,1.000,0.000,33.029,1.003
70.000,16.280,2500.000,2501.708,1.000,0.000,33.224,1.003
70.250,16.190,2500.000,2501.708,1.000,0.000,33.418,1.003
70.500,16.101,2500.000,2501.708,1.000,0.000,33.612,1.003
70.750,16.012,2500.000,2501.708,1.000,0.000,33.805,1.003
71.000,15.924,2500.000,2501.708,1.000,0.000,33.998,1.003
71.250,15.837,2500.000,2501.708,1.000,0.000,34.191,1.003
71.500,15.751,2500.000,2501.708,1.000,0.000,34.383,1.003
71.750,15.666,2500.000,2501.708,1.000,0.000,34.574,1.003
72.000,15.581,2500.000,2501.708,1.000,0.000,34.765,1.003
72.250,15.498,2500.000,2501.708,1.000,0.000,34.955,1.003
72.500,15.414,2500.000,2501.708,1.000,0.000,35.145,1.003
72.750,15.332,2500.000,2501.708,1.000,0.000,35.334,1.003
73.000,15.251,2500.000,2501.708,1.000,0.000,35.523,1.003
73.250,15.170,2500.000,2501.708,1.000,0.000,35.711,1.003
73.500,15.090,2500.000,2501.708,1.000,0.000,35.899,1.003
73.750,15.010,2500.000,2501.708,1.000,0.000,36.086,1.003
74.000,14.932,2500.000,2501.708,1.000,0.000,36.273,1.003
74.250,14.854,2500.000,2501.708,1.000,0.000,36.459,1.003
74.500,14.776,2500.000,2501.708,1.000,0.000,36.645,1.003
74.750,14.700,2500.000,2501.708,1.000,0.000,36.831,1.003
75.000,14.624,2500.000,2501.708,1.000,0.000,37.015,1.003
75.250,14.549,2500.000,2501.708,1.000,0.000,37.200,1.003
75.500,14.474,2500.000,2501.708,1.000,0.000,37.384,1.003
75.750,14.400,2500.000,2501.708,1.000,0.000,37.567,1.003
76.000,14.327,2500.000,2501.708,1.000,0.000,37.750,1.003
76.250,14.254,2500.000,2501.708,1.000,0.000,37.933,1.003
76.500,14.182,2500.000,2501.708,1.000,0.000,38.115,1.003
76.750,14.111,2500.000,2501.708,1.000,0.000,38.296,1.003
77.000,14.041,2500.000,2501.708,1.000,0.000,38.477,1.003
77.250,13.970,2500.000,2501.708,1.000,0.000,38.658,1.003
77.500,13.901,2500.000,2501.708,1.000,0.000,38.838,1.003
77.750,13.832,2500.000,2501.708,1.000,0.000,39.018,1.003
78.000,13.764,2500.000,2501.708,1.000,0.000,39.197,1.003
78.250,13.696,2500.000,2501.708,1.000,0.000,39.376,1.003
78.500,13.629,2500.000,2501.708,1.000,0.000,39.555,1.003
78.750,13.563,2500.000,2501.708,1.000,0.000,39.733,1.003
79.000,13.497,2500.000,2501.708,1.000,0.000,39.910,1.003
79.250,13.432,2500.000,2501.708,1.000,0.000,40.088,1.003
79.500,13.367,2500.000,2501.708,1.000,0.000,40.264,1.003
79.750,13.303,2500.000,2501.708,1.000,0.000,40.441,1.003
80.000,13.239,2500.000,2501.708,1.000,0.000,40.617,1.003
80.250,13.176,2500.000,2501.708,1.000,0.000,40.792,1.003
80.500,13.114,2500.000,2501.708,1.000,0.000,40.967,1.003
80.750,13.052,2500.000,2501.708,1.000,0.000,41.142,1.003
81.000,12.991,2500.000,2501.708,1.000,0.000,41.316,1.003
81.250,12.930,2500.000,2501.708,1.000,0.000,41.490,1.003
81.500,12.869,2500.000,2501.708,1.000,0.000,41.663,1.003
81.750,12.809,2500.000,2501.708,1.000,0.000,41.836,1.003
82.000,12.750,2500.000,2501.708,1.000,0.000,42.009,1.003
82.250,12.691,2500.000,2501.708,1.000,0.000,42.181,1.003
82.500,12.633,2500.000,2501.708,1.000,0.000,42.353,1.003
82.750,12.575,2500.000,2501.708,1.000,0.000,42.524,1.003
83.000,12.518,2500.000,2501.708,1.000,0.000,42.695,1.003
83.250,12.461,2500.000,2501.708,1.000,0.000,42.866,1.003
83.500,12.405,2500.000,2501.708,1.000,0.000,43.036,1.003
83.750,12.349,2500.000,2501.708,1.000,0.000,43.206,1.003
84.000,12.294,2500.000,2501.708,1.000,0.000,43.376,1.003
84.250,12.239,2500.000,2501.708,1.000,0.000,43.545,1.003
84.500,12.184,2500.000,2501.708,1.000,0.000,43.713,1.003
84.750,12.130,2500.000,2501.708,1.000,0.000,43.882,1.003
85.000,12.077,2500.000,2501.708,1.000,0.000,44.050,1.003
85.250,12.024,2500.000,2501.708,1.000,0.000,44.217,1.003
85.500,11.971,2500.000,2501.708,1.000,0.000,44.385,1.003
85.750,11.919,2500.000,2501.708,1.000,0.000,44.551,1.003
86.000,11.867,2500.000,2501.708,1.000,0.000,44.718,1.003
86.250,11.816,2500.000,2501.708,1.000,0.000,44.884,1.003
86.500,11.765,2500.000,2501.708,1.000,0.000,45.050,1.003
86.750,11.714,2500.000,2501.708,1.000,0.000,45.215,1.003
87.000,11.664,2500.000,2501.708,1.000,0.000,45.381,1.003
87.250,11.615,2500.000,2501.708,1.000,0.000,45.545,1.003
87.500,11.566,2500.000,2501.708,1.000,0.000,45.710,1.003
87.750,11.517,2500.000,2501.708,1.000,0.000,45.874,1.003
88.000,11.468,2500.000,2501.708,1.000,0.000,46.037,1.003
88.250,11.420,2500.000,2501.708,1.000,0.000,46.201,1.003
88.500,11.373,2500.000,2501.708,1.000,0.000,46.364,1.003
88.750,11.326,2500.000,2501.708,1.000,0.000,46.527,1.003
89.000,11.279,2500.000,2501.708,1.000,0.000,46.689,1.003
89.250,11.232,2500.000,2501.708,1.000,0.000,46.851,1.003
89.500,11.186,2500.000,2501.708,1.000,0.000,47.013,1.003
89.750,11.141,2500.000,2501.708,1.000,0.000,47.174,1.003
90.000,11.095,2500.000,2501.708,1.000,0.000,47.335,1.003
90.250,11.051,2500.000,2501.708,1.000,0.000,47.496,1.003
90.500,11.006,2500.000,2501.708,1.000,0.000,47.656,1.003
90.750,10.962,2500.000,2501.708,1.000,0.000,47.816,1.003
91.000,10.918,2500.000,2501.708,1.000,0.000,47.976,1.003
91.250,10.875,2500.000,2501.708,1.000,0.000,48.135,1.003
91.500,10.832,2500.000,2501.708,1.000,0.000,48.294,1.003
91.750,10.789,2500.000,2501.708,1.000,0.000,48.453,1.003
92.000,10.746,2500.000,2501.708,1.000,0.000,48.612,1.003
92.250,10.704,2500.000,2501.708,1.000,0.000,48.770,1.003
92.500,10.663,2500.000,2501.708,1.000,0.000,48.928,1.003
92.750,10.621,2500.000,2501.708,1.000,0.000,49.085,1.003
93.000,10.580,2500.000,2501.708,1.000,0.000,49.242,1.003
93.250,10.540,2500.000,2501.708,1.000,0.000,49.399,1.003
93.500,10.499,2500.000,2501.708,1.000,0.000,49.556,1.003
93.750,10.459,2500.000,2501.708,1.000,0.000,49.712,1.003
94.000,10.420,2500.000,2501.708,1.000,0.000,49.868,1.003
94.250,10.380,2500.000,2501.708,1.000,0.000,50.024,1.003
94.500,10.341,2500.000,2501.708,1.000,0.000,50.179,1.003
94.750,10.302,2500.000,2501.708,1.000,0.000,50.335,1.003
95.000,10.264,2500.000,2501.708,1.000,0.000,50.489,1.003
95.250,10.226,2500.000,2501.708,1.000,0.000,50.644,1.003
95.500,10.188,2500.000,2501.708,1.000,0.000,50.798,1.003
95.750,10.150,2500.000,2501.708,1.000,0.000,50.952,1.003
96.000,10.113,2500.000,2501.708,1.000,0.000,51.106,1.003
96.250,10.076,2500.000,2501.708,1.000,0.000,51.260,1.003
96.500,10.040,2500.000,2501.708,1.000,0.000,51.413,1.003
96.750,10.003,2500.000,2501.708,1.000,0.000,51.566,1.003
97.000,9.967,2500.000,2501.708,1.000,0.000,51.718,1.003
97.250,9.931,2500.000,2501.708,1.000,0.000,51.871,1.003
97.500,9.896,2500.000,2501.708,1.000,0.000,52.023,1.003
97.750,9.861,2500.000,2501.708,1.000,0.000,52.174,1.003
98.000,9.826,2500.000,2501.708,1.000,0.000,52.326,1.003
98.250,9.791,2500.000,2501.708,1.000,0.000,52.477,1.003
98.500,9.757,2500.000,2501.708,1.000,0.000,52.628,1.003
98.750,9.723,2500.000,2501.708,1.000,0.000,52.779,1.003
99.000,9.689,2500.000,2501.708,1.000,0.000,52.929,1.003
99.250,9.655,2500.000,2501.708,1.000,0.000,53.080,1.003
99.500,9.622,2500.000,2501.708,1.000,0.000,53.230,1.003
99.750,9.589,2500.000,2501.708,1.000,0.000,53.379,1.003
100.000,9.556,2500.000,2501.708,1.000,0.000,53.529,1.003
100.250,9.524,2500.000,2501.708,1.000,0.000,53.678,1.003
100.500,9.491,2500.000,2501.708,1.000,0.000,53.827,1.003
100.750,9.459,2500.000,2501.708,1.000,0.000,53.975,1.003
101.000,9.427,2500.000,2501.708,1.000,0.000,54.124,1.003
101.250,9.396,2500.000,2501.708,1.000,0.000,54.272,1.003
101.500,9.365,2500.000,2501.708,1.000,0.000,54.420,1.003
101.750,9.334,2500.000,2501.708,1.000,0.000,54.568,1.003
102.000,9.303,2500.000,2501.708,1.000,0.000,54.715,1.003
102.250,9.272,2500.000,2501.708,1.000,0.000,54.862,1.003
102.500,9.242,2500.000,2501.708,1.000,0.000,55.009,1.003
102.750,9.212,2500.000,2501.708,1.000,0.000,55.156,1.003
103.000,9.182,2500.000,2501.708,1.000,0.000,55.302,1.003
103.250,9.152,2500.000,2501.708,1.000,0.000,55.449,1.003
103.500,9.123,2500.000,2501.708,1.000,0.000,55.595,1.003
103.750,9.094,2500.000,2501.708,1.000,0.000,55.741,1.003
104.000,9.065,2500.000,2501.708,1.000,0.000,55.886,1.003
104.250,9.036,2500.000,2501.708,1.000,0.000,56.031,1.003
104.500,9.008,2500.000,2501.708,1.000,0.000,56.176,1.003
104.750,8.980,2500.000,2501.708,1.000,0.000,56.321,1.003
105.000,8.951,2500.000,2501.708,1.000,0.000,56.466,1.003
105.250,8.924,2500.000,2501.708,1.000,0.000,56.610,1.003
105.500,8.896,2500.000,2501.708,1.000,0.000,56.755,1.003
105.750,8.869,2500.000,2501.708,1.000,0.000,56.898,1.003
106.000,8.841,2500.000,2501.708,1.000,0.000,57.042,1.003
106.250,8.814,2500.000,2501.708,1.000,0.000,57.186,1.003
106.500,8.788,2500.000,2501.708,1.000,0.000,57.329,1.003
106.750,8.761,2500.000,2501.708,1.000,0.000,57.472,1.003
107.000,8.735,2500.000,2501.708,1.000,0.000,57.615,1.003
107.250,8.709,2500.000,2501.708,1.000,0.000,57.758,1.003
107.500,8.683,2500.000,2501.708,1.000,0.000,57.900,1.003
107.750,8.657,2500.000,2501.708,1.000,0.000,58.042,1.003
108.000,8.631,2500.000,2501.708,1.000,0.000,58.184,1.003
108.250,8.606,2500.000,2501.708,1.000,0.000,58.326,1.003
108.500,8.581,2500.000,2501.708,1.000,0.000,58.468,1.003
108.750,8.556,2500.000,2501.708,1.000,0.000,58.609,1.003
109.000,8.531,2500.000,2501.708,1.000,0.000,58.750,1.003
109.250,8.506,2500.000,2501.708,1.000,0.000,58.891,1.003
109.500,8.482,2500.000,2501.708,1.000,0.000,59.032,1.003
109.750,8.458,2500.000,2501.708,1.000,0.000,59.173,1.003
110.000,8.433,2500.000,2501.708,1.000,0.000,59.313,1.003
110.250,8.410,2500.000,2501.708,1.000,0.000,59.453,1.003
110.500,8.386,2500.000,2501.708,1.000,0.000,59.593,1.003
110.750,8.362,2500.000,2501.708,1.000,0.000,59.733,1.003
111.000,8.339,2500.000,2501.708,1.000,0.000,59.873,1.003
111.250,8.316,2500.000,2501.708,1.000,0.000,60.012,1.003
111.500,8.293,2500.000,2501.708,1.000,0.000,60.151,1.003
111.750,8.270,2500.000,2501.708,1.000,0.000,60.290,1.003
112.000,8.247,2500.000,2501.708,1.000,0.000,60.429,1.003
112.250,8.225,2500.000,2501.708,1.000,0.000,60.568,1.003
112.500,8.203,2500.000,2501.708,1.000,0.000,60.706,1.003
112.750,8.180,2500.000,2501.708,1.000,0.000,60.844,1.003
113.000,8.158,2500.000,2501.708,1.000,0.000,60.982,1.003
113.250,8.137,2500.000,2501.708,1.000,0.000,61.120,1.003
113.500,8.115,2500.000,2501.708,1.000,0.000,61.258,1.003
113.750,8.094,2500.000,2501.708,1.000,0.000,61.396,1.003
114.000,8.072,2500.000,2501.708,1.000,0.000,61.533,1.003
114.250,8.051,2500.000,2501.708,1.000,0.000,61.670,1.003
114.500,8.030,2500.000,2501.708,1.000,0.000,61.807,1.003
114.750,8.009,2500.000,2501.708,1.000,0.000,61.944,1.003
115.000,7.989,2500.000,2501.708,1.000,0.000,62.081,1.003
115.250,7.968,2500.000,2501.708,1.000,0.000,62.217,1.003
115.500,7.948,2500.000,2501.708,1.000,0.000,62.353,1.003
115.750,7.927,2500.000,2501.708,1.000,0.000,62.489,1.003
116.000,7.907,2500.000,2501.708,1.000,0.000,62.625,1.003
116.250,7.887,2500.000,2501.708,1.000,0.000,62.761,1.003
116.500,7.868,2500.000,2501.708,1.000,0.000,62.897,1.003
116.750,7.848,2500.000,2501.708,1.000,0.000,63.032,1.003
117.000,7.828,2500.000,2501.708,1.000,0.000,63.167,1.003
117.250,7.809,2500.000,2501.708,1.000,0.000,63.302,1.003
117.500,7.790,2500.000,2501.708,1.000,0.000,63.437,1.003
117.750,7.771,2500.000,2501.708,1.000,0.000,63.572,1.003
118.000,7.752,2500.000,2501.708,1.000,0.000,63.707,1.003
118.250,7.733,2500.000,2501.708,1.000,0.000,63.841,1.003
118.500,7.715,2500.000,2501.708,1.000,0.000,63.975,1.003
118.750,7.696,2500.000,2501.708,1.000,0.000,64.109,1.003
119.000,7.678,2500.000,2501.708,1.000,0.000,64.243,1.003
119.250,7.659,2500.000,2501.708,1.000,0.000,64.377,1.003
119.500,7.641,2500.000,2501.708,1.000,0.000,64.511,1.003
119.750,7.623,2500.000,2501.708,1.000,0.000,64.644,1.003
120.000,7.606,2500.000,2501.708,1.000,0.000,64.778,1.003
120.250,7.588,2500.000,2501.708,1.000,0.000,64.911,1.003
120.500,7.570,2500.000,2501.708,1.000,0.000,65.044,1.003
120.750,7.553,2500.000,2501.708,1.000,0.000,65.177,1.003
121.000,7.536,2500.000,2501.708,1.000,0.000,65.309,1.003
121.250,7.519,2500.000,2501.708,1.000,0.000,65.442,1.003
121.500,7.501,2500.000,2501.708,1.000,0.000,65.574,1.003
121.750,7.485,2500.000,2501.708,1.000,0.000,65.707,1.003
122.000,7.468,2500.000,2501.708,1.000,0.000,65.839,1.003
122.250,7.451,2500.000,2501.708,1.000,0.000,65.971,1.003
122.500,7.435,2500.000,2501.708,1.000,0.000,66.102,1.003
122.750,7.418,2500.000,2501.708,1.000,0.000,66.234,1.003
123.000,7.402,2500.000,2501.708,1.000,0.000,66.366,1.003
123.250,7.386,2500.000,2501.708,1.000,0.000,66.497,1.003
123.500,7.370,2500.000,2501.708,1.000,0.000,66.628,1.003
123.750,7.354,2500.000,2501.708,1.000,0.000,66.759,1.003
124.000,7.338,2500.000,2501.708,1.000,0.000,66.890,1.003
124.250,7.322,2500.000,2501.708,1.000,0.000,67.021,1.003
124.500,7.307,2500.000,2501.708,1.000,0.000,67.152,1.003
124.750,7.291,2500.000,2501.708,1.000,0.000,67.282,1.003
125.000,7.276,2500.000,2501.708,1.000,0.000,67.413,1.003
125.250,7.261,2500.000,2501.708,1.000,0.000,67.543,1.003
125.500,7.245,2500.000,2501.708,1.000,0.000,67.673,1.003
125.750,7.230,2500.000,2501.708,1.000,0.000,67.803,1.003
126.000,7.216,2500.000,2501.708,1.000,0.000,67.933,1.003
126.250,7.201,2500.000,2501.708,1.000,0.000,68.063,1.003
126.500,7.186,2500.000,2501.708,1.000,0.000,68.192,1.003
126.750,7.172,2500.000,2501.708,1.000,0.000,68.322,1.003
127.000,7.157,2500.000,2501.708,1.000,0.000,68.451,1.003
127.250,7.143,2500.000,2501.708,1.000,0.000,68.580,1.003
127.500,7.129,2500.000,2501.708,1.000,0.000,68.709,1.003
127.750,7.114,2500.000,2501.708,1.000,0.000,68.838,1.003
128.000,7.100,2500.000,2501.708,1.000,0.000,68.967,1.003
128.250,7.086,2500.000,2501.708,1.000,0.000,69.096,1.003
128.500,7.073,2500.000,2501.708,1.000,0.000,69.224,1.003
128.750,7.059,2500.000,2501.708,1.000,0.000,69.353,1.003
129.000,7.045,2500.000,2501.708,1.000,0.000,69.481,1.003
129.250,7.032,2500.000,2501.708,1.000,0.000,69.609,1.003
129.500,7.018,2500.000,2501.708,1.000,0.000,69.737,1.003
129.750,7.005,2500.000,2501.708,1.000,0.000,69.865,1.003
130.000,6.992,2500.000,2501.708,1.000,0.000,69.993,1.003
130.250,6.979,2500.000,2501.708,1.000,0.000,70.121,1.003
130.500,6.966,2500.000,2501.708,1.000,0.000,70.248,1.003
130.750,6.953,2500.000,2501.708,1.000,0.000,70.376,1.003
131.000,6.940,2500.000,2501.708,1.000,0.000,70.503,1.003
131.250,6.927,2500.000,2501.708,1.000,0.000,70.630,1.003
131.500,6.915,2500.000,2501.708,1.000,0.000,70.757,1.003
131.750,6.902,2500.000,2501.708,1.000,0.000,70.884,1.003
132.000,6.890,2500.000,2501.708,1.000,0.000,71.011,1.003
132.250,6.877,2500.000,2501.708,1.000,0.000,71.138,1.003
132.500,6.865,2500.000,2501.708,1.000,0.000,71.265,1.003
132.750,6.853,2500.000,2501.708,1.000,0.000,71.391,1.003
133.000,6.841,2500.000,2501.708,1.000,0.000,71.518,1.003
133.250,6.829,2500.000,2501.708,1.000,0.000,71.644,1.003
133.500,6.817,2500.000,2501.708,1.000,0.000,71.770,1.003
133.750,6.805,2500.000,2501.708,1.000,0.000,71.896,1.003
134.000,6.793,2500.000,2501.708,1.000,0.000,72.022,1.003
134.250,6.782,2500.000,2501.708,1.000,0.000,72.148,1.003
134.500,6.770,2500.000,2501.708,1.000,0.000,72.274,1.003
134.750,6.759,2500.000,2501.708,1.000,0.000,72.400,1.003
135.000,6.747,2500.000,2501.708,1.000,0.000,72.525,1.003
135.250,6.736,2500.000,2501.708,1.000,0.000,72.651,1.003
135.500,6.725,2500.000,2501.708,1.000,0.000,72.776,1.003
135.750,6.714,2500.000,2501.708,1.000,0.000,72.901,1.003
136.000,6.703,2500.000,2501.708,1.000,0.000,73.026,1.003
136.250,6.692,2500.000,2501.708,1.000,0.000,73.151,1.003
136.500,6.681,2500.000,2501.708,1.000,0.000,73.276,1.003
136.750,6.670,2500.000,2501.708,1.000,0.000,73.401,1.003
137.000,6.660,2500.000,2501.708,1.000,0.000,73.526,1.003
137.250,6.649,2500.000,2501.708,1.000,0.000,73.651,1.003
137.500,6.639,2500.000,2501.708,1.000,0.000,73.775,1.003
137.750,6.628,2500.000,2501.708,1.000,0.000,73.900,1.003
138.000,6.618,2500.000,2501.708,1.000,0.000,74.024,1.003
138.250,6.607,2500.000,2501.708,1.000,0.000,74.148,1.003
138.500,6.597,2500.000,2501.708,1.000,0.000,74.272,1.003
138.750,6.587,2500.000,2501.708,1.000,0.000,74.397,1.003
139.000,6.577,2500.000,2501.708,1.000,0.000,74.521,1.003
139.250,6.567,2500.000,2501.708,1.000,0.000,74.644,1.003
139.500,6.557,2500.000,2501.708,1.000,0.000,74.768,1.003
139.750,6.548,2500.000,2501.708,1.000,0.000,74.892,1.003
140.000,6.538,2500.000,2501.708,1.000,0.000,75.015,1.003
140.250,6.528,2500.000,2501.708,1.000,0.000,75.139,1.003
140.500,6.519,2500.000,2501.708,1.000,0.000,75.262,1.003
140.750,6.509,2500.000,2501.708,1.000,0.000,75.386,1.003
141.000,6.500,2500.000,2501.708,1.000,0.000,75.509,1.003
141.250,6.490,2500.000,2501.708,1.000,0.000,75.632,1.003
141.500,6.481,2500.000,2501.708,1.000,0.000,75.755,1.003
141.750,6.472,2500.000,2501.708,1.000,0.000,75.878,1.003
142.000,6.463,2500.000,2501.708,1.000,0.000,76.001,1.003
142.250,6.454,2500.000,2501.708,1.000,0.000,76.124,1.003
142.500,6.445,2500.000,2501.708,1.000,0.000,76.247,1.003
142.750,6.436,2500.000,2501.708,1.000,0.000,76.369,1.003
143.000,6.427,2500.000,2501.708,1.000,0.000,76.492,1.003
143.250,6.418,2500.000,2501.708,1.000,0.000,76.614,1.003
143.500,6.409,2500.000,2501.708,1.000,0.000,76.737,1.003
143.750,6.401,2500.000,2501.708,1.000,0.000,76.859,1.003
144.000,6.392,2500.000,2501.708,1.000,0.000,76.981,1.003
144.250,6.384,2500.000,2501.708,1.000,0.000,77.103,1.003
144.500,6.375,2500.000,2501.708,1.000,0.000,77.225,1.003
144.750,6.367,2500.000,2501.708,1.000,0.000,77.347,1.003
145.000,6.359,2500.000,2501.708,1.000,0.000,77.469,1.003
145.250,6.351,2500.000,2501.708,1.000,0.000,77.591,1.003
145.500,6.342,2500.000,2501.708,1.000,0.000,77.713,1.003
145.750,6.334,2500.000,2501.708,1.000,0.000,77.834,1.003
146.000,6.326,2500.000,2501.708,1.000,0.000,77.956,1.003
146.250,6.318,2500.000,2501.708,1.000,0.000,78.078,1.003
146.500,6.311,2500.000,2501.708,1.000,0.000,78.199,1.003
146.750,6.303,2500.000,2501.708,1.000,0.000,78.320,1.003
147.000,6.295,2500.000,2501.708,1.000,0.000,78.442,1.003
147.250,6.287,2500.000,2501.708,1.000,0.000,78.563,1.003
147.500,6.280,2500.000,2501.708,1.000,0.000,78.684,1.003
147.750,6.272,2500.000,2501.708,1.000,0.000,78.805,1.003
148.000,6.265,2500.000,2501.708,1.000,0.000,78.926,1.003
148.250,6.257,2500.000,2501.708,1.000,0.000,79.047,1.003
148.500,6.250,2500.000,2501.708,1.000,0.000,79.168,1.003
148.750,6.243,2500.000,2501.708,1.000,0.000,79.289,1.003
149.000,6.235,2500.000,2501.708,1.000,0.000,79.409,1.003
149.250,6.228,2500.000,2501.708,1.000,0.000,79.530,1.003
149.500,6.221,2500.000,2501.708,1.000,0.000,79.651,1.003
149.750,6.214,2500.000,2501.708,1.000,0.000,79.771,1.003
150.000,6.207,2500.000,2501.708,1.000,0.000,79.891,1.003
150.250,6.200,2500.000,2501.708,1.000,0.000,80.012,1.003
150.500,6.193,2500.000,2501.708,1.000,0.000,80.132,1.003
150.750,6.187,2500.000,2501.708,1.000,0.000,80.252,1.003
151.000,6.180,2500.000,2501.708,1.000,0.000,80.373,1.003
151.250,6.173,2500.000,2501.708,1.000,0.000,80.493,1.003
151.500,6.167,2500.000,2501.708,1.000,0.000,80.613,1.003
151.750,6.160,2500.000,2501.708,1.000,0.000,80.733,1.003
152.000,6.154,2500.000,2501.708,1.000,0.000,80.853,1.003
152.250,6.147,2500.000,2501.708,1.000,0.000,80.972,1.003
152.500,6.141,2500.000,2501.708,1.000,0.000,81.092,1.003
152.750,6.134,2500.000,2501.708,1.000,0.000,81.212,1.003
153.000,6.128,2500.000,2501.708,1.000,0.000,81.332,1.003
153.250,6.122,2500.000,2501.708,1.000,0.000,81.451,1.003
153.500,6.116,2500.000,2501.708,1.000,0.000,81.571,1.003
153.750,6.110,2500.000,2501.708,1.000,0.000,81.690,1.003
154.000,6.104,2500.000,2501.708,1.000,0.000,81.810,1.003
154.250,6.098,2500.000,2501.708,1.000,0.000,81.929,1.003
154.500,6.092,2500.000,2501.708,1.000,0.000,82.048,1.003
154.750,6.086,2500.000,2501.708,1.000,0.000,82.168,1.003
155.000,6.080,2500.000,2501.708,1.000,0.000,82.287,1.003
155.250,6.074,2500.000,2501.708,1.000,0.000,82.406,1.003
155.500,6.069,2500.000,2501.708,1.000,0.000,82.525,1.003
155.750,6.063,2500.000,2501.708,1.000,0.000,82.644,1.003
156.000,6.057,2500.000,2501.708,1.000,0.000,82.763,1.003
156.250,6.052,2500.000,2501.708,1.000,0.000,82.882,1.003
156.500,6.046,2500.000,2501.708,1.000,0.000,83.001,1.003
156.750,6.041,2500.000,2501.708,1.000,0.000,83.120,1.003
157.000,6.036,2500.000,2501.708,1.000,0.000,83.238,1.003
157.250,6.030,2500.000,2501.708,1.000,0.000,83.357,1.003
157.500,6.025,2500.000,2501.708,1.000,0.000,83.476,1.003
157.750,6.020,2500.000,2501.708,1.000,0.000,83.594,1.003
158.000,6.015,2500.000,2501.708,1.000,0.000,83.713,1.003
158.250,6.010,2500.000,2501.708,1.000,0.000,83.831,1.003
158.500,6.005,2500.000,2501.708,1.000,0.000,83.950,1.003
158.750,6.000,2500.000,2501.708,1.000,0.000,84.068,1.003
159.000,5.995,2500.000,2501.708,1.000,0.000,84.187,1.003
159.250,5.990,2500.000,2501.708,1.000,0.000,84.305,1.003
159.500,5.985,2500.000,2501.708,1.000,0.000,84.423,1.003
159.750,5.980,2500.000,2501.708,1.000,0.000,84.541,1.003
160.000,5.976,2500.000,2501.708,1.000,0.000,84.660,1.003
160.250,5.971,2500.000,2501.708,1.000,0.000,84.778,1.003
160.500,5.966,2500.000,2501.708,1.000,0.000,84.896,1.003
160.750,5.962,2500.000,2501.708,1.000,0.000,85.014,1.003
161.000,5.957,2500.000,2501.708,1.000,0.000,85.132,1.003
161.250,5.953,2500.000,2501.708,1.000,0.000,85.250,1.003
161.500,5.948,2500.000,2501.708,1.000,0.000,85.368,1.003
161.750,5.944,2500.000,2501.708,1.000,0.000,85.486,1.003
162.000,5.940,2500.000,2501.708,1.000,0.000,85.603,1.003
162.250,5.935,2500.000,2501.708,1.000,0.000,85.721,1.003
162.500,5.931,2500.000,2501.708,1.000,0.000,85.839,1.003
162.750,5.927,2500.000,2501.708,1.000,0.000,85.957,1.003
163.000,5.923,2500.000,2501.708,1.000,0.000,86.074,1.003
163.250,5.919,2500.000,2501.708,1.000,0.000,86.192,1.003
163.500,5.915,2500.000,2501.708,1.000,0.000,86.309,1.003
163.750,5.911,2500.000,2501.708,1.000,0.000,86.427,1.003
164.000,5.907,2500.000,2501.708,1.000,0.000,86.544,1.003
164.250,5.903,2500.000,2501.708,1.000,0.000,86.662,1.003
164.500,5.899,2500.000,2501.708,1.000,0.000,86.779,1.003
164.750,5.895,2500.000,2501.708,1.000,0.000,86.897,1.003
165.000,5.892,2500.000,2501.708,1.000,0.000,87.014,1.003
165.250,5.888,2500.000,2501.708,1.000,0.000,87.131,1.003
165.500,5.884,2500.000,2501.708,1.000,0.000,87.248,1.003
165.750,5.881,2500.000,2501.708,1.000,0.000,87.366,1.003
166.000,5.877,2500.000,2501.708,1.000,0.000,87.483,1.003
166.250,5.874,2500.000,2501.708,1.000,0.000,87.600,1.003
166.500,5.870,2500.000,2501.708,1.000,0.000,87.717,1.003
166.750,5.867,2500.000,2501.708,1.000,0.000,87.834,1.003
167.000,5.864,2500.000,2501.708,1.000,0.000,87.951,1.003
167.250,5.860,2500.000,2501.708,1.000,0.000,88.068,1.003
167.500,5.857,2500.000,2501.708,1.000,0.000,88.185,1.003
167.750,5.854,2500.000,2501.708,1.000,0.000,88.302,1.003
168.000,5.851,2500.000,2501.708,1.000,0.000,88.419,1.003
168.250,5.848,2500.000,2501.708,1.000,0.000,88.536,1.003
168.500,5.845,2500.000,2501.708,1.000,0.000,88.653,1.003
168.750,5.842,2500.000,2501.708,1.000,0.000,88.770,1.003
169.000,5.839,2500.000,2501.708,1.000,0.000,88.887,1.003
169.250,5.836,2500.000,2501.708,1.000,0.000,89.003,1.003
169.500,5.833,2500.000,2501.708,1.000,0.000,89.120,1.003
169.750,5.830,2500.000,2501.708,1.000,0.000,89.237,1.003
170.000,5.827,2500.000,2501.708,1.000,0.000,89.354,1.003
170.250,5.824,2500.000,2501.708,1.000,0.000,89.470,1.003
170.500,5.822,2500.000,2501.708,1.000,0.000,89.587,1.003
170.750,5.819,2500.000,2501.708,1.000,0.000,89.703,1.003
171.000,5.816,2500.000,2501.708,1.000,0.000,89.820,1.003
171.250,5.814,2500.000,2501.708,1.000,0.000,89.937,1.003
171.500,5.811,2500.000,2501.708,1.000,0.000,90.053,1.003
171.750,5.809,2500.000,2501.708,1.000,0.000,90.170,1.003
172.000,5.807,2500.000,2501.708,1.000,0.000,90.286,1.003
172.250,5.804,2500.000,2501.708,1.000,0.000,90.403,1.003
172.500,5.802,2500.000,2501.708,1.000,0.000,90.519,1.003
172.750,5.800,2500.000,2501.708,1.000,0.000,90.635,1.003
173.000,5.797,2500.000,2501.708,1.000,0.000,90.752,1.003
173.250,5.795,2500.000,2501.708,1.000,0.000,90.868,1.003
173.500,5.793,2500.000,2501.708,1.000,0.000,90.985,1.003
173.750,5.791,2500.000,2501.708,1.000,0.000,91.101,1.003
174.000,5.789,2500.000,2501.708,1.000,0.000,91.217,1.003
174.250,5.787,2500.000,2501.708,1.000,0.000,91.333,1.003
174.500,5.785,2500.000,2501.708,1.000,0.000,91.450,1.003
174.750,5.783,2500.000,2501.708,1.000,0.000,91.566,1.003
175.000,5.781,2500.000,2501.708,1.000,0.000,91.682,1.003
175.250,5.779,2500.000,2501.708,1.000,0.000,91.798,1.003
175.500,5.777,2500.000,2501.708,1.000,0.000,91.915,1.003
175.750,5.776,2500.000,2501.708,1.000,0.000,92.031,1.003
176.000,5.774,2500.000,2501.708,1.000,0.000,92.147,1.003
176.250,5.772,2500.000,2501.708,1.000,0.000,92.263,1.003
176.500,5.771,2500.000,2501.708,1.000,0.000,92.379,1.003
176.750,5.769,2500.000,2501.708,1.000,0.000,92.495,1.003
177.000,5.768,2500.000,2501.708,1.000,0.000,92.611,1.003
177.250,5.766,2500.000,2501.708,1.000,0.000,92.728,1.003
177.500,5.765,2500.000,2501.708,1.000,0.000,92.844,1.003
177.750,5.763,2500.000,2501.708,1.000,0.000,92.960,1.003
178.000,5.762,2500.000,2501.708,1.000,0.000,93.076,1.003
178.250,5.761,2500.000,2501.708,1.000,0.000,93.192,1.003
178.500,5.759,2500.000,2501.708,1.000,0.000,93.308,1.003
178.750,5.758,2500.000,2501.708,1.000,0.000,93.424,1.003
179.000,5.757,2500.000,2501.708,1.000,0.000,93.540,1.003
179.250,5.756,2500.000,2501.708,1.000,0.000,93.656,1.003
179.500,5.755,2500.000,2501.708,1.000,0.000,93.772,1.003
179.750,5.754,2500.000,2501.708,1.000,0.000,93.888,1.003
180.000,5.753,2500.000,2501.708,1.000,0.000,94.004,1.003
