CA_deg,P_bar,T_u_K,T_b_K,xb,ROHR_J_deg,NOx_ppm,knock_integral
-359.750,10.588,662.560,320.000,0.000,0.000,0.000,0.000
-359.500,10.585,662.530,320.000,0.000,0.000,0.000,0.000
-359.250,10.580,662.480,320.000,0.000,0.000,0.000,0.000
-359.000,10.574,662.410,320.000,0.000,0.000,0.000,0.000
-358.750,10.567,662.320,320.000,0.000,0.000,0.000,0.000
-358.500,10.559,662.211,320.000,0.000,0.000,0.000,0.000
-358.250,10.549,662.081,320.000,0.000,0.000,0.000,0.000
-358.000,10.539,661.932,320.000,0.000,0.000,0.000,0.000
-357.750,10.527,661.763,320.000,0.000,0.000,0.000,0.000
-357.500,10.514,661.574,320.000,0.000,0.000,0.000,0.000
-357.250,10.499,661.366,320.000,0.000,0.000,0.000,0.000
-357.000,10.484,661.138,320.000,0.000,0.000,0.000,0.000
-356.750,10.467,660.891,320.000,0.000,0.000,0.000,0.000
-356.500,10.450,660.625,320.000,0.000,0.000,0.000,0.000
-356.250,10.431,660.339,320.000,0.000,0.000,0.000,0.000
-356.000,10.410,660.034,320.000,0.000,0.000,0.000,0.000
-355.750,10.389,659.711,320.000,0.000,0.000,0.000,0.000
-355.500,10.367,659.368,320.000,0.000,0.000,0.000,0.000
-355.250,10.344,659.006,320.000,0.000,0.000,0.000,0.000
-355.000,10.319,658.626,320.000,0.000,0.000,0.000,0.000
-354.750,10.293,658.227,320.000,0.000,0.000,0.000,0.000
-354.500,10.267,657.810,320.000,0.000,0.000,0.000,0.000
-354.250,10.239,657.375,320.000,0.000,0.000,0.000,0.000
-354.000,10.210,656.922,320.000,0.000,0.000,0.000,0.000
-353.750,10.181,656.451,320.000,0.000,0.000,0.000,0.000
-353.500,10.150,655.962,320.000,0.000,0.000,0.000,0.000
-353.250,10.118,655.455,320.000,0.000,0.000,0.000,0.000
-353.000,10.086,654.932,320.000,0.000,0.000,0.000,0.000
-352.750,10.052,654.390,320.000,0.000,0.000,0.000,0.000
-352.500,10.018,653.832,320.000,0.000,0.000,0.000,0.000
-352.250,9.982,653.258,320.000,0.000,0.000,0.000,0.000
-352.000,9.946,652.666,320.000,0.000,0.000,0.000,0.000
-351.750,9.909,652.058,320.000,0.000,0.000,0.000,0.000
-351.500,9.871,651.434,320.000,0.000,0.000,0.000,0.000
-351.250,9.832,650.794,320.000,0.000,0.000,0.000,0.000
-351.000,9.793,650.138,320.000,0.000,0.000,0.000,0.000
-350.750,9.753,649.467,320.000,0.000,0.000,0.000,0.000
-350.500,9.711,648.780,320.000,0.000,0.000,0.000,0.000
-350.250,9.670,648.078,320.000,0.000,0.000,0.000,0.000
-350.000,9.627,647.361,320.000,0.000,0.000,0.000,0.000
-349.750,9.584,646.630,320.000,0.000,0.000,0.000,0.000
-349.500,9.540,645.884,320.000,0.000,0.000,0.000,0.000
-349.250,9.495,645.123,320.000,0.000,0.000,0.000,0.000
-349.000,9.450,644.349,320.000,0.000,0.000,0.000,0.000
-348.750,9.404,643.561,320.000,0.000,0.000,0.000,0.000
-348.500,9.358,642.760,320.000,0.000,0.000,0.000,0.000
-348.250,9.311,641.945,320.000,0.000,0.000,0.000,0.000
-348.000,9.264,641.117,320.000,0.000,0.000,0.000,0.000
-347.750,9.216,640.277,320.000,0.000,0.000,0.000,0.000
-347.500,9.167,639.424,320.000,0.000,0.000,0.000,0.000
-347.250,9.118,638.558,320.000,0.000,0.000,0.000,0.000
-347.000,9.069,637.681,320.000,0.000,0.000,0.000,0.000
-346.750,9.019,636.792,320.000,0.000,0.000,0.000,0.000
-346.500,8.968,635.891,320.000,0.000,0.000,0.000,0.000
-346.250,8.918,634.979,320.000,0.000,0.000,0.000,0.000
-346.000,8.867,634.056,320.000,0.000,0.000,0.000,0.000
-345.750,8.815,633.122,320.000,0.000,0.000,0.000,0.000
-345.500,8.763,632.178,320.000,0.000,0.000,0.000,0.000
-345.250,8.711,631.223,320.000,0.000,0.000,0.000,0.000
-345.000,8.659,630.258,320.000,0.000,0.000,0.000,0.000
-344.750,8.606,629.284,320.000,0.000,0.000,0.000,0.000
-344.500,8.553,628.300,320.000,0.000,0.000,0.000,0.000
-344.250,8.500,627.306,320.000,0.000,0.000,0.000,0.000
-344.000,8.447,626.304,320.000,0.000,0.000,0.000,0.000
-343.750,8.393,625.292,320.000,0.000,0.000,0.000,0.000
-343.500,8.339,624.272,320.000,0.000,0.000,0.000,0.000
-343.250,8.285,623.244,320.000,0.000,0.000,0.000,0.000
-343.000,8.231,622.208,320.000,0.000,0.000,0.000,0.000
-342.750,8.177,621.163,320.000,0.000,0.000,0.000,0.000
-342.500,8.123,620.112,320.000,0.000,0.000,0.000,0.000
-342.250,8.068,619.052,320.000,0.000,0.000,0.000,0.000
-342.000,8.014,617.986,320.000,0.000,0.000,0.000,0.000
-341.750,7.959,616.913,320.000,0.000,0.000,0.000,0.000
-341.500,7.905,615.833,320.000,0.000,0.000,0.000,0.000
-341.250,7.850,614.746,320.000,0.000,0.000,0.000,0.000
-341.000,7.795,613.654,320.000,0.000,0.000,0.000,0.000
-340.750,7.741,612.555,320.000,0.000,0.000,0.000,0.000
-340.500,7.686,611.451,320.000,0.000,0.000,0.000,0.000
-340.250,7.631,610.340,320.000,0.000,0.000,0.000,0.000
-340.000,7.577,609.225,320.000,0.000,0.000,0.000,0.000
-339.750,7.522,608.105,320.000,0.000,0.000,0.000,0.000
-339.500,7.468,606.979,320.000,0.000,0.000,0.000,0.000
-339.250,7.414,605.849,320.000,0.000,0.000,0.000,0.000
-339.000,7.359,604.714,320.000,0.000,0.000,0.000,0.000
-338.750,7.305,603.575,320.000,0.000,0.000,0.000,0.000
-338.500,7.251,602.432,320.000,0.000,0.000,0.000,0.000
-338.250,7.197,601.285,320.000,0.000,0.000,0.000,0.000
-338.000,7.143,600.135,320.000,0.000,0.000,0.000,0.000
-337.750,7.089,598.981,320.000,0.000,0.000,0.000,0.000
-337.500,7.036,597.823,320.000,0.000,0.000,0.000,0.000
-337.250,6.983,596.662,320.000,0.000,0.000,0.000,0.000
-337.000,6.929,595.499,320.000,0.000,0.000,0.000,0.000
-336.750,6.876,594.333,320.000,0.000,0.000,0.000,0.000
-336.500,6.824,593.164,320.000,0.000,0.000,0.000,0.000
-336.250,6.771,591.992,320.000,0.000,0.000,0.000,0.000
-336.000,6.719,590.819,320.000,0.000,0.000,0.000,0.000
-335.750,6.666,589.643,320.000,0.000,0.000,0.000,0.000
-335.500,6.615,588.466,320.000,0.000,0.000,0.000,0.000
-335.250,6.563,587.287,320.000,0.000,0.000,0.000,0.000
-335.000,6.511,586.106,320.000,0.000,0.000,0.000,0.000
-334.750,6.460,584.924,320.000,0.000,0.000,0.000,0.000
-334.500,6.409,583.740,320.000,0.000,0.000,0.000,0.000
-334.250,6.358,582.556,320.000,0.000,0.000,0.000,0.000
-334.000,6.308,581.371,320.000,0.000,0.000,0.000,0.000
-333.750,6.258,580.184,320.000,0.000,0.000,0.000,0.000
-333.500,6.208,578.998,320.000,0.000,0.000,0.000,0.000
-333.250,6.158,577.810,320.000,0.000,0.000,0.000,0.000
-333.000,6.109,576.623,320.000,0.000,0.000,0.000,0.000
-332.750,6.060,575.435,320.000,0.000,0.000,0.000,0.000
-332.500,6.011,574.247,320.000,0.000,0.000,0.000,0.000
-332.250,5.963,573.059,320.000,0.000,0.000,0.000,0.000
-332.000,5.915,571.871,320.000,0.000,0.000,0.000,0.000
-331.750,5.867,570.683,320.000,0.000,0.000,0.000,0.000
-331.500,5.819,569.496,320.000,0.000,0.000,0.000,0.000
-331.250,5.772,568.310,320.000,0.000,0.000,0.000,0.000
-331.000,5.725,567.124,320.000,0.000,0.000,0.000,0.000
-330.750,5.678,565.939,320.000,0.000,0.000,0.000,0.000
-330.500,5.632,564.755,320.000,0.000,0.000,0.000,0.000
-330.250,5.586,563.571,320.000,0.000,0.000,0.000,0.000
-330.000,5.541,562.389,320.000,0.000,0.000,0.000,0.000
-329.750,5.495,561.208,320.000,0.000,0.000,0.000,0.000
-329.500,5.450,560.029,320.000,0.000,0.000,0.000,0.000
-329.250,5.406,558.851,320.000,0.000,0.000,0.000,0.000
-329.000,5.361,557.674,320.000,0.000,0.000,0.000,0.000
-328.750,5.317,556.499,320.000,0.000,0.000,0.000,0.000
-328.500,5.274,555.326,320.000,0.000,0.000,0.000,0.000
-328.250,5.231,554.154,320.000,0.000,0.000,0.000,0.000
-328.000,5.188,552.984,320.000,0.000,0.000,0.000,0.000
-327.750,5.145,551.817,320.000,0.000,0.000,0.000,0.000
-327.500,5.103,550.651,320.000,0.000,0.000,0.000,0.000
-327.250,5.061,549.488,320.000,0.000,0.000,0.000,0.000
-327.000,5.019,548.326,320.000,0.000,0.000,0.000,0.000
-326.750,4.978,547.167,320.000,0.000,0.000,0.000,0.000
-326.500,4.937,546.011,320.000,0.000,0.000,0.000,0.000
-326.250,4.896,544.856,320.000,0.000,0.000,0.000,0.000
-326.000,4.856,543.705,320.000,0.000,0.000,0.000,0.000
-325.750,4.816,542.555,320.000,0.000,0.000,0.000,0.000
-325.500,4.777,541.409,320.000,0.000,0.000,0.000,0.000
-325.250,4.737,540.265,320.000,0.000,0.000,0.000,0.000
-325.000,4.699,539.124,320.000,0.000,0.000,0.000,0.000
-324.750,4.660,537.986,320.000,0.000,0.000,0.000,0.000
-324.500,4.622,536.850,320.000,0.000,0.000,0.000,0.000
-324.250,4.584,535.718,320.000,0.000,0.000,0.000,0.000
-324.000,4.546,534.589,320.000,0.000,0.000,0.000,0.000
-323.750,4.509,533.462,320.000,0.000,0.000,0.000,0.000
-323.500,4.472,532.339,320.000,0.000,0.000,0.000,0.000
-323.250,4.436,531.219,320.000,0.000,0.000,0.000,0.000
-323.000,4.399,530.102,320.000,0.000,0.000,0.000,0.000
-322.750,4.364,528.989,320.000,0.000,0.000,0.000,0.000
-322.500,4.328,527.878,320.000,0.000,0.000,0.000,0.000
-322.250,4.293,526.772,320.000,0.000,0.000,0.000,0.000
-322.000,4.258,525.668,320.000,0.000,0.000,0.000,0.000
-321.750,4.223,524.568,320.000,0.000,0.000,0.000,0.000
-321.500,4.189,523.471,320.000,0.000,0.000,0.000,0.000
-321.250,4.155,522.378,320.000,0.000,0.000,0.000,0.000
-321.000,4.121,521.288,320.000,0.000,0.000,0.000,0.000
-320.750,4.088,520.202,320.000,0.000,0.000,0.000,0.000
-320.500,4.055,519.120,320.000,0.000,0.000,0.000,0.000
-320.250,4.022,518.041,320.000,0.000,0.000,0.000,0.000
-320.000,3.990,516.966,320.000,0.000,0.000,0.000,0.000
-319.750,3.958,515.895,320.000,0.000,0.000,0.000,0.000
-319.500,3.926,514.827,320.000,0.000,0.000,0.000,0.000
-319.250,3.894,513.763,320.000,0.000,0.000,0.000,0.000
-319.000,3.863,512.703,320.000,0.000,0.000,0.000,0.000
-318.750,3.832,511.647,320.000,0.000,0.000,0.000,0.000
-318.500,3.802,510.594,320.000,0.000,0.000,0.000,0.000
-318.250,3.771,509.546,320.000,0.000,0.000,0.000,0.000
-318.000,3.741,508.501,320.000,0.000,0.000,0.000,0.000
-317.750,3.712,507.460,320.000,0.000,0.000,0.000,0.000
-317.500,3.682,506.423,320.000,0.000,0.000,0.000,0.000
-317.250,3.653,505.390,320.000,0.000,0.000,0.000,0.000
-317.000,3.624,504.361,320.000,0.000,0.000,0.000,0.000
-316.750,3.595,503.336,320.000,0.000,0.000,0.000,0.000
-316.500,3.567,502.315,320.000,0.000,0.000,0.000,0.000
-316.250,3.539,501.298,320.000,0.000,0.000,0.000,0.000
-316.000,3.511,500.285,320.000,0.000,0.000,0.000,0.000
-315.750,3.484,499.276,320.000,0.000,0.000,0.000,0.000
-315.500,3.457,498.271,320.000,0.000,0.000,0.000,0.000
-315.250,3.430,497.270,320.000,0.000,0.000,0.000,0.000
-315.000,3.403,496.273,320.000,0.000,0.000,0.000,0.000
-314.750,3.377,495.280,320.000,0.000,0.000,0.000,0.000
-314.500,3.351,494.292,320.000,0.000,0.000,0.000,0.000
-314.250,3.325,493.307,320.000,0.000,0.000,0.000,0.000
-314.000,3.299,492.327,320.000,0.000,0.000,0.000,0.000
-313.750,3.274,491.350,320.000,0.000,0.000,0.000,0.000
-313.500,3.248,490.378,320.000,0.000,0.000,0.000,0.000
-313.250,3.224,489.410,320.000,0.000,0.000,0.000,0.000
-313.000,3.199,488.446,320.000,0.000,0.000,0.000,0.000
-312.750,3.175,487.486,320.000,0.000,0.000,0.000,0.000
-312.500,3.150,486.530,320.000,0.000,0.000,0.000,0.000
-312.250,3.127,485.578,320.000,0.000,0.000,0.000,0.000
-312.000,3.103,484.631,320.000,0.000,0.000,0.000,0.000
-311.750,3.079,483.687,320.000,0.000,0.000,0.000,0.000
-311.500,3.056,482.748,320.000,0.000,0.000,0.000,0.000
-311.250,3.033,481.813,320.000,0.000,0.000,0.000,0.000
-311.000,3.011,480.882,320.000,0.000,0.000,0.000,0.000
-310.750,2.988,479.955,320.000,0.000,0.000,0.000,0.000
-310.500,2.966,479.033,320.000,0.000,0.000,0.000,0.000
-310.250,2.944,478.114,320.000,0.000,0.000,0.000,0.000
-310.000,2.922,477.199,320.000,0.000,0.000,0.000,0.000
-309.750,2.900,476.289,320.000,0.000,0.000,0.000,0.000
-309.500,2.879,475.383,320.000,0.000,0.000,0.000,0.000
-309.250,2.858,474.481,320.000,0.000,0.000,0.000,0.000
-309.000,2.837,473.583,320.000,0.000,0.000,0.000,0.000
-308.750,2.816,472.689,320.000,0.000,0.000,0.000,0.000
-308.500,2.795,471.799,320.000,0.000,0.000,0.000,0.000
-308.250,2.775,470.914,320.000,0.000,0.000,0.000,0.000
-308.000,2.755,470.032,320.000,0.000,0.000,0.000,0.000
-307.750,2.735,469.154,320.000,0.000,0.000,0.000,0.000
-307.500,2.715,468.281,320.000,0.000,0.000,0.000,0.000
-307.250,2.696,467.412,320.000,0.000,0.000,0.000,0.000
-307.000,2.676,466.547,320.000,0.000,0.000,0.000,0.000
-306.750,2.657,465.685,320.000,0.000,0.000,0.000,0.000
-306.500,2.638,464.828,320.000,0.000,0.000,0.000,0.000
-306.250,2.620,463.975,320.000,0.000,0.000,0.000,0.000
-306.000,2.601,463.126,320.000,0.000,0.000,0.000,0.000
-305.750,2.583,462.281,320.000,0.000,0.000,0.000,0.000
-305.500,2.564,461.440,320.000,0.000,0.000,0.000,0.000
-305.250,2.546,460.603,320.000,0.000,0.000,0.000,0.000
-305.000,2.528,459.770,320.000,0.000,0.000,0.000,0.000
-304.750,2.511,458.941,320.000,0.000,0.000,0.000,0.000
-304.500,2.493,458.116,320.000,0.000,0.000,0.000,0.000
-304.250,2.476,457.295,320.000,0.000,0.000,0.000,0.000
-304.000,2.459,456.478,320.000,0.000,0.000,0.000,0.000
-303.750,2.442,455.665,320.000,0.000,0.000,0.000,0.000
-303.500,2.425,454.856,320.000,0.000,0.000,0.000,0.000
-303.250,2.408,454.051,320.000,0.000,0.000,0.000,0.000
-303.000,2.392,453.249,320.000,0.000,0.000,0.000,0.000
-302.750,2.376,452.452,320.000,0.000,0.000,0.000,0.000
-302.500,2.360,451.658,320.000,0.000,0.000,0.000,0.000
-302.250,2.344,450.869,320.000,0.000,0.000,0.000,0.000
-302.000,2.328,450.083,320.000,0.000,0.000,0.000,0.000
-301.750,2.312,449.301,320.000,0.000,0.000,0.000,0.000
-301.500,2.297,448.523,320.000,0.000,0.000,0.000,0.000
-301.250,2.281,447.749,320.000,0.000,0.000,0.000,0.000
-301.000,2.266,446.978,320.000,0.000,0.000,0.000,0.000
-300.750,2.251,446.212,320.000,0.000,0.000,0.000,0.000
-300.500,2.236,445.449,320.000,0.000,0.000,0.000,0.000
-300.250,2.221,444.690,320.000,0.000,0.000,0.000,0.000
-300.000,2.207,443.935,320.000,0.000,0.000,0.000,0.000
-299.750,2.192,443.184,320.000,0.000,0.000,0.000,0.000
-299.500,2.178,442.436,320.000,0.000,0.000,0.000,0.000
-299.250,2.164,441.692,320.000,0.000,0.000,0.000,0.000
-299.000,2.150,440.952,320.000,0.000,0.000,0.000,0.000
-298.750,2.136,440.215,320.000,0.000,0.000,0.000,0.000
-298.500,2.122,439.482,320.000,0.000,0.000,0.000,0.000
-298.250,2.108,438.753,320.000,0.000,0.000,0.000,0.000
-298.000,2.095,438.028,320.000,0.000,0.000,0.000,0.000
-297.750,2.081,437.306,320.000,0.000,0.000,0.000,0.000
-297.500,2.068,436.588,320.000,0.000,0.000,0.000,0.000
-297.250,2.055,435.873,320.000,0.000,0.000,0.000,0.000
-297.000,2.042,435.162,320.000,0.000,0.000,0.000,0.000
-296.750,2.029,434.455,320.000,0.000,0.000,0.000,0.000
-296.500,2.017,433.751,320.000,0.000,0.000,0.000,0.000
-296.250,2.004,433.051,320.000,0.000,0.000,0.000,0.000
-296.000,1.991,432.354,320.000,0.000,0.000,0.000,0.000
-295.750,1.979,431.661,320.000,0.000,0.000,0.000,0.000
-295.500,1.967,430.972,320.000,0.000,0.000,0.000,0.000
-295.250,1.955,430.286,320.000,0.000,0.000,0.000,0.000
-295.000,1.943,429.603,320.000,0.000,0.000,0.000,0.000
-294.750,1.931,428.924,320.000,0.000,0.000,0.000,0.000
-294.500,1.919,428.249,320.000,0.000,0.000,0.000,0.000
-294.250,1.907,427.577,320.000,0.000,0.000,0.000,0.000
-294.000,1.896,426.908,320.000,0.000,0.000,0.000,0.000
-293.750,1.884,426.243,320.000,0.000,0.000,0.000,0.000
-293.500,1.873,425.581,320.000,0.000,0.000,0.000,0.000
-293.250,1.862,424.923,320.000,0.000,0.000,0.000,0.000
-293.000,1.851,424.268,320.000,0.000,0.000,0.000,0.000
-292.750,1.840,423.616,320.000,0.000,0.000,0.000,0.000
-292.500,1.829,422.968,320.000,0.000,0.000,0.000,0.000
-292.250,1.818,422.323,320.000,0.000,0.000,0.000,0.000
-292.000,1.807,421.681,320.000,0.000,0.000,0.000,0.000
-291.750,1.797,421.043,320.000,0.000,0.000,0.000,0.000
-291.500,1.786,420.408,320.000,0.000,0.000,0.000,0.000
-291.250,1.776,419.776,320.000,0.000,0.000,0.000,0.000
-291.000,1.766,419.148,320.000,0.000,0.000,0.000,0.000
-290.750,1.755,418.522,320.000,0.000,0.000,0.000,0.000
-290.500,1.745,417.900,320.000,0.000,0.000,0.000,0.000
-290.250,1.735,417.282,320.000,0.000,0.000,0.000,0.000
-290.000,1.725,416.666,320.000,0.000,0.000,0.000,0.000
-289.750,1.716,416.054,320.000,0.000,0.000,0.000,0.000
-289.500,1.706,415.445,320.000,0.000,0.000,0.000,0.000
-289.250,1.696,414.839,320.000,0.000,0.000,0.000,0.000
-289.000,1.687,414.236,320.000,0.000,0.000,0.000,0.000
-288.750,1.677,413.636,320.000,0.000,0.000,0.000,0.000
-288.500,1.668,413.040,320.000,0.000,0.000,0.000,0.000
-288.250,1.659,412.446,320.000,0.000,0.000,0.000,0.000
-288.000,1.649,411.856,320.000,0.000,0.000,0.000,0.000
-287.750,1.640,411.269,320.000,0.000,0.000,0.000,0.000
-287.500,1.631,410.685,320.000,0.000,0.000,0.000,0.000
-287.250,1.622,410.104,320.000,0.000,0.000,0.000,0.000
-287.000,1.614,409.525,320.000,0.000,0.000,0.000,0.000
-286.750,1.605,408.950,320.000,0.000,0.000,0.000,0.000
-286.500,1.596,408.378,320.000,0.000,0.000,0.000,0.000
-286.250,1.587,407.809,320.000,0.000,0.000,0.000,0.000
-286.000,1.579,407.243,320.000,0.000,0.000,0.000,0.000
-285.750,1.571,406.680,320.000,0.000,0.000,0.000,0.000
-285.500,1.562,406.120,320.000,0.000,0.000,0.000,0.000
-285.250,1.554,405.563,320.000,0.000,0.000,0.000,0.000
-285.000,1.546,405.009,320.000,0.000,0.000,0.000,0.000
-284.750,1.537,404.458,320.000,0.000,0.000,0.000,0.000
-284.500,1.529,403.909,320.000,0.000,0.000,0.000,0.000
-284.250,1.521,403.364,320.000,0.000,0.000,0.000,0.000
-284.000,1.514,402.821,320.000,0.000,0.000,0.000,0.000
-283.750,1.506,402.281,320.000,0.000,0.000,0.000,0.000
-283.500,1.498,401.744,320.000,0.000,0.000,0.000,0.000
-283.250,1.490,401.210,320.000,0.000,0.000,0.000,0.000
-283.000,1.483,400.679,320.000,0.000,0.000,0.000,0.000
-282.750,1.475,400.150,320.000,0.000,0.000,0.000,0.000
-282.500,1.468,399.625,320.000,0.000,0.000,0.000,0.000
-282.250,1.460,399.102,320.000,0.000,0.000,0.000,0.000
-282.000,1.453,398.582,320.000,0.000,0.000,0.000,0.000
-281.750,1.445,398.064,320.000,0.000,0.000,0.000,0.000
-281.500,1.438,397.550,320.000,0.000,0.000,0.000,0.000
-281.250,1.431,397.038,320.000,0.000,0.000,0.000,0.000
-281.000,1.424,396.529,320.000,0.000,0.000,0.000,0.000
-280.750,1.417,396.022,320.000,0.000,0.000,0.000,0.000
-280.500,1.410,395.518,320.000,0.000,0.000,0.000,0.000
-280.250,1.403,395.017,320.000,0.000,0.000,0.000,0.000
-280.000,1.396,394.519,320.000,0.000,0.000,0.000,0.000
-279.750,1.389,394.023,320.000,0.000,0.000,0.000,0.000
-279.500,1.383,393.530,320.000,0.000,0.000,0.000,0.000
-279.250,1.376,393.039,320.000,0.000,0.000,0.000,0.000
-279.000,1.369,392.551,320.000,0.000,0.000,0.000,0.000
-278.750,1.363,392.066,320.000,0.000,0.000,0.000,0.000
-278.500,1.356,391.583,320.000,0.000,0.000,0.000,0.000
-278.250,1.350,391.103,320.000,0.000,0.000,0.000,0.000
-278.000,1.344,390.626,320.000,0.000,0.000,0.000,0.000
-277.750,1.337,390.151,320.000,0.000,0.000,0.000,0.000
-277.500,1.331,389.678,320.000,0.000,0.000,0.000,0.000
-277.250,1.325,389.208,320.000,0.000,0.000,0.000,0.000
-277.000,1.319,388.741,320.000,0.000,0.000,0.000,0.000
-276.750,1.313,388.276,320.000,0.000,0.000,0.000,0.000
-276.500,1.306,387.813,320.000,0.000,0.000,0.000,0.000
-276.250,1.301,387.353,320.000,0.000,0.000,0.000,0.000
-276.000,1.295,386.896,320.000,0.000,0.000,0.000,0.000
-275.750,1.289,386.441,320.000,0.000,0.000,0.000,0.000
-275.500,1.283,385.988,320.000,0.000,0.000,0.000,0.000
-275.250,1.277,385.538,320.000,0.000,0.000,0.000,0.000
-275.000,1.271,385.090,320.000,0.000,0.000,0.000,0.000
-274.750,1.266,384.644,320.000,0.000,0.000,0.000,0.000
-274.500,1.260,384.201,320.000,0.000,0.000,0.000,0.000
-274.250,1.254,383.761,320.000,0.000,0.000,0.000,0.000
-274.000,1.249,383.323,320.000,0.000,0.000,0.000,0.000
-273.750,1.243,382.887,320.000,0.000,0.000,0.000,0.000
-273.500,1.238,382.453,320.000,0.000,0.000,0.000,0.000
-273.250,1.233,382.022,320.000,0.000,0.000,0.000,0.000
-273.000,1.227,381.593,320.000,0.000,0.000,0.000,0.000
-272.750,1.222,381.166,320.000,0.000,0.000,0.000,0.000
-272.500,1.217,380.742,320.000,0.000,0.000,0.000,0.000
-272.250,1.211,380.320,320.000,0.000,0.000,0.000,0.000
-272.000,1.206,379.900,320.000,0.000,0.000,0.000,0.000
-271.750,1.201,379.483,320.000,0.000,0.000,0.000,0.000
-271.500,1.196,379.068,320.000,0.000,0.000,0.000,0.000
-271.250,1.191,378.655,320.000,0.000,0.000,0.000,0.000
-271.000,1.186,378.244,320.000,0.000,0.000,0.000,0.000
-270.750,1.181,377.835,320.000,0.000,0.000,0.000,0.000
-270.500,1.176,377.429,320.000,0.000,0.000,0.000,0.000
-270.250,1.171,377.025,320.000,0.000,0.000,0.000,0.000
-270.000,1.167,376.623,320.000,0.000,0.000,0.000,0.000
-269.750,1.162,376.223,320.000,0.000,0.000,0.000,0.000
-269.500,1.157,375.826,320.000,0.000,0.000,0.000,0.000
-269.250,1.152,375.431,320.000,0.000,0.000,0.000,0.000
-269.000,1.148,375.037,320.000,0.000,0.000,0.000,0.000
-268.750,1.143,374.646,320.000,0.000,0.000,0.000,0.000
-268.500,1.138,374.257,320.000,0.000,0.000,0.000,0.000
-268.250,1.134,373.870,320.000,0.000,0.000,0.000,0.000
-268.000,1.129,373.486,320.000,0.000,0.000,0.000,0.000
-267.750,1.125,373.103,320.000,0.000,0.000,0.000,0.000
-267.500,1.120,372.722,320.000,0.000,0.000,0.000,0.000
-267.250,1.116,372.344,320.000,0.000,0.000,0.000,0.000
-267.000,1.112,371.967,320.000,0.000,0.000,0.000,0.000
-266.750,1.107,371.593,320.000,0.000,0.000,0.000,0.000
-266.500,1.103,371.221,320.000,0.000,0.000,0.000,0.000
-266.250,1.099,370.850,320.000,0.000,0.000,0.000,0.000
-266.000,1.095,370.482,320.000,0.000,0.000,0.000,0.000
-265.750,1.090,370.116,320.000,0.000,0.000,0.000,0.000
-265.500,1.086,369.752,320.000,0.000,0.000,0.000,0.000
-265.250,1.082,369.389,320.000,0.000,0.000,0.000,0.000
-265.000,1.078,369.029,320.000,0.000,0.000,0.000,0.000
-264.750,1.074,368.671,320.000,0.000,0.000,0.000,0.000
-264.500,1.070,368.314,320.000,0.000,0.000,0.000,0.000
-264.250,1.066,367.960,320.000,0.000,0.000,0.000,0.000
-264.000,1.062,367.608,320.000,0.000,0.000,0.000,0.000
-263.750,1.058,367.257,320.000,0.000,0.000,0.000,0.000
-263.500,1.054,366.909,320.000,0.000,0.000,0.000,0.000
-263.250,1.051,366.562,320.000,0.000,0.000,0.000,0.000
-263.000,1.047,366.217,320.000,0.000,0.000,0.000,0.000
-262.750,1.043,365.874,320.000,0.000,0.000,0.000,0.000
-262.500,1.039,365.533,320.000,0.000,0.000,0.000,0.000
-262.250,1.035,365.194,320.000,0.000,0.000,0.000,0.000
-262.000,1.032,364.857,320.000,0.000,0.000,0.000,0.000
-261.750,1.028,364.522,320.000,0.000,0.000,0.000,0.000
-261.500,1.024,364.188,320.000,0.000,0.000,0.000,0.000
-261.250,1.021,363.857,320.000,0.000,0.000,0.000,0.000
-261.000,1.017,363.527,320.000,0.000,0.000,0.000,0.000
-260.750,1.014,363.199,320.000,0.000,0.000,0.000,0.000
-260.500,1.010,362.873,320.000,0.000,0.000,0.000,0.000
-260.250,1.007,362.548,320.000,0.000,0.000,0.000,0.000
-260.000,1.003,362.226,320.000,0.000,0.000,0.000,0.000
-259.750,1.000,361.905,320.000,0.000,0.000,0.000,0.000
-259.500,0.996,361.586,320.000,0.000,0.000,0.000,0.000
-259.250,0.993,361.269,320.000,0.000,0.000,0.000,0.000
-259.000,0.990,360.954,320.000,0.000,0.000,0.000,0.000
-258.750,0.986,360.640,320.000,0.000,0.000,0.000,0.000
-258.500,0.983,360.328,320.000,0.000,0.000,0.000,0.000
-258.250,0.980,360.018,320.000,0.000,0.000,0.000,0.000
-258.000,0.977,359.710,320.000,0.000,0.000,0.000,0.000
-257.750,0.973,359.403,320.000,0.000,0.000,0.000,0.000
-257.500,0.970,359.098,320.000,0.000,0.000,0.000,0.000
-257.250,0.967,358.795,320.000,0.000,0.000,0.000,0.000
-257.000,0.964,358.493,320.000,0.000,0.000,0.000,0.000
-256.750,0.961,358.193,320.000,0.000,0.000,0.000,0.000
-256.500,0.958,357.895,320.000,0.000,0.000,0.000,0.000
-256.250,0.955,357.598,320.000,0.000,0.000,0.000,0.000
-256.000,0.952,357.304,320.000,0.000,0.000,0.000,0.000
-255.750,0.949,357.010,320.000,0.000,0.000,0.000,0.000
-255.500,0.946,356.719,320.000,0.000,0.000,0.000,0.000
-255.250,0.943,356.429,320.000,0.000,0.000,0.000,0.000
-255.000,0.940,356.141,320.000,0.000,0.000,0.000,0.000
-254.750,0.937,355.854,320.000,0.000,0.000,0.000,0.000
-254.500,0.934,355.569,320.000,0.000,0.000,0.000,0.000
-254.250,0.931,355.286,320.000,0.000,0.000,0.000,0.000
-254.000,0.928,355.004,320.000,0.000,0.000,0.000,0.000
-253.750,0.925,354.724,320.000,0.000,0.000,0.000,0.000
-253.500,0.923,354.445,320.000,0.000,0.000,0.000,0.000
-253.250,0.920,354.168,320.000,0.000,0.000,0.000,0.000
-253.000,0.917,353.893,320.000,0.000,0.000,0.000,0.000
-252.750,0.914,353.619,320.000,0.000,0.000,0.000,0.000
-252.500,0.912,353.346,320.000,0.000,0.000,0.000,0.000
-252.250,0.909,353.076,320.000,0.000,0.000,0.000,0.000
-252.000,0.906,352.806,320.000,0.000,0.000,0.000,0.000
-251.750,0.904,352.539,320.000,0.000,0.000,0.000,0.000
-251.500,0.901,352.273,320.000,0.000,0.000,0.000,0.000
-251.250,0.898,352.008,320.000,0.000,0.000,0.000,0.000
-251.000,0.896,351.745,320.000,0.000,0.000,0.000,0.000
-250.750,0.893,351.483,320.000,0.000,0.000,0.000,0.000
-250.500,0.891,351.223,320.000,0.000,0.000,0.000,0.000
-250.250,0.888,350.965,320.000,0.000,0.000,0.000,0.000
-250.000,0.886,350.707,320.000,0.000,0.000,0.000,0.000
-249.750,0.883,350.452,320.000,0.000,0.000,0.000,0.000
-249.500,0.881,350.198,320.000,0.000,0.000,0.000,0.000
-249.250,0.878,349.945,320.000,0.000,0.000,0.000,0.000
-249.000,0.876,349.694,320.000,0.000,0.000,0.000,0.000
-248.750,0.873,349.444,320.000,0.000,0.000,0.000,0.000
-248.500,0.871,349.196,320.000,0.000,0.000,0.000,0.000
-248.250,0.869,348.949,320.000,0.000,0.000,0.000,0.000
-248.000,0.866,348.703,320.000,0.000,0.000,0.000,0.000
-247.750,0.864,348.459,320.000,0.000,0.000,0.000,0.000
-247.500,0.862,348.217,320.000,0.000,0.000,0.000,0.000
-247.250,0.859,347.976,320.000,0.000,0.000,0.000,0.000
-247.000,0.857,347.736,320.000,0.000,0.000,0.000,0.000
-246.750,0.855,347.498,320.000,0.000,0.000,0.000,0.000
-246.500,0.853,347.261,320.000,0.000,0.000,0.000,0.000
-246.250,0.850,347.025,320.000,0.000,0.000,0.000,0.000
-246.000,0.848,346.791,320.000,0.000,0.000,0.000,0.000
-245.750,0.846,346.558,320.000,0.000,0.000,0.000,0.000
-245.500,0.844,346.327,320.000,0.000,0.000,0.000,0.000
-245.250,0.842,346.096,320.000,0.000,0.000,0.000,0.000
-245.000,0.839,345.868,320.000,0.000,0.000,0.000,0.000
-244.750,0.837,345.640,320.000,0.000,0.000,0.000,0.000
-244.500,0.835,345.414,320.000,0.000,0.000,0.000,0.000
-244.250,0.833,345.190,320.000,0.000,0.000,0.000,0.000
-244.000,0.831,344.966,320.000,0.000,0.000,0.000,0.000
-243.750,0.829,344.744,320.000,0.000,0.000,0.000,0.000
-243.500,0.827,344.524,320.000,0.000,0.000,0.000,0.000
-243.250,0.825,344.304,320.000,0.000,0.000,0.000,0.000
-243.000,0.823,344.086,320.000,0.000,0.000,0.000,0.000
-242.750,0.821,343.869,320.000,0.000,0.000,0.000,0.000
-242.500,0.819,343.654,320.000,0.000,0.000,0.000,0.000
-242.250,0.817,343.440,320.000,0.000,0.000,0.000,0.000
-242.000,0.815,343.227,320.000,0.000,0.000,0.000,0.000
-241.750,0.813,343.015,320.000,0.000,0.000,0.000,0.000
-241.500,0.811,342.805,320.000,0.000,0.000,0.000,0.000
-241.250,0.809,342.596,320.000,0.000,0.000,0.000,0.000
-241.000,0.807,342.388,320.000,0.000,0.000,0.000,0.000
-240.750,0.806,342.181,320.000,0.000,0.000,0.000,0.000
-240.500,0.804,341.976,320.000,0.000,0.000,0.000,0.000
-240.250,0.802,341.772,320.000,0.000,0.000,0.000,0.000
-240.000,0.800,341.569,320.000,0.000,0.000,0.000,0.000
-239.750,0.798,341.368,320.000,0.000,0.000,0.000,0.000
-239.500,0.796,341.167,320.000,0.000,0.000,0.000,0.000
-239.250,0.795,340.968,320.000,0.000,0.000,0.000,0.000
-239.000,0.793,340.770,320.000,0.000,0.000,0.000,0.000
-238.750,0.791,340.574,320.000,0.000,0.000,0.000,0.000
-238.500,0.789,340.378,320.000,0.000,0.000,0.000,0.000
-238.250,0.788,340.184,320.000,0.000,0.000,0.000,0.000
-238.000,0.786,339.991,320.000,0.000,0.000,0.000,0.000
-237.750,0.784,339.799,320.000,0.000,0.000,0.000,0.000
-237.500,0.782,339.608,320.000,0.000,0.000,0.000,0.000
-237.250,0.781,339.419,320.000,0.000,0.000,0.000,0.000
-237.000,0.779,339.231,320.000,0.000,0.000,0.000,0.000
-236.750,0.777,339.044,320.000,0.000,0.000,0.000,0.000
-236.500,0.776,338.858,320.000,0.000,0.000,0.000,0.000
-236.250,0.774,338.673,320.000,0.000,0.000,0.000,0.000
-236.000,0.773,338.489,320.000,0.000,0.000,0.000,0.000
-235.750,0.771,338.307,320.000,0.000,0.000,0.000,0.000
-235.500,0.769,338.125,320.000,0.000,0.000,0.000,0.000
-235.250,0.768,337.945,320.000,0.000,0.000,0.000,0.000
-235.000,0.766,337.766,320.000,0.000,0.000,0.000,0.000
-234.750,0.765,337.588,320.000,0.000,0.000,0.000,0.000
-234.500,0.763,337.411,320.000,0.000,0.000,0.000,0.000
-234.250,0.762,337.236,320.000,0.000,0.000,0.000,0.000
-234.000,0.760,337.061,320.000,0.000,0.000,0.000,0.000
-233.750,0.759,336.888,320.000,0.000,0.000,0.000,0.000
-233.500,0.757,336.715,320.000,0.000,0.000,0.000,0.000
-233.250,0.756,336.544,320.000,0.000,0.000,0.000,0.000
-233.000,0.754,336.374,320.000,0.000,0.000,0.000,0.000
-232.750,0.753,336.205,320.000,0.000,0.000,0.000,0.000
-232.500,0.751,336.037,320.000,0.000,0.000,0.000,0.000
-232.250,0.750,335.870,320.000,0.000,0.000,0.000,0.000
-232.000,0.748,335.704,320.000,0.000,0.000,0.000,0.000
-231.750,0.747,335.540,320.000,0.000,0.000,0.000,0.000
-231.500,0.746,335.376,320.000,0.000,0.000,0.000,0.000
-231.250,0.744,335.214,320.000,0.000,0.000,0.000,0.000
-231.000,0.743,335.052,320.000,0.000,0.000,0.000,0.000
-230.750,0.741,334.892,320.000,0.000,0.000,0.000,0.000
-230.500,0.740,334.732,320.000,0.000,0.000,0.000,0.000
-230.250,0.739,334.574,320.000,0.000,0.000,0.000,0.000
-230.000,0.737,334.417,320.000,0.000,0.000,0.000,0.000
-229.750,0.736,334.261,320.000,0.000,0.000,0.000,0.000
-229.500,0.735,334.105,320.000,0.000,0.000,0.000,0.000
-229.250,0.734,333.951,320.000,0.000,0.000,0.000,0.000
-229.000,0.732,333.798,320.000,0.000,0.000,0.000,0.000
-228.750,0.731,333.646,320.000,0.000,0.000,0.000,0.000
-228.500,0.730,333.495,320.000,0.000,0.000,0.000,0.000
-228.250,0.728,333.345,320.000,0.000,0.000,0.000,0.000
-228.000,0.727,333.196,320.000,0.000,0.000,0.000,0.000
-227.750,0.726,333.048,320.000,0.000,0.000,0.000,0.000
-227.500,0.725,332.901,320.000,0.000,0.000,0.000,0.000
-227.250,0.723,332.755,320.000,0.000,0.000,0.000,0.000
-227.000,0.722,332.610,320.000,0.000,0.000,0.000,0.000
-226.750,0.721,332.466,320.000,0.000,0.000,0.000,0.000
-226.500,0.720,332.323,320.000,0.000,0.000,0.000,0.000
-226.250,0.719,332.181,320.000,0.000,0.000,0.000,0.000
-226.000,0.718,332.040,320.000,0.000,0.000,0.000,0.000
-225.750,0.716,331.900,320.000,0.000,0.000,0.000,0.000
-225.500,0.715,331.761,320.000,0.000,0.000,0.000,0.000
-225.250,0.714,331.623,320.000,0.000,0.000,0.000,0.000
-225.000,0.713,331.486,320.000,0.000,0.000,0.000,0.000
-224.750,0.712,331.349,320.000,0.000,0.000,0.000,0.000
-224.500,0.711,331.214,320.000,0.000,0.000,0.000,0.000
-224.250,0.710,331.080,320.000,0.000,0.000,0.000,0.000
-224.000,0.709,330.947,320.000,0.000,0.000,0.000,0.000
-223.750,0.707,330.814,320.000,0.000,0.000,0.000,0.000
-223.500,0.706,330.683,320.000,0.000,0.000,0.000,0.000
-223.250,0.705,330.553,320.000,0.000,0.000,0.000,0.000
-223.000,0.704,330.423,320.000,0.000,0.000,0.000,0.000
-222.750,0.703,330.295,320.000,0.000,0.000,0.000,0.000
-222.500,0.702,330.167,320.000,0.000,0.000,0.000,0.000
-222.250,0.701,330.040,320.000,0.000,0.000,0.000,0.000
-222.000,0.700,329.914,320.000,0.000,0.000,0.000,0.000
-221.750,0.699,329.790,320.000,0.000,0.000,0.000,0.000
-221.500,0.698,329.666,320.000,0.000,0.000,0.000,0.000
-221.250,0.697,329.543,320.000,0.000,0.000,0.000,0.000
-221.000,0.696,329.421,320.000,0.000,0.000,0.000,0.000
-220.750,0.695,329.299,320.000,0.000,0.000,0.000,0.000
-220.500,0.694,329.179,320.000,0.000,0.000,0.000,0.000
-220.250,0.693,329.060,320.000,0.000,0.000,0.000,0.000
-220.000,0.692,328.941,320.000,0.000,0.000,0.000,0.000
-219.750,0.691,328.824,320.000,0.000,0.000,0.000,0.000
-219.500,0.690,328.707,320.000,0.000,0.000,0.000,0.000
-219.250,0.689,328.591,320.000,0.000,0.000,0.000,0.000
-219.000,0.688,328.476,320.000,0.000,0.000,0.000,0.000
-218.750,0.688,328.362,320.000,0.000,0.000,0.000,0.000
-218.500,0.687,328.249,320.000,0.000,0.000,0.000,0.000
-218.250,0.686,328.137,320.000,0.000,0.000,0.000,0.000
-218.000,0.685,328.026,320.000,0.000,0.000,0.000,0.000
-217.750,0.684,327.915,320.000,0.000,0.000,0.000,0.000
-217.500,0.683,327.805,320.000,0.000,0.000,0.000,0.000
-217.250,0.682,327.697,320.000,0.000,0.000,0.000,0.000
-217.000,0.681,327.589,320.000,0.000,0.000,0.000,0.000
-216.750,0.681,327.482,320.000,0.000,0.000,0.000,0.000
-216.500,0.680,327.376,320.000,0.000,0.000,0.000,0.000
-216.250,0.679,327.270,320.000,0.000,0.000,0.000,0.000
-216.000,0.678,327.166,320.000,0.000,0.000,0.000,0.000
-215.750,0.677,327.062,320.000,0.000,0.000,0.000,0.000
-215.500,0.676,326.959,320.000,0.000,0.000,0.000,0.000
-215.250,0.676,326.857,320.000,0.000,0.000,0.000,0.000
-215.000,0.675,326.756,320.000,0.000,0.000,0.000,0.000
-214.750,0.674,326.656,320.000,0.000,0.000,0.000,0.000
-214.500,0.673,326.557,320.000,0.000,0.000,0.000,0.000
-214.250,0.672,326.458,320.000,0.000,0.000,0.000,0.000
-214.000,0.672,326.360,320.000,0.000,0.000,0.000,0.000
-213.750,0.671,326.263,320.000,0.000,0.000,0.000,0.000
-213.500,0.670,326.167,320.000,0.000,0.000,0.000,0.000
-213.250,0.669,326.072,320.000,0.000,0.000,0.000,0.000
-213.000,0.669,325.978,320.000,0.000,0.000,0.000,0.000
-212.750,0.668,325.884,320.000,0.000,0.000,0.000,0.000
-212.500,0.667,325.791,320.000,0.000,0.000,0.000,0.000
-212.250,0.667,325.699,320.000,0.000,0.000,0.000,0.000
-212.000,0.666,325.608,320.000,0.000,0.000,0.000,0.000
-211.750,0.665,325.518,320.000,0.000,0.000,0.000,0.000
-211.500,0.664,325.428,320.000,0.000,0.000,0.000,0.000
-211.250,0.664,325.339,320.000,0.000,0.000,0.000,0.000
-211.000,0.663,325.251,320.000,0.000,0.000,0.000,0.000
-210.750,0.662,325.164,320.000,0.000,0.000,0.000,0.000
-210.500,0.662,325.078,320.000,0.000,0.000,0.000,0.000
-210.250,0.661,324.992,320.000,0.000,0.000,0.000,0.000
-210.000,0.660,324.908,320.000,0.000,0.000,0.000,0.000
-209.750,0.660,324.824,320.000,0.000,0.000,0.000,0.000
-209.500,0.659,324.740,320.000,0.000,0.000,0.000,0.000
-209.250,0.658,324.658,320.000,0.000,0.000,0.000,0.000
-209.000,0.658,324.576,320.000,0.000,0.000,0.000,0.000
-208.750,0.657,324.496,320.000,0.000,0.000,0.000,0.000
-208.500,0.657,324.415,320.000,0.000,0.000,0.000,0.000
-208.250,0.656,324.336,320.000,0.000,0.000,0.000,0.000
-208.000,0.655,324.258,320.000,0.000,0.000,0.000,0.000
-207.750,0.655,324.180,320.000,0.000,0.000,0.000,0.000
-207.500,0.654,324.103,320.000,0.000,0.000,0.000,0.000
-207.250,0.654,324.027,320.000,0.000,0.000,0.000,0.000
-207.000,0.653,323.951,320.000,0.000,0.000,0.000,0.000
-206.750,0.652,323.877,320.000,0.000,0.000,0.000,0.000
-206.500,0.652,323.803,320.000,0.000,0.000,0.000,0.000
-206.250,0.651,323.730,320.000,0.000,0.000,0.000,0.000
-206.000,0.651,323.657,320.000,0.000,0.000,0.000,0.000
-205.750,0.650,323.586,320.000,0.000,0.000,0.000,0.000
-205.500,0.650,323.515,320.000,0.000,0.000,0.000,0.000
-205.250,0.649,323.445,320.000,0.000,0.000,0.000,0.000
-205.000,0.649,323.375,320.000,0.000,0.000,0.000,0.000
-204.750,0.648,323.307,320.000,0.000,0.000,0.000,0.000
-204.500,0.648,323.239,320.000,0.000,0.000,0.000,0.000
-204.250,0.647,323.172,320.000,0.000,0.000,0.000,0.000
-204.000,0.647,323.105,320.000,0.000,0.000,0.000,0.000
-203.750,0.646,323.040,320.000,0.000,0.000,0.000,0.000
-203.500,0.646,322.975,320.000,0.000,0.000,0.000,0.000
-203.250,0.645,322.911,320.000,0.000,0.000,0.000,0.000
-203.000,0.645,322.847,320.000,0.000,0.000,0.000,0.000
-202.750,0.644,322.785,320.000,0.000,0.000,0.000,0.000
-202.500,0.644,322.723,320.000,0.000,0.000,0.000,0.000
-202.250,0.643,322.661,320.000,0.000,0.000,0.000,0.000
-202.000,0.643,322.601,320.000,0.000,0.000,0.000,0.000
-201.750,0.642,322.541,320.000,0.000,0.000,0.000,0.000
-201.500,0.642,322.482,320.000,0.000,0.000,0.000,0.000
-201.250,0.641,322.424,320.000,0.000,0.000,0.000,0.000
-201.000,0.641,322.366,320.000,0.000,0.000,0.000,0.000
-200.750,0.641,322.309,320.000,0.000,0.000,0.000,0.000
-200.500,0.640,322.253,320.000,0.000,0.000,0.000,0.000
-200.250,0.640,322.198,320.000,0.000,0.000,0.000,0.000
-200.000,0.639,322.143,320.000,0.000,0.000,0.000,0.000
-199.750,0.639,322.089,320.000,0.000,0.000,0.000,0.000
-199.500,0.639,322.036,320.000,0.000,0.000,0.000,0.000
-199.250,0.638,321.983,320.000,0.000,0.000,0.000,0.000
-199.000,0.638,321.932,320.000,0.000,0.000,0.000,0.000
-198.750,0.637,321.880,320.000,0.000,0.000,0.000,0.000
-198.500,0.637,321.830,320.000,0.000,0.000,0.000,0.000
-198.250,0.637,321.780,320.000,0.000,0.000,0.000,0.000
-198.000,0.636,321.731,320.000,0.000,0.000,0.000,0.000
-197.750,0.636,321.683,320.000,0.000,0.000,0.000,0.000
-197.500,0.636,321.635,320.000,0.000,0.000,0.000,0.000
-197.250,0.635,321.589,320.000,0.000,0.000,0.000,0.000
-197.000,0.635,321.542,320.000,0.000,0.000,0.000,0.000
-196.750,0.635,321.497,320.000,0.000,0.000,0.000,0.000
-196.500,0.634,321.452,320.000,0.000,0.000,0.000,0.000
-196.250,0.634,321.408,320.000,0.000,0.000,0.000,0.000
-196.000,0.634,321.365,320.000,0.000,0.000,0.000,0.000
-195.750,0.633,321.322,320.000,0.000,0.000,0.000,0.000
-195.500,0.633,321.280,320.000,0.000,0.000,0.000,0.000
-195.250,0.633,321.239,320.000,0.000,0.000,0.000,0.000
-195.000,0.632,321.198,320.000,0.000,0.000,0.000,0.000
-194.750,0.632,321.158,320.000,0.000,0.000,0.000,0.000
-194.500,0.632,321.119,320.000,0.000,0.000,0.000,0.000
-194.250,0.631,321.080,320.000,0.000,0.000,0.000,0.000
-194.000,0.631,321.043,320.000,0.000,0.000,0.000,0.000
-193.750,0.631,321.006,320.000,0.000,0.000,0.000,0.000
-193.500,0.631,320.969,320.000,0.000,0.000,0.000,0.000
-193.250,0.630,320.933,320.000,0.000,0.000,0.000,0.000
-193.000,0.630,320.898,320.000,0.000,0.000,0.000,0.000
-192.750,0.630,320.864,320.000,0.000,0.000,0.000,0.000
-192.500,0.630,320.830,320.000,0.000,0.000,0.000,0.000
-192.250,0.629,320.797,320.000,0.000,0.000,0.000,0.000
-192.000,0.629,320.765,320.000,0.000,0.000,0.000,0.000
-191.750,0.629,320.733,320.000,0.000,0.000,0.000,0.000
-191.500,0.629,320.702,320.000,0.000,0.000,0.000,0.000
-191.250,0.628,320.672,320.000,0.000,0.000,0.000,0.000
-191.000,0.628,320.642,320.000,0.000,0.000,0.000,0.000
-190.750,0.628,320.613,320.000,0.000,0.000,0.000,0.000
-190.500,0.628,320.585,320.000,0.000,0.000,0.000,0.000
-190.250,0.628,320.557,320.000,0.000,0.000,0.000,0.000
-190.000,0.627,320.530,320.000,0.000,0.000,0.000,0.000
-189.750,0.627,320.504,320.000,0.000,0.000,0.000,0.000
-189.500,0.627,320.478,320.000,0.000,0.000,0.000,0.000
-189.250,0.627,320.453,320.000,0.000,0.000,0.000,0.000
-189.000,0.627,320.429,320.000,0.000,0.000,0.000,0.000
-188.750,0.627,320.406,320.000,0.000,0.000,0.000,0.000
-188.500,0.626,320.383,320.000,0.000,0.000,0.000,0.000
-188.250,0.626,320.360,320.000,0.000,0.000,0.000,0.000
-188.000,0.626,320.339,320.000,0.000,0.000,0.000,0.000
-187.750,0.626,320.318,320.000,0.000,0.000,0.000,0.000
-187.500,0.626,320.298,320.000,0.000,0.000,0.000,0.000
-187.250,0.626,320.278,320.000,0.000,0.000,0.000,0.000
-187.000,0.626,320.259,320.000,0.000,0.000,0.000,0.000
-186.750,0.625,320.241,320.000,0.000,0.000,0.000,0.000
-186.500,0.625,320.224,320.000,0.000,0.000,0.000,0.000
-186.250,0.625,320.207,320.000,0.000,0.000,0.000,0.000
-186.000,0.625,320.190,320.000,0.000,0.000,0.000,0.000
-185.750,0.625,320.175,320.000,0.000,0.000,0.000,0.000
-185.500,0.625,320.160,320.000,0.000,0.000,0.000,0.000
-185.250,0.625,320.146,320.000,0.000,0.000,0.000,0.000
-185.000,0.625,320.132,320.000,0.000,0.000,0.000,0.000
-184.750,0.625,320.119,320.000,0.000,0.000,0.000,0.000
-184.500,0.624,320.107,320.000,0.000,0.000,0.000,0.000
-184.250,0.624,320.095,320.000,0.000,0.000,0.000,0.000
-184.000,0.624,320.085,320.000,0.000,0.000,0.000,0.000
-183.750,0.624,320.074,320.000,0.000,0.000,0.000,0.000
-183.500,0.624,320.065,320.000,0.000,0.000,0.000,0.000
-183.250,0.624,320.056,320.000,0.000,0.000,0.000,0.000
-183.000,0.624,320.048,320.000,0.000,0.000,0.000,0.000
-182.750,0.624,320.040,320.000,0.000,0.000,0.000,0.000
-182.500,0.624,320.033,320.000,0.000,0.000,0.000,0.000
-182.250,0.624,320.027,320.000,0.000,0.000,0.000,0.000
-182.000,0.624,320.021,320.000,0.000,0.000,0.000,0.000
-181.750,0.624,320.016,320.000,0.000,0.000,0.000,0.000
-181.500,0.624,320.012,320.000,0.000,0.000,0.000,0.000
-181.250,0.624,320.008,320.000,0.000,0.000,0.000,0.000
-181.000,0.624,320.005,320.000,0.000,0.000,0.000,0.000
-180.750,0.624,320.003,320.000,0.000,0.000,0.000,0.000
-180.500,0.624,320.001,320.000,0.000,0.000,0.000,0.000
-180.250,0.624,320.000,320.000,0.000,0.000,0.000,0.000
-180.000,0.624,320.000,320.000,0.000,0.000,0.000,0.000
-179.750,0.624,320.000,320.000,0.000,0.000,0.000,0.000
-179.500,0.624,320.001,320.000,0.000,0.000,0.000,0.000
-179.250,0.624,320.003,320.000,0.000,0.000,0.000,0.000
-179.000,0.624,320.005,320.000,0.000,0.000,0.000,0.000
-178.750,0.624,320.008,320.000,0.000,0.000,0.000,0.000
-178.500,0.624,320.012,320.000,0.000,0.000,0.000,0.000
-178.250,0.624,320.016,320.000,0.000,0.000,0.000,0.000
-178.000,0.624,320.021,320.000,0.000,0.000,0.000,0.000
-177.750,0.624,320.027,320.000,0.000,0.000,0.000,0.000
-177.500,0.624,320.033,320.000,0.000,0.000,0.000,0.000
-177.250,0.624,320.040,320.000,0.000,0.000,0.000,0.000
-177.000,0.624,320.048,320.000,0.000,0.000,0.000,0.000
-176.750,0.624,320.056,320.000,0.000,0.000,0.000,0.000
-176.500,0.624,320.065,320.000,0.000,0.000,0.000,0.000
-176.250,0.625,320.074,320.000,0.000,0.000,0.000,0.000
-176.000,0.625,320.085,320.000,0.000,0.000,0.000,0.000
-175.750,0.625,320.095,320.000,0.000,0.000,0.000,0.000
-175.500,0.625,320.107,320.000,0.000,0.000,0.000,0.000
-175.250,0.625,320.119,320.000,0.000,0.000,0.000,0.000
-175.000,0.625,320.132,320.000,0.000,0.000,0.000,0.000
-174.750,0.625,320.146,320.000,0.000,0.000,0.000,0.000
-174.500,0.625,320.160,320.000,0.000,0.000,0.000,0.000
-174.250,0.625,320.175,320.000,0.000,0.000,0.000,0.000
-174.000,0.626,320.190,320.000,0.000,0.000,0.000,0.000
-173.750,0.626,320.207,320.000,0.000,0.000,0.000,0.000
-173.500,0.626,320.224,320.000,0.000,0.000,0.000,0.000
-173.250,0.626,320.241,320.000,0.000,0.000,0.000,0.000
-173.000,0.626,320.259,320.000,0.000,0.000,0.000,0.000
-172.750,0.626,320.278,320.000,0.000,0.000,0.000,0.000
-172.500,0.626,320.298,320.000,0.000,0.000,0.000,0.000
-172.250,0.627,320.318,320.000,0.000,0.000,0.000,0.000
-172.000,0.627,320.339,320.000,0.000,0.000,0.000,0.000
-171.750,0.627,320.360,320.000,0.000,0.000,0.000,0.000
-171.500,0.627,320.383,320.000,0.000,0.000,0.000,0.000
-171.250,0.627,320.406,320.000,0.000,0.000,0.000,0.000
-171.000,0.627,320.429,320.000,0.000,0.000,0.000,0.000
-170.750,0.628,320.453,320.000,0.000,0.000,0.000,0.000
-170.500,0.628,320.478,320.000,0.000,0.000,0.000,0.000
-170.250,0.628,320.504,320.000,0.000,0.000,0.000,0.000
-170.000,0.628,320.530,320.000,0.000,0.000,0.000,0.000
-169.750,0.628,320.557,320.000,0.000,0.000,0.000,0.000
-169.500,0.629,320.585,320.000,0.000,0.000,0.000,0.000
-169.250,0.629,320.613,320.000,0.000,0.000,0.000,0.000
-169.000,0.629,320.642,320.000,0.000,0.000,0.000,0.000
-168.750,0.629,320.672,320.000,0.000,0.000,0.000,0.000
-168.500,0.630,320.702,320.000,0.000,0.000,0.000,0.000
-168.250,0.630,320.733,320.000,0.000,0.000,0.000,0.000
-168.000,0.630,320.765,320.000,0.000,0.000,0.000,0.000
-167.750,0.630,320.797,320.000,0.000,0.000,0.000,0.000
-167.500,0.631,320.830,320.000,0.000,0.000,0.000,0.000
-167.250,0.631,320.864,320.000,0.000,0.000,0.000,0.000
-167.000,0.631,320.898,320.000,0.000,0.000,0.000,0.000
-166.750,0.631,320.933,320.000,0.000,0.000,0.000,0.000
-166.500,0.632,320.969,320.000,0.000,0.000,0.000,0.000
-166.250,0.632,321.006,320.000,0.000,0.000,0.000,0.000
-166.000,0.632,321.043,320.000,0.000,0.000,0.000,0.000
-165.750,0.633,321.080,320.000,0.000,0.000,0.000,0.000
-165.500,0.633,321.119,320.000,0.000,0.000,0.000,0.000
-165.250,0.633,321.158,320.000,0.000,0.000,0.000,0.000
-165.000,0.633,321.198,320.000,0.000,0.000,0.000,0.000
-164.750,0.634,321.239,320.000,0.000,0.000,0.000,0.000
-164.500,0.634,321.280,320.000,0.000,0.000,0.000,0.000
-164.250,0.634,321.322,320.000,0.000,0.000,0.000,0.000
-164.000,0.635,321.365,320.000,0.000,0.000,0.000,0.000
-163.750,0.635,321.408,320.000,0.000,0.000,0.000,0.000
-163.500,0.635,321.452,320.000,0.000,0.000,0.000,0.000
-163.250,0.636,321.497,320.000,0.000,0.000,0.000,0.000
-163.000,0.636,321.542,320.000,0.000,0.000,0.000,0.000
-162.750,0.637,321.589,320.000,0.000,0.000,0.000,0.000
-162.500,0.637,321.635,320.000,0.000,0.000,0.000,0.000
-162.250,0.637,321.683,320.000,0.000,0.000,0.000,0.000
-162.000,0.638,321.731,320.000,0.000,0.000,0.000,0.000
-161.750,0.638,321.780,320.000,0.000,0.000,0.000,0.000
-161.500,0.638,321.830,320.000,0.000,0.000,0.000,0.000
-161.250,0.639,321.880,320.000,0.000,0.000,0.000,0.000
-161.000,0.639,321.932,320.000,0.000,0.000,0.000,0.000
-160.750,0.640,321.983,320.000,0.000,0.000,0.000,0.000
-160.500,0.640,322.036,320.000,0.000,0.000,0.000,0.000
-160.250,0.640,322.089,320.000,0.000,0.000,0.000,0.000
-160.000,0.641,322.143,320.000,0.000,0.000,0.000,0.000
-159.750,0.641,322.198,320.000,0.000,0.000,0.000,0.000
-159.500,0.642,322.253,320.000,0.000,0.000,0.000,0.000
-159.250,0.642,322.309,320.000,0.000,0.000,0.000,0.000
-159.000,0.643,322.366,320.000,0.000,0.000,0.000,0.000
-158.750,0.643,322.424,320.000,0.000,0.000,0.000,0.000
-158.500,0.644,322.482,320.000,0.000,0.000,0.000,0.000
-158.250,0.644,322.541,320.000,0.000,0.000,0.000,0.000
-158.000,0.644,322.601,320.000,0.000,0.000,0.000,0.000
-157.750,0.645,322.661,320.000,0.000,0.000,0.000,0.000
-157.500,0.645,322.723,320.000,0.000,0.000,0.000,0.000
-157.250,0.646,322.785,320.000,0.000,0.000,0.000,0.000
-157.000,0.646,322.847,320.000,0.000,0.000,0.000,0.000
-156.750,0.647,322.911,320.000,0.000,0.000,0.000,0.000
-156.500,0.647,322.975,320.000,0.000,0.000,0.000,0.000
-156.250,0.648,323.040,320.000,0.000,0.000,0.000,0.000
-156.000,0.648,323.105,320.000,0.000,0.000,0.000,0.000
-155.750,0.649,323.172,320.000,0.000,0.000,0.000,0.000
-155.500,0.650,323.239,320.000,0.000,0.000,0.000,0.000
-155.250,0.650,323.307,320.000,0.000,0.000,0.000,0.000
-155.000,0.651,323.375,320.000,0.000,0.000,0.000,0.000
-154.750,0.651,323.445,320.000,0.000,0.000,0.000,0.000
-154.500,0.652,323.515,320.000,0.000,0.000,0.000,0.000
-154.250,0.652,323.586,320.000,0.000,0.000,0.000,0.000
-154.000,0.653,323.657,320.000,0.000,0.000,0.000,0.000
-153.750,0.653,323.730,320.000,0.000,0.000,0.000,0.000
-153.500,0.654,323.803,320.000,0.000,0.000,0.000,0.000
-153.250,0.655,323.877,320.000,0.000,0.000,0.000,0.000
-153.000,0.655,323.951,320.000,0.000,0.000,0.000,0.000
-152.750,0.656,324.027,320.000,0.000,0.000,0.000,0.000
-152.500,0.656,324.103,320.000,0.000,0.000,0.000,0.000
-152.250,0.657,324.180,320.000,0.000,0.000,0.000,0.000
-152.000,0.658,324.258,320.000,0.000,0.000,0.000,0.000
-151.750,0.658,324.336,320.000,0.000,0.000,0.000,0.000
-151.500,0.659,324.415,320.000,0.000,0.000,0.000,0.000
-151.250,0.659,324.496,320.000,0.000,0.000,0.000,0.000
-151.000,0.660,324.576,320.000,0.000,0.000,0.000,0.000
-150.750,0.661,324.658,320.000,0.000,0.000,0.000,0.000
-150.500,0.661,324.740,320.000,0.000,0.000,0.000,0.000
-150.250,0.662,324.824,320.000,0.000,0.000,0.000,0.000
-150.000,0.663,324.908,320.000,0.000,0.000,0.000,0.000
-149.750,0.663,324.992,320.000,0.000,0.000,0.000,0.000
-149.500,0.664,325.078,320.000,0.000,0.000,0.000,0.000
-149.250,0.665,325.164,320.000,0.000,0.000,0.000,0.000
-149.000,0.665,325.251,320.000,0.000,0.000,0.000,0.000
-148.750,0.666,325.339,320.000,0.000,0.000,0.000,0.000
-148.500,0.667,325.428,320.000,0.000,0.000,0.000,0.000
-148.250,0.668,325.518,320.000,0.000,0.000,0.000,0.000
-148.000,0.668,325.608,320.000,0.000,0.000,0.000,0.000
-147.750,0.669,325.699,320.000,0.000,0.000,0.000,0.000
-147.500,0.670,325.791,320.000,0.000,0.000,0.000,0.000
-147.250,0.671,325.884,320.000,0.000,0.000,0.000,0.000
-147.000,0.671,325.978,320.000,0.000,0.000,0.000,0.000
-146.750,0.672,326.072,320.000,0.000,0.000,0.000,0.000
-146.500,0.673,326.167,320.000,0.000,0.000,0.000,0.000
-146.250,0.674,326.263,320.000,0.000,0.000,0.000,0.000
-146.000,0.674,326.360,320.000,0.000,0.000,0.000,0.000
-145.750,0.675,326.458,320.000,0.000,0.000,0.000,0.000
-145.500,0.676,326.557,320.000,0.000,0.000,0.000,0.000
-145.250,0.677,326.656,320.000,0.000,0.000,0.000,0.000
-145.000,0.678,326.756,320.000,0.000,0.000,0.000,0.000
-144.750,0.678,326.857,320.000,0.000,0.000,0.000,0.000
-144.500,0.679,326.959,320.000,0.000,0.000,0.000,0.000
-144.250,0.680,327.062,320.000,0.000,0.000,0.000,0.000
-144.000,0.681,327.166,320.000,0.000,0.000,0.000,0.000
-143.750,0.682,327.270,320.000,0.000,0.000,0.000,0.000
-143.500,0.683,327.376,320.000,0.000,0.000,0.000,0.000
-143.250,0.683,327.482,320.000,0.000,0.000,0.000,0.000
-143.000,0.684,327.589,320.000,0.000,0.000,0.000,0.000
-142.750,0.685,327.697,320.000,0.000,0.000,0.000,0.000
-142.500,0.686,327.805,320.000,0.000,0.000,0.000,0.000
-142.250,0.687,327.915,320.000,0.000,0.000,0.000,0.000
-142.000,0.688,328.026,320.000,0.000,0.000,0.000,0.000
-141.750,0.689,328.137,320.000,0.000,0.000,0.000,0.000
-141.500,0.690,328.249,320.000,0.000,0.000,0.000,0.000
-141.250,0.691,328.362,320.000,0.000,0.000,0.000,0.000
-141.000,0.692,328.476,320.000,0.000,0.000,0.000,0.000
-140.750,0.693,328.591,320.000,0.000,0.000,0.000,0.000
-140.500,0.693,328.707,320.000,0.000,0.000,0.000,0.000
-140.250,0.694,328.824,320.000,0.000,0.000,0.000,0.000
-140.000,0.695,328.941,320.000,0.000,0.000,0.000,0.000
-139.750,0.696,329.060,320.000,0.000,0.000,0.000,0.000
-139.500,0.697,329.179,320.000,0.000,0.000,0.000,0.000
-139.250,0.698,329.299,320.000,0.000,0.000,0.000,0.000
-139.000,0.699,329.421,320.000,0.000,0.000,0.000,0.000
-138.750,0.700,329.543,320.000,0.000,0.000,0.000,0.000
-138.500,0.701,329.666,320.000,0.000,0.000,0.000,0.000
-138.250,0.702,329.790,320.000,0.000,0.000,0.000,0.000
-138.000,0.703,329.914,320.000,0.000,0.000,0.000,0.000
-137.750,0.704,330.040,320.000,0.000,0.000,0.000,0.000
-137.500,0.706,330.167,320.000,0.000,0.000,0.000,0.000
-137.250,0.707,330.295,320.000,0.000,0.000,0.000,0.000
-137.000,0.708,330.423,320.000,0.000,0.000,0.000,0.000
-136.750,0.709,330.553,320.000,0.000,0.000,0.000,0.000
-136.500,0.710,330.683,320.000,0.000,0.000,0.000,0.000
-136.250,0.711,330.814,320.000,0.000,0.000,0.000,0.000
-136.000,0.712,330.947,320.000,0.000,0.000,0.000,0.000
-135.750,0.713,331.080,320.000,0.000,0.000,0.000,0.000
-135.500,0.714,331.214,320.000,0.000,0.000,0.000,0.000
-135.250,0.715,331.349,320.000,0.000,0.000,0.000,0.000
-135.000,0.717,331.486,320.000,0.000,0.000,0.000,0.000
-134.750,0.718,331.623,320.000,0.000,0.000,0.000,0.000
-134.500,0.719,331.761,320.000,0.000,0.000,0.000,0.000
-134.250,0.720,331.900,320.000,0.000,0.000,0.000,0.000
-134.000,0.721,332.040,320.000,0.000,0.000,0.000,0.000
-133.750,0.722,332.181,320.000,0.000,0.000,0.000,0.000
-133.500,0.724,332.323,320.000,0.000,0.000,0.000,0.000
-133.250,0.725,332.466,320.000,0.000,0.000,0.000,0.000
-133.000,0.726,332.610,320.000,0.000,0.000,0.000,0.000
-132.750,0.727,332.755,320.000,0.000,0.000,0.000,0.000
-132.500,0.728,332.901,320.000,0.000,0.000,0.000,0.000
-132.250,0.730,333.048,320.000,0.000,0.000,0.000,0.000
-132.000,0.731,333.196,320.000,0.000,0.000,0.000,0.000
-131.750,0.732,333.345,320.000,0.000,0.000,0.000,0.000
-131.500,0.734,333.495,320.000,0.000,0.000,0.000,0.000
-131.250,0.735,333.646,320.000,0.000,0.000,0.000,0.000
-131.000,0.736,333.798,320.000,0.000,0.000,0.000,0.000
-130.750,0.737,333.951,320.000,0.000,0.000,0.000,0.000
-130.500,0.739,334.105,320.000,0.000,0.000,0.000,0.000
-130.250,0.740,334.261,320.000,0.000,0.000,0.000,0.000
-130.000,0.741,334.417,320.000,0.000,0.000,0.000,0.000
-129.750,0.743,334.574,320.000,0.000,0.000,0.000,0.000
-129.500,0.744,334.732,320.000,0.000,0.000,0.000,0.000
-129.250,0.745,334.892,320.000,0.000,0.000,0.000,0.000
-129.000,0.747,335.052,320.000,0.000,0.000,0.000,0.000
-128.750,0.748,335.214,320.000,0.000,0.000,0.000,0.000
-128.500,0.750,335.376,320.000,0.000,0.000,0.000,0.000
-128.250,0.751,335.540,320.000,0.000,0.000,0.000,0.000
-128.000,0.753,335.704,320.000,0.000,0.000,0.000,0.000
-127.750,0.754,335.870,320.000,0.000,0.000,0.000,0.000
-127.500,0.755,336.037,320.000,0.000,0.000,0.000,0.000
-127.250,0.757,336.205,320.000,0.000,0.000,0.000,0.000
-127.000,0.758,336.374,320.000,0.000,0.000,0.000,0.000
-126.750,0.760,336.544,320.000,0.000,0.000,0.000,0.000
-126.500,0.761,336.715,320.000,0.000,0.000,0.000,0.000
-126.250,0.763,336.888,320.000,0.000,0.000,0.000,0.000
-126.000,0.764,337.061,320.000,0.000,0.000,0.000,0.000
-125.750,0.766,337.236,320.000,0.000,0.000,0.000,0.000
-125.500,0.767,337.411,320.000,0.000,0.000,0.000,0.000
-125.250,0.769,337.588,320.000,0.000,0.000,0.000,0.000
-125.000,0.771,337.766,320.000,0.000,0.000,0.000,0.000
-124.750,0.772,337.945,320.000,0.000,0.000,0.000,0.000
-124.500,0.774,338.125,320.000,0.000,0.000,0.000,0.000
-124.250,0.775,338.307,320.000,0.000,0.000,0.000,0.000
-124.000,0.777,338.489,320.000,0.000,0.000,0.000,0.000
-123.750,0.779,338.673,320.000,0.000,0.000,0.000,0.000
-123.500,0.780,338.858,320.000,0.000,0.000,0.000,0.000
-123.250,0.782,339.044,320.000,0.000,0.000,0.000,0.000
-123.000,0.784,339.231,320.000,0.000,0.000,0.000,0.000
-122.750,0.785,339.419,320.000,0.000,0.000,0.000,0.000
-122.500,0.787,339.608,320.000,0.000,0.000,0.000,0.000
-122.250,0.789,339.799,320.000,0.000,0.000,0.000,0.000
-122.000,0.790,339.991,320.000,0.000,0.000,0.000,0.000
-121.750,0.792,340.184,320.000,0.000,0.000,0.000,0.000
-121.500,0.794,340.378,320.000,0.000,0.000,0.000,0.000
-121.250,0.796,340.574,320.000,0.000,0.000,0.000,0.000
-121.000,0.797,340.770,320.000,0.000,0.000,0.000,0.000
-120.750,0.799,340.968,320.000,0.000,0.000,0.000,0.000
-120.500,0.801,341.167,320.000,0.000,0.000,0.000,0.000
-120.250,0.803,341.368,320.000,0.000,0.000,0.000,0.000
-120.000,0.805,341.569,320.000,0.000,0.000,0.000,0.000
-119.750,0.807,341.772,320.000,0.000,0.000,0.000,0.000
-119.500,0.808,341.976,320.000,0.000,0.000,0.000,0.000
-119.250,0.810,342.181,320.000,0.000,0.000,0.000,0.000
-119.000,0.812,342.388,320.000,0.000,0.000,0.000,0.000
-118.750,0.814,342.596,320.000,0.000,0.000,0.000,0.000
-118.500,0.816,342.805,320.000,0.000,0.000,0.000,0.000
-118.250,0.818,343.015,320.000,0.000,0.000,0.000,0.000
-118.000,0.820,343.227,320.000,0.000,0.000,0.000,0.000
-117.750,0.822,343.440,320.000,0.000,0.000,0.000,0.000
-117.500,0.824,343.654,320.000,0.000,0.000,0.000,0.000
-117.250,0.826,343.869,320.000,0.000,0.000,0.000,0.000
-117.000,0.828,344.086,320.000,0.000,0.000,0.000,0.000
-116.750,0.830,344.304,320.000,0.000,0.000,0.000,0.000
-116.500,0.832,344.524,320.000,0.000,0.000,0.000,0.000
-116.250,0.834,344.744,320.000,0.000,0.000,0.000,0.000
-116.000,0.836,344.966,320.000,0.000,0.000,0.000,0.000
-115.750,0.838,345.190,320.000,0.000,0.000,0.000,0.000
-115.500,0.840,345.414,320.000,0.000,0.000,0.000,0.000
-115.250,0.842,345.640,320.000,0.000,0.000,0.000,0.000
-115.000,0.844,345.868,320.000,0.000,0.000,0.000,0.000
-114.750,0.847,346.096,320.000,0.000,0.000,0.000,0.000
-114.500,0.849,346.327,320.000,0.000,0.000,0.000,0.000
-114.250,0.851,346.558,320.000,0.000,0.000,0.000,0.000
-114.000,0.853,346.791,320.000,0.000,0.000,0.000,0.000
-113.750,0.855,347.025,320.000,0.000,0.000,0.000,0.000
-113.500,0.858,347.261,320.000,0.000,0.000,0.000,0.000
-113.250,0.860,347.498,320.000,0.000,0.000,0.000,0.000
-113.000,0.862,347.736,320.000,0.000,0.000,0.000,0.000
-112.750,0.865,347.976,320.000,0.000,0.000,0.000,0.000
-112.500,0.867,348.217,320.000,0.000,0.000,0.000,0.000
-112.250,0.869,348.459,320.000,0.000,0.000,0.000,0.000
-112.000,0.872,348.703,320.000,0.000,0.000,0.000,0.000
-111.750,0.874,348.949,320.000,0.000,0.000,0.000,0.000
-111.500,0.876,349.196,320.000,0.000,0.000,0.000,0.000
-111.250,0.879,349.444,320.000,0.000,0.000,0.000,0.000
-111.000,0.881,349.694,320.000,0.000,0.000,0.000,0.000
-110.750,0.884,349.945,320.000,0.000,0.000,0.000,0.000
-110.500,0.886,350.198,320.000,0.000,0.000,0.000,0.000
-110.250,0.889,350.452,320.000,0.000,0.000,0.000,0.000
-110.000,0.891,350.707,320.000,0.000,0.000,0.000,0.000
-109.750,0.894,350.965,320.000,0.000,0.000,0.000,0.000
-109.500,0.896,351.223,320.000,0.000,0.000,0.000,0.000
-109.250,0.899,351.483,320.000,0.000,0.000,0.000,0.000
-109.000,0.901,351.745,320.000,0.000,0.000,0.000,0.000
-108.750,0.904,352.008,320.000,0.000,0.000,0.000,0.000
-108.500,0.906,352.273,320.000,0.000,0.000,0.000,0.000
-108.250,0.909,352.539,320.000,0.000,0.000,0.000,0.000
-108.000,0.912,352.806,320.000,0.000,0.000,0.000,0.000
-107.750,0.914,353.076,320.000,0.000,0.000,0.000,0.000
-107.500,0.917,353.346,320.000,0.000,0.000,0.000,0.000
-107.250,0.920,353.619,320.000,0.000,0.000,0.000,0.000
-107.000,0.923,353.893,320.000,0.000,0.000,0.000,0.000
-106.750,0.925,354.168,320.000,0.000,0.000,0.000,0.000
-106.500,0.928,354.445,320.000,0.000,0.000,0.000,0.000
-106.250,0.931,354.724,320.000,0.000,0.000,0.000,0.000
-106.000,0.934,355.004,320.000,0.000,0.000,0.000,0.000
-105.750,0.937,355.286,320.000,0.000,0.000,0.000,0.000
-105.500,0.940,355.569,320.000,0.000,0.000,0.000,0.000
-105.250,0.942,355.854,320.000,0.000,0.000,0.000,0.000
-105.000,0.945,356.141,320.000,0.000,0.000,0.000,0.000
-104.750,0.948,356.429,320.000,0.000,0.000,0.000,0.000
-104.500,0.951,356.719,320.000,0.000,0.000,0.000,0.000
-104.250,0.954,357.010,320.000,0.000,0.000,0.000,0.000
-104.000,0.957,357.304,320.000,0.000,0.000,0.000,0.000
-103.750,0.960,357.598,320.000,0.000,0.000,0.000,0.000
-103.500,0.963,357.895,320.000,0.000,0.000,0.000,0.000
-103.250,0.967,358.193,320.000,0.000,0.000,0.000,0.000
-103.000,0.970,358.493,320.000,0.000,0.000,0.000,0.000
-102.750,0.973,358.795,320.000,0.000,0.000,0.000,0.000
-102.500,0.976,359.098,320.000,0.000,0.000,0.000,0.000
-102.250,0.979,359.403,320.000,0.000,0.000,0.000,0.000
-102.000,0.982,359.710,320.000,0.000,0.000,0.000,0.000
-101.750,0.986,360.018,320.000,0.000,0.000,0.000,0.000
-101.500,0.989,360.328,320.000,0.000,0.000,0.000,0.000
-101.250,0.992,360.640,320.000,0.000,0.000,0.000,0.000
-101.000,0.996,360.954,320.000,0.000,0.000,0.000,0.000
-100.750,0.999,361.269,320.000,0.000,0.000,0.000,0.000
-100.500,1.002,361.586,320.000,0.000,0.000,0.000,0.000
-100.250,1.006,361.905,320.000,0.000,0.000,0.000,0.000
-100.000,1.009,362.226,320.000,0.000,0.000,0.000,0.000
-99.750,1.013,362.548,320.000,0.000,0.000,0.000,0.000
-99.500,1.016,362.873,320.000,0.000,0.000,0.000,0.000
-99.250,1.020,363.199,320.000,0.000,0.000,0.000,0.000
-99.000,1.023,363.527,320.000,0.000,0.000,0.000,0.000
-98.750,1.027,363.857,320.000,0.000,0.000,0.000,0.000
-98.500,1.030,364.188,320.000,0.000,0.000,0.000,0.000
-98.250,1.034,364.522,320.000,0.000,0.000,0.000,0.000
-98.000,1.038,364.857,320.000,0.000,0.000,0.000,0.000
-97.750,1.041,365.194,320.000,0.000,0.000,0.000,0.000
-97.500,1.045,365.533,320.000,0.000,0.000,0.000,0.000
-97.250,1.049,365.874,320.000,0.000,0.000,0.000,0.000
-97.000,1.053,366.217,320.000,0.000,0.000,0.000,0.000
-96.750,1.056,366.562,320.000,0.000,0.000,0.000,0.000
-96.500,1.060,366.909,320.000,0.000,0.000,0.000,0.000
-96.250,1.064,367.257,320.000,0.000,0.000,0.000,0.000
-96.000,1.068,367.608,320.000,0.000,0.000,0.000,0.000
-95.750,1.072,367.960,320.000,0.000,0.000,0.000,0.000
-95.500,1.076,368.314,320.000,0.000,0.000,0.000,0.000
-95.250,1.080,368.671,320.000,0.000,0.000,0.000,0.000
-95.000,1.084,369.029,320.000,0.000,0.000,0.000,0.000
-94.750,1.088,369.389,320.000,0.000,0.000,0.000,0.000
-94.500,1.092,369.752,320.000,0.000,0.000,0.000,0.000
-94.250,1.096,370.116,320.000,0.000,0.000,0.000,0.000
-94.000,1.101,370.482,320.000,0.000,0.000,0.000,0.000
-93.750,1.105,370.850,320.000,0.000,0.000,0.000,0.000
-93.500,1.109,371.221,320.000,0.000,0.000,0.000,0.000
-93.250,1.113,371.593,320.000,0.000,0.000,0.000,0.000
-93.000,1.118,371.967,320.000,0.000,0.000,0.000,0.000
-92.750,1.122,372.344,320.000,0.000,0.000,0.000,0.000
-92.500,1.126,372.722,320.000,0.000,0.000,0.000,0.000
-92.250,1.131,373.103,320.000,0.000,0.000,0.000,0.000
-92.000,1.135,373.486,320.000,0.000,0.000,0.000,0.000
-91.750,1.140,373.870,320.000,0.000,0.000,0.000,0.000
-91.500,1.144,374.257,320.000,0.000,0.000,0.000,0.000
-91.250,1.149,374.646,320.000,0.000,0.000,0.000,0.000
-91.000,1.154,375.037,320.000,0.000,0.000,0.000,0.000
-90.750,1.158,375.431,320.000,0.000,0.000,0.000,0.000
-90.500,1.163,375.826,320.000,0.000,0.000,0.000,0.000
-90.250,1.168,376.223,320.000,0.000,0.000,0.000,0.000
-90.000,1.172,376.623,320.000,0.000,0.000,0.000,0.000
-89.750,1.177,377.025,320.000,0.000,0.000,0.000,0.000
-89.500,1.182,377.429,320.000,0.000,0.000,0.000,0.000
-89.250,1.187,377.835,320.000,0.000,0.000,0.000,0.000
-89.000,1.192,378.244,320.000,0.000,0.000,0.000,0.000
-88.750,1.197,378.655,320.000,0.000,0.000,0.000,0.000
-88.500,1.202,379.068,320.000,0.000,0.000,0.000,0.000
-88.250,1.207,379.483,320.000,0.000,0.000,0.000,0.000
-88.000,1.212,379.900,320.000,0.000,0.000,0.000,0.000
-87.750,1.217,380.320,320.000,0.000,0.000,0.000,0.000
-87.500,1.223,380.742,320.000,0.000,0.000,0.000,0.000
-87.250,1.228,381.166,320.000,0.000,0.000,0.000,0.000
-87.000,1.233,381.593,320.000,0.000,0.000,0.000,0.000
-86.750,1.238,382.022,320.000,0.000,0.000,0.000,0.000
-86.500,1.244,382.453,320.000,0.000,0.000,0.000,0.000
-86.250,1.249,382.887,320.000,0.000,0.000,0.000,0.000
-86.000,1.255,383.323,320.000,0.000,0.000,0.000,0.000
-85.750,1.260,383.761,320.000,0.000,0.000,0.000,0.000
-85.500,1.266,384.201,320.000,0.000,0.000,0.000,0.000
-85.250,1.271,384.644,320.000,0.000,0.000,0.000,0.000
-85.000,1.277,385.090,320.000,0.000,0.000,0.000,0.000
-84.750,1.283,385.538,320.000,0.000,0.000,0.000,0.000
-84.500,1.289,385.988,320.000,0.000,0.000,0.000,0.000
-84.250,1.294,386.441,320.000,0.000,0.000,0.000,0.000
-84.000,1.300,386.896,320.000,0.000,0.000,0.000,0.000
-83.750,1.306,387.353,320.000,0.000,0.000,0.000,0.000
-83.500,1.312,387.813,320.000,0.000,0.000,0.000,0.000
-83.250,1.318,388.276,320.000,0.000,0.000,0.000,0.000
-83.000,1.324,388.741,320.000,0.000,0.000,0.000,0.000
-82.750,1.330,389.208,320.000,0.000,0.000,0.000,0.000
-82.500,1.337,389.678,320.000,0.000,0.000,0.000,0.000
-82.250,1.343,390.151,320.000,0.000,0.000,0.000,0.000
-82.000,1.349,390.626,320.000,0.000,0.000,0.000,0.000
-81.750,1.355,391.103,320.000,0.000,0.000,0.000,0.000
-81.500,1.362,391.583,320.000,0.000,0.000,0.000,0.000
-81.250,1.368,392.066,320.000,0.000,0.000,0.000,0.000
-81.000,1.375,392.551,320.000,0.000,0.000,0.000,0.000
-80.750,1.381,393.039,320.000,0.000,0.000,0.000,0.000
-80.500,1.388,393.530,320.000,0.000,0.000,0.000,0.000
-80.250,1.395,394.023,320.000,0.000,0.000,0.000,0.000
-80.000,1.401,394.519,320.000,0.000,0.000,0.000,0.000
-79.750,1.408,395.017,320.000,0.000,0.000,0.000,0.000
-79.500,1.415,395.518,320.000,0.000,0.000,0.000,0.000
-79.250,1.422,396.022,320.000,0.000,0.000,0.000,0.000
-79.000,1.429,396.529,320.000,0.000,0.000,0.000,0.000
-78.750,1.436,397.038,320.000,0.000,0.000,0.000,0.000
-78.500,1.443,397.550,320.000,0.000,0.000,0.000,0.000
-78.250,1.450,398.064,320.000,0.000,0.000,0.000,0.000
-78.000,1.458,398.582,320.000,0.000,0.000,0.000,0.000
-77.750,1.465,399.102,320.000,0.000,0.000,0.000,0.000
-77.500,1.472,399.625,320.000,0.000,0.000,0.000,0.000
-77.250,1.480,400.150,320.000,0.000,0.000,0.000,0.000
-77.000,1.487,400.679,320.000,0.000,0.000,0.000,0.000
-76.750,1.495,401.210,320.000,0.000,0.000,0.000,0.000
-76.500,1.503,401.744,320.000,0.000,0.000,0.000,0.000
-76.250,1.510,402.281,320.000,0.000,0.000,0.000,0.000
-76.000,1.518,402.821,320.000,0.000,0.000,0.000,0.000
-75.750,1.526,403.364,320.000,0.000,0.000,0.000,0.000
-75.500,1.534,403.909,320.000,0.000,0.000,0.000,0.000
-75.250,1.542,404.458,320.000,0.000,0.000,0.000,0.000
-75.000,1.550,405.009,320.000,0.000,0.000,0.000,0.000
-74.750,1.558,405.563,320.000,0.000,0.000,0.000,0.000
-74.500,1.566,406.120,320.000,0.000,0.000,0.000,0.000
-74.250,1.575,406.680,320.000,0.000,0.000,0.000,0.000
-74.000,1.583,407.243,320.000,0.000,0.000,0.000,0.000
-73.750,1.592,407.809,320.000,0.000,0.000,0.000,0.000
-73.500,1.600,408.378,320.000,0.000,0.000,0.000,0.000
-73.250,1.609,408.950,320.000,0.000,0.000,0.000,0.000
-73.000,1.617,409.525,320.000,0.000,0.000,0.000,0.000
-72.750,1.626,410.104,320.000,0.000,0.000,0.000,0.000
-72.500,1.635,410.685,320.000,0.000,0.000,0.000,0.000
-72.250,1.644,411.269,320.000,0.000,0.000,0.000,0.000
-72.000,1.653,411.856,320.000,0.000,0.000,0.000,0.000
-71.750,1.662,412.446,320.000,0.000,0.000,0.000,0.000
-71.500,1.671,413.040,320.000,0.000,0.000,0.000,0.000
-71.250,1.681,413.636,320.000,0.000,0.000,0.000,0.000
-71.000,1.690,414.236,320.000,0.000,0.000,0.000,0.000
-70.750,1.699,414.839,320.000,0.000,0.000,0.000,0.000
-70.500,1.709,415.445,320.000,0.000,0.000,0.000,0.000
-70.250,1.719,416.054,320.000,0.000,0.000,0.000,0.000
-70.000,1.728,416.666,320.000,0.000,0.000,0.000,0.000
-69.750,1.738,417.282,320.000,0.000,0.000,0.000,0.000
-69.500,1.748,417.900,320.000,0.000,0.000,0.000,0.000
-69.250,1.758,418.522,320.000,0.000,0.000,0.000,0.000
-69.000,1.768,419.148,320.000,0.000,0.000,0.000,0.000
-68.750,1.778,419.776,320.000,0.000,0.000,0.000,0.000
-68.500,1.789,420.408,320.000,0.000,0.000,0.000,0.000
-68.250,1.799,421.043,320.000,0.000,0.000,0.000,0.000
-68.000,1.809,421.681,320.000,0.000,0.000,0.000,0.000
-67.750,1.820,422.323,320.000,0.000,0.000,0.000,0.000
-67.500,1.831,422.968,320.000,0.000,0.000,0.000,0.000
-67.250,1.842,423.616,320.000,0.000,0.000,0.000,0.000
-67.000,1.852,424.268,320.000,0.000,0.000,0.000,0.000
-66.750,1.863,424.923,320.000,0.000,0.000,0.000,0.000
-66.500,1.875,425.581,320.000,0.000,0.000,0.000,0.000
-66.250,1.886,426.243,320.000,0.000,0.000,0.000,0.000
-66.000,1.897,426.908,320.000,0.000,0.000,0.000,0.000
-65.750,1.908,427.577,320.000,0.000,0.000,0.000,0.000
-65.500,1.920,428.249,320.000,0.000,0.000,0.000,0.000
-65.250,1.932,428.924,320.000,0.000,0.000,0.000,0.000
-65.000,1.943,429.603,320.000,0.000,0.000,0.000,0.000
-64.750,1.955,430.286,320.000,0.000,0.000,0.000,0.000
-64.500,1.967,430.972,320.000,0.000,0.000,0.000,0.000
-64.250,1.979,431.661,320.000,0.000,0.000,0.000,0.000
-64.000,1.992,432.354,320.000,0.000,0.000,0.000,0.000
-63.750,2.004,433.051,320.000,0.000,0.000,0.000,0.000
-63.500,2.016,433.751,320.000,0.000,0.000,0.000,0.000
-63.250,2.029,434.455,320.000,0.000,0.000,0.000,0.000
-63.000,2.042,435.162,320.000,0.000,0.000,0.000,0.000
-62.750,2.054,435.873,320.000,0.000,0.000,0.000,0.000
-62.500,2.067,436.588,320.000,0.000,0.000,0.000,0.000
-62.250,2.080,437.306,320.000,0.000,0.000,0.000,0.000
-62.000,2.094,438.028,320.000,0.000,0.000,0.000,0.000
-61.750,2.107,438.753,320.000,0.000,0.000,0.000,0.000
-61.500,2.120,439.482,320.000,0.000,0.000,0.000,0.000
-61.250,2.134,440.215,320.000,0.000,0.000,0.000,0.000
-61.000,2.148,440.952,320.000,0.000,0.000,0.000,0.000
-60.750,2.161,441.692,320.000,0.000,0.000,0.000,0.000
-60.500,2.175,442.436,320.000,0.000,0.000,0.000,0.000
-60.250,2.190,443.184,320.000,0.000,0.000,0.000,0.000
-60.000,2.204,443.935,320.000,0.000,0.000,0.000,0.000
-59.750,2.218,444.690,320.000,0.000,0.000,0.000,0.000
-59.500,2.233,445.449,320.000,0.000,0.000,0.000,0.000
-59.250,2.247,446.212,320.000,0.000,0.000,0.000,0.000
-59.000,2.262,446.978,320.000,0.000,0.000,0.000,0.000
-58.750,2.277,447.749,320.000,0.000,0.000,0.000,0.000
-58.500,2.292,448.523,320.000,0.000,0.000,0.000,0.000
-58.250,2.308,449.301,320.000,0.000,0.000,0.000,0.000
-58.000,2.323,450.083,320.000,0.000,0.000,0.000,0.000
-57.750,2.339,450.869,320.000,0.000,0.000,0.000,0.000
-57.500,2.354,451.658,320.000,0.000,0.000,0.000,0.000
-57.250,2.370,452.452,320.000,0.000,0.000,0.000,0.000
-57.000,2.386,453.249,320.000,0.000,0.000,0.000,0.000
-56.750,2.402,454.051,320.000,0.000,0.000,0.000,0.000
-56.500,2.419,454.856,320.000,0.000,0.000,0.000,0.000
-56.250,2.435,455.665,320.000,0.000,0.000,0.000,0.000
-56.000,2.452,456.478,320.000,0.000,0.000,0.000,0.000
-55.750,2.469,457.295,320.000,0.000,0.000,0.000,0.000
-55.500,2.486,458.116,320.000,0.000,0.000,0.000,0.000
-55.250,2.503,458.941,320.000,0.000,0.000,0.000,0.000
-55.000,2.520,459.770,320.000,0.000,0.000,0.000,0.000
-54.750,2.538,460.603,320.000,0.000,0.000,0.000,0.000
-54.500,2.556,461.440,320.000,0.000,0.000,0.000,0.000
-54.250,2.574,462.281,320.000,0.000,0.000,0.000,0.000
-54.000,2.592,463.126,320.000,0.000,0.000,0.000,0.000
-53.750,2.610,463.975,320.000,0.000,0.000,0.000,0.000
-53.500,2.628,464.828,320.000,0.000,0.000,0.000,0.000
-53.250,2.647,465.685,320.000,0.000,0.000,0.000,0.000
-53.000,2.666,466.547,320.000,0.000,0.000,0.000,0.000
-52.750,2.685,467.412,320.000,0.000,0.000,0.000,0.000
-52.500,2.704,468.281,320.000,0.000,0.000,0.000,0.000
-52.250,2.723,469.154,320.000,0.000,0.000,0.000,0.000
-52.000,2.743,470.032,320.000,0.000,0.000,0.000,0.000
-51.750,2.762,470.914,320.000,0.000,0.000,0.000,0.000
-51.500,2.782,471.799,320.000,0.000,0.000,0.000,0.000
-51.250,2.802,472.689,320.000,0.000,0.000,0.000,0.000
-51.000,2.823,473.583,320.000,0.000,0.000,0.000,0.000
-50.750,2.843,474.481,320.000,0.000,0.000,0.000,0.000
-50.500,2.864,475.383,320.000,0.000,0.000,0.000,0.000
-50.250,2.885,476.289,320.000,0.000,0.000,0.000,0.000
-50.000,2.906,477.199,320.000,0.000,0.000,0.000,0.000
-49.750,2.928,478.114,320.000,0.000,0.000,0.000,0.000
-49.500,2.949,479.033,320.000,0.000,0.000,0.000,0.000
-49.250,2.971,479.955,320.000,0.000,0.000,0.000,0.000
-49.000,2.993,480.882,320.000,0.000,0.000,0.000,0.000
-48.750,3.015,481.813,320.000,0.000,0.000,0.000,0.000
-48.500,3.038,482.748,320.000,0.000,0.000,0.000,0.000
-48.250,3.060,483.687,320.000,0.000,0.000,0.000,0.000
-48.000,3.083,484.631,320.000,0.000,0.000,0.000,0.000
-47.750,3.106,485.578,320.000,0.000,0.000,0.000,0.000
-47.500,3.130,486.530,320.000,0.000,0.000,0.000,0.000
-47.250,3.153,487.486,320.000,0.000,0.000,0.000,0.000
-47.000,3.177,488.446,320.000,0.000,0.000,0.000,0.000
-46.750,3.201,489.410,320.000,0.000,0.000,0.000,0.000
-46.500,3.225,490.378,320.000,0.000,0.000,0.000,0.000
-46.250,3.250,491.350,320.000,0.000,0.000,0.000,0.000
-46.000,3.275,492.327,320.000,0.000,0.000,0.000,0.000
-45.750,3.300,493.307,320.000,0.000,0.000,0.000,0.000
-45.500,3.325,494.292,320.000,0.000,0.000,0.000,0.000
-45.250,3.350,495.280,320.000,0.000,0.000,0.000,0.000
-45.000,3.376,496.273,320.000,0.000,0.000,0.000,0.000
-44.750,3.402,497.270,320.000,0.000,0.000,0.000,0.000
-44.500,3.428,498.271,320.000,0.000,0.000,0.000,0.000
-44.250,3.455,499.276,320.000,0.000,0.000,0.000,0.000
-44.000,3.482,500.285,320.000,0.000,0.000,0.000,0.000
-43.750,3.509,501.298,320.000,0.000,0.000,0.000,0.000
-43.500,3.536,502.315,320.000,0.000,0.000,0.000,0.000
-43.250,3.564,503.336,320.000,0.000,0.000,0.000,0.000
-43.000,3.591,504.361,320.000,0.000,0.000,0.000,0.000
-42.750,3.619,505.390,320.000,0.000,0.000,0.000,0.000
-42.500,3.648,506.423,320.000,0.000,0.000,0.000,0.000
-42.250,3.676,507.460,320.000,0.000,0.000,0.000,0.000
-42.000,3.705,508.501,320.000,0.000,0.000,0.000,0.000
-41.750,3.734,509.546,320.000,0.000,0.000,0.000,0.000
-41.500,3.764,510.594,320.000,0.000,0.000,0.000,0.000
-41.250,3.794,511.647,320.000,0.000,0.000,0.000,0.000
-41.000,3.824,512.703,320.000,0.000,0.000,0.000,0.000
-40.750,3.854,513.763,320.000,0.000,0.000,0.000,0.000
-40.500,3.885,514.827,320.000,0.000,0.000,0.000,0.000
-40.250,3.915,515.895,320.000,0.000,0.000,0.000,0.000
-40.000,3.947,516.966,320.000,0.000,0.000,0.000,0.000
-39.750,3.978,518.041,320.000,0.000,0.000,0.000,0.000
-39.500,4.010,519.120,320.000,0.000,0.000,0.000,0.000
-39.250,4.042,520.202,320.000,0.000,0.000,0.000,0.000
-39.000,4.074,521.288,320.000,0.000,0.000,0.000,0.000
-38.750,4.107,522.378,320.000,0.000,0.000,0.000,0.000
-38.500,4.140,523.471,320.000,0.000,0.000,0.000,0.000
-38.250,4.173,524.568,320.000,0.000,0.000,0.000,0.000
-38.000,4.206,525.668,320.000,0.000,0.000,0.000,0.000
-37.750,4.240,526.772,320.000,0.000,0.000,0.000,0.000
-37.500,4.274,527.878,320.000,0.000,0.000,0.000,0.000
-37.250,4.309,528.989,320.000,0.000,0.000,0.000,0.000
-37.000,4.343,530.102,320.000,0.000,0.000,0.000,0.000
-36.750,4.378,531.219,320.000,0.000,0.000,0.000,0.000
-36.500,4.414,532.339,320.000,0.000,0.000,0.000,0.000
-36.250,4.449,533.462,320.000,0.000,0.000,0.000,0.000
-36.000,4.485,534.589,320.000,0.000,0.000,0.000,0.000
-35.750,4.522,535.718,320.000,0.000,0.000,0.000,0.000
-35.500,4.558,536.850,320.000,0.000,0.000,0.000,0.000
-35.250,4.595,537.986,320.000,0.000,0.000,0.000,0.000
-35.000,4.632,539.124,320.000,0.000,0.000,0.000,0.000
-34.750,4.670,540.265,320.000,0.000,0.000,0.000,0.000
-34.500,4.708,541.409,320.000,0.000,0.000,0.000,0.000
-34.250,4.746,542.555,320.000,0.000,0.000,0.000,0.000
-34.000,4.784,543.705,320.000,0.000,0.000,0.000,0.000
-33.750,4.823,544.856,320.000,0.000,0.000,0.000,0.000
-33.500,4.862,546.011,320.000,0.000,0.000,0.000,0.000
-33.250,4.902,547.167,320.000,0.000,0.000,0.000,0.000
-33.000,4.941,548.326,320.000,0.000,0.000,0.000,0.000
-32.750,4.981,549.488,320.000,0.000,0.000,0.000,0.000
-32.500,5.022,550.651,320.000,0.000,0.000,0.000,0.000
-32.250,5.062,551.817,320.000,0.000,0.000,0.000,0.000
-32.000,5.103,552.984,320.000,0.000,0.000,0.000,0.000
-31.750,5.144,554.154,320.000,0.000,0.000,0.000,0.000
-31.500,5.186,555.326,320.000,0.000,0.000,0.000,0.000
-31.250,5.228,556.499,320.000,0.000,0.000,0.000,0.000
-31.000,5.270,557.674,320.000,0.000,0.000,0.000,0.000
-30.750,5.313,558.851,320.000,0.000,0.000,0.000,0.000
-30.500,5.355,560.029,320.000,0.000,0.000,0.000,0.000
-30.250,5.399,561.208,320.000,0.000,0.000,0.000,0.000
-30.000,5.442,562.389,320.000,0.000,0.000,0.000,0.000
-29.750,5.486,563.571,320.000,0.000,0.000,0.000,0.000
-29.500,5.530,564.755,320.000,0.000,0.000,0.000,0.000
-29.250,5.574,565.939,320.000,0.000,0.000,0.000,0.000
-29.000,5.618,567.124,320.000,0.000,0.000,0.000,0.000
-28.750,5.663,568.310,320.000,0.000,0.000,0.000,0.000
-28.500,5.709,569.496,320.000,0.000,0.000,0.000,0.000
-28.250,5.754,570.683,320.000,0.000,0.000,0.000,0.000
-28.000,5.800,571.871,320.000,0.000,0.000,0.000,0.000
-27.750,5.846,573.059,320.000,0.000,0.000,0.000,0.000
-27.500,5.892,574.247,320.000,0.000,0.000,0.000,0.000
-27.250,5.938,575.435,320.000,0.000,0.000,0.000,0.000
-27.000,5.985,576.623,320.000,0.000,0.000,0.000,0.000
-26.750,6.032,577.810,320.000,0.000,0.000,0.000,0.000
-26.500,6.080,578.998,320.000,0.000,0.000,0.000,0.000
-26.250,6.127,580.184,320.000,0.000,0.000,0.000,0.000
-26.000,6.175,581.371,320.000,0.000,0.000,0.000,0.000
-25.750,6.223,582.556,320.000,0.000,0.000,0.000,0.000
-25.500,6.271,583.740,320.000,0.000,0.000,0.000,0.000
-25.250,6.320,584.924,320.000,0.000,0.000,0.000,0.000
-25.000,6.368,586.106,320.000,0.000,0.000,0.000,0.000
-24.750,6.417,587.287,320.000,0.000,0.000,0.000,0.000
-24.500,6.466,588.466,320.000,0.000,0.000,0.000,0.000
-24.250,6.516,589.643,320.000,0.000,0.000,0.000,0.000
-24.000,6.565,590.819,320.000,0.000,0.000,0.000,0.000
-23.750,6.615,591.992,320.000,0.000,0.000,0.000,0.000
-23.500,6.665,593.164,320.000,0.000,0.000,0.000,0.000
-23.250,6.715,594.333,320.000,0.000,0.000,0.000,0.000
-23.000,6.765,595.499,320.000,0.000,0.000,0.000,0.000
-22.750,6.815,596.662,320.000,0.000,0.000,0.000,0.000
-22.500,6.866,597.823,320.000,0.000,0.000,0.000,0.000
-22.250,6.916,598.981,320.000,0.000,0.000,0.000,0.000
-22.000,6.967,600.135,320.000,0.000,0.000,0.000,0.000
-21.750,7.018,601.285,320.000,0.000,0.000,0.000,0.000
-21.500,7.069,602.432,320.000,0.000,0.000,0.000,0.000
-21.250,7.120,603.575,320.000,0.000,0.000,0.000,0.000
-21.000,7.171,604.714,320.000,0.000,0.000,0.000,0.000
-20.750,7.222,605.849,320.000,0.000,0.000,0.000,0.000
-20.500,7.273,606.979,320.000,0.000,0.000,0.000,0.000
-20.250,7.325,608.105,320.000,0.000,0.000,0.000,0.000
-20.000,7.376,609.225,320.000,0.000,0.000,0.000,0.000
-19.750,7.427,610.340,320.000,0.000,0.000,0.000,0.000
-19.500,7.478,371.352,3000.000,0.000,0.000,0.000,0.000
-19.250,7.531,372.017,3000.000,0.000,0.003,0.000,0.000
-19.000,7.583,372.679,2983.157,0.000,0.012,0.000,0.000
-18.750,7.635,373.340,2657.794,0.000,0.027,0.000,0.000
-18.500,7.688,374.004,2370.929,0.000,0.049,0.000,0.000
-18.250,7.740,374.674,2139.623,0.000,0.077,0.000,0.000
-18.000,7.793,375.351,1953.489,0.000,0.111,0.000,0.000
-17.750,7.847,376.039,1801.767,0.000,0.152,0.000,0.000
-17.500,7.901,376.742,1676.220,0.000,0.199,0.000,0.000
-17.250,7.955,377.461,1570.837,0.000,0.253,0.000,0.000
-17.000,8.010,378.200,1481.238,0.000,0.313,0.000,0.000
-16.750,8.065,378.962,1404.194,0.000,0.379,0.000,0.000
-16.500,8.121,379.749,1337.283,0.000,0.452,0.000,0.000
-16.250,8.177,380.565,1278.662,0.000,0.531,0.000,0.000
-16.000,8.235,381.413,1226.906,0.000,0.617,0.000,0.000
-15.750,8.293,382.295,1180.897,0.001,0.709,0.000,0.000
-15.500,8.352,383.215,1139.747,0.001,0.807,0.000,0.000
-15.250,8.412,384.175,1102.741,0.001,0.911,0.000,0.000
-15.000,8.473,385.179,1069.300,0.001,1.022,0.000,0.000
-14.750,8.535,386.229,1038.948,0.001,1.139,0.000,0.000
-14.500,8.598,387.329,1011.290,0.001,1.263,0.000,0.000
-14.250,8.662,388.481,985.997,0.001,1.393,0.000,0.000
-14.000,8.728,389.688,962.792,0.002,1.529,0.000,0.000
-13.750,8.795,390.954,941.441,0.002,1.671,0.000,0.000
-13.500,8.863,392.281,921.743,0.002,1.820,0.000,0.000
-13.250,8.933,393.672,903.528,0.002,1.975,0.000,0.000
-13.000,9.004,395.130,886.648,0.003,2.136,0.000,0.000
-12.750,9.077,396.658,870.974,0.003,2.304,0.000,0.000
-12.500,9.151,398.260,856.396,0.003,2.477,0.000,0.000
-12.250,9.227,399.937,842.815,0.004,2.657,0.000,0.000
-12.000,9.305,401.694,830.148,0.004,2.843,0.000,0.000
-11.750,9.385,403.532,818.317,0.005,3.035,0.000,0.000
-11.500,9.467,405.455,807.256,0.005,3.233,0.000,0.000
-11.250,9.550,407.466,796.907,0.006,3.437,0.000,0.000
-11.000,9.636,409.567,787.217,0.006,3.647,0.000,0.000
-10.750,9.724,411.762,778.139,0.007,3.864,0.000,0.000
-10.500,9.814,414.054,769.630,0.007,4.086,0.000,0.000
-10.250,9.906,416.445,761.654,0.008,4.314,0.000,0.000
-10.000,10.001,418.938,754.176,0.009,4.548,0.000,0.000
-9.750,10.098,421.536,747.166,0.009,4.788,0.000,0.000
-9.500,10.197,424.242,740.596,0.010,5.034,0.000,0.000
-9.250,10.299,427.059,734.441,0.011,5.285,0.000,0.000
-9.000,10.403,429.989,728.679,0.012,5.543,0.000,0.000
-8.750,10.510,433.036,723.288,0.012,5.805,0.000,0.000
-8.500,10.620,436.202,718.251,0.013,6.074,0.000,0.000
-8.250,10.732,439.489,713.550,0.014,6.348,0.000,0.000
-8.000,10.847,442.902,709.170,0.015,6.628,0.000,0.000
-7.750,10.965,446.442,705.096,0.016,6.913,0.000,0.000
-7.500,11.085,450.113,701.315,0.017,7.203,0.000,0.000
-7.250,11.209,453.916,697.815,0.018,7.499,0.000,0.000
-7.000,11.335,457.856,694.586,0.019,7.800,0.000,0.000
-6.750,11.465,461.933,691.618,0.021,8.107,0.000,0.000
-6.500,11.597,466.152,688.901,0.022,8.418,0.000,0.000
-6.250,11.733,470.514,686.426,0.023,8.735,0.000,0.000
-6.000,11.871,475.023,684.186,0.024,9.056,0.000,0.000
-5.750,12.013,479.680,682.174,0.026,9.383,0.000,0.000
-5.500,12.158,484.489,680.383,0.027,9.714,0.000,0.000
-5.250,12.306,489.453,678.806,0.028,10.050,0.000,0.000
-5.000,12.457,494.572,677.439,0.030,10.390,0.000,0.000
-4.750,12.611,499.851,676.276,0.031,10.736,0.000,0.000
-4.500,12.769,505.292,675.311,0.033,11.085,0.000,0.000
-4.250,12.930,510.897,674.541,0.035,11.440,0.000,0.000
-4.000,13.094,516.668,673.962,0.036,11.798,0.000,0.000
-3.750,13.261,522.608,673.569,0.038,12.160,0.000,0.000
-3.500,13.432,528.720,673.359,0.040,12.527,0.000,0.000
-3.250,13.606,535.005,673.329,0.042,12.898,0.000,0.000
-3.000,13.783,541.467,673.476,0.044,13.272,0.000,0.000
-2.750,13.964,548.106,673.796,0.046,13.651,0.000,0.000
-2.500,14.147,554.927,674.287,0.048,14.032,0.000,0.000
-2.250,14.334,561.930,674.947,0.050,14.418,0.000,0.000
-2.000,14.524,569.118,675.773,0.052,14.807,0.000,0.000
-1.750,14.718,576.494,676.763,0.054,15.199,0.000,0.000
-1.500,14.914,584.059,677.915,0.056,15.594,0.000,0.000
-1.250,15.114,591.815,679.228,0.059,15.993,0.000,0.000
-1.000,15.316,599.766,680.699,0.061,16.394,0.000,0.000
-0.750,15.522,607.912,682.327,0.063,16.798,0.000,0.000
-0.500,15.731,616.255,684.111,0.066,17.205,0.000,0.000
-0.250,15.943,624.799,686.048,0.068,17.614,0.000,0.000
0.000,16.157,633.544,688.138,0.071,18.025,0.000,0.000
0.250,16.375,642.493,690.380,0.074,18.439,0.000,0.000
0.500,16.595,651.647,692.772,0.076,18.855,0.000,0.000
0.750,16.818,661.008,695.313,0.079,19.273,0.000,0.000
1.000,17.044,670.579,698.003,0.082,19.692,0.000,0.000
1.250,17.273,680.361,700.839,0.085,20.114,0.000,0.000
1.500,17.504,690.356,703.822,0.088,20.536,0.000,0.000
1.750,17.738,700.565,706.950,0.091,20.960,0.000,0.000
2.000,17.974,710.990,710.222,0.094,21.385,0.000,0.000
2.250,18.212,721.633,713.638,0.097,21.812,0.000,0.000
2.500,18.453,731.998,721.633,0.100,22.239,0.000,0.000
2.750,18.695,742.289,731.998,0.103,22.666,0.000,0.000
3.000,18.940,752.772,742.289,0.107,23.094,0.000,0.000
3.250,19.187,763.417,752.772,0.110,23.523,0.000,0.000
3.500,19.436,774.226,763.417,0.113,23.951,0.000,0.000
3.750,19.687,785.197,774.226,0.117,24.380,0.000,0.000
4.000,19.939,796.329,785.197,0.120,24.808,0.000,0.000
4.250,20.193,807.622,796.329,0.124,25.236,0.000,0.000
4.500,20.449,819.072,807.622,0.128,25.664,0.000,0.000
4.750,20.706,830.680,819.072,0.132,26.091,0.000,0.000
5.000,20.964,842.444,830.680,0.135,26.517,0.000,0.000
5.250,21.223,854.361,842.444,0.139,26.941,0.000,0.000
5.500,21.484,866.431,854.361,0.143,27.365,0.000,0.000
5.750,21.745,878.650,866.431,0.147,27.787,0.000,0.000
6.000,22.008,891.019,878.650,0.151,28.207,0.000,0.000
6.250,22.271,903.533,891.019,0.155,28.626,0.000,0.000
6.500,22.534,916.193,903.533,0.159,29.043,0.000,0.000
6.750,22.798,928.994,916.193,0.164,29.457,0.000,0.000
7.000,23.063,941.935,928.994,0.168,29.869,0.000,0.000
7.250,23.328,955.014,941.935,0.172,30.278,0.000,0.000
7.500,23.592,968.228,955.014,0.177,30.685,0.000,0.000
7.750,23.857,981.574,968.228,0.181,31.089,0.000,0.000
8.000,24.122,995.051,981.574,0.186,31.489,0.000,0.000
8.250,24.387,1008.655,995.051,0.190,31.887,0.000,0.000
8.500,24.651,1022.384,1008.655,0.195,32.280,0.000,0.000
8.750,24.914,1036.235,1022.384,0.199,32.670,0.000,0.000
9.000,25.177,1050.205,1036.235,0.204,33.057,0.000,0.000
9.250,25.440,1064.291,1050.205,0.209,33.439,0.000,0.000
9.500,25.701,1078.490,1064.291,0.214,33.816,0.000,0.000
9.750,25.961,1092.799,1078.490,0.219,34.190,0.000,0.000
10.000,26.221,1107.215,1092.799,0.224,34.559,0.000,0.000
10.250,26.479,1121.734,1107.215,0.229,34.922,0.000,0.000
10.500,26.735,1136.354,1121.734,0.234,35.281,0.000,0.000
10.750,26.991,1151.071,1136.354,0.239,35.635,0.000,0.000
11.000,27.244,1165.881,1151.071,0.244,35.983,0.000,0.000
11.250,27.496,1180.782,1165.881,0.249,36.326,0.000,0.000
11.500,27.746,1195.769,1180.782,0.255,36.663,0.000,0.000
11.750,27.994,1210.839,1195.769,0.260,36.994,0.000,0.000
12.000,28.240,1225.988,1210.839,0.265,37.320,0.000,0.000
12.250,28.484,1241.213,1225.988,0.271,37.638,0.000,0.000
12.500,28.726,1256.510,1241.213,0.276,37.951,0.000,0.000
12.750,28.965,1271.875,1256.510,0.282,38.257,0.000,0.000
13.000,29.202,1287.305,1271.875,0.287,38.556,0.000,0.000
13.250,29.436,1302.796,1287.305,0.293,38.849,0.000,0.001
13.500,29.667,1318.343,1302.796,0.298,39.134,0.000,0.001
13.750,29.896,1333.943,1318.343,0.304,39.412,0.000,0.001
14.000,30.121,1349.591,1333.943,0.310,39.683,0.000,0.001
14.250,30.344,1365.285,1349.591,0.315,39.946,0.000,0.001
14.500,30.563,1381.019,1365.285,0.321,40.202,0.000,0.001
14.750,30.780,1396.791,1381.019,0.327,40.449,0.000,0.001
15.000,30.993,1412.595,1396.791,0.333,40.689,0.000,0.002
15.250,31.203,1428.427,1412.595,0.339,40.921,0.000,0.002
15.500,31.409,1444.285,1428.427,0.344,41.145,0.000,0.002
15.750,31.612,1460.163,1444.285,0.350,41.360,0.000,0.002
16.000,31.811,1476.057,1460.163,0.356,41.567,0.000,0.003
16.250,32.006,1491.964,1476.057,0.362,41.766,0.000,0.003
16.500,32.198,1507.878,1491.964,0.368,41.955,0.000,0.004
16.750,32.386,1523.797,1507.878,0.374,42.136,0.000,0.004
17.000,32.570,1539.716,1523.797,0.380,42.309,0.000,0.005
17.250,32.750,1555.630,1539.716,0.387,42.472,0.000,0.005
17.500,32.927,1571.536,1555.630,0.393,42.626,0.000,0.006
17.750,33.099,1587.429,1571.536,0.399,42.771,0.000,0.007
18.000,33.267,1603.305,1587.429,0.405,42.907,0.000,0.008
18.250,33.430,1619.161,1603.305,0.411,43.033,0.000,0.009
18.500,33.590,1634.991,1619.161,0.417,43.150,0.000,0.010
18.750,33.745,1650.793,1634.991,0.424,43.258,0.000,0.011
19.000,33.896,1666.561,1650.793,0.430,43.356,0.000,0.012
19.250,34.043,1682.292,1666.561,0.436,43.445,0.000,0.014
19.500,34.185,1697.982,1682.292,0.442,43.524,0.000,0.015
19.750,34.323,1713.627,1697.982,0.448,43.593,0.000,0.017
20.000,34.457,1729.222,1713.627,0.455,43.652,0.000,0.019
20.250,34.586,1744.764,1729.222,0.461,43.702,0.000,0.021
20.500,34.710,1760.249,1744.764,0.467,43.742,0.000,0.023
20.750,34.830,1775.673,1760.249,0.474,43.773,0.000,0.025
21.000,34.946,1791.032,1775.673,0.480,43.793,0.000,0.028
21.250,35.057,1806.323,1791.032,0.486,43.804,0.000,0.031
21.500,35.163,1821.541,1806.323,0.492,43.804,0.000,0.034
21.750,35.265,1836.682,1821.541,0.499,43.795,0.000,0.037
22.000,35.362,1851.744,1836.682,0.505,43.776,0.000,0.040
22.250,35.455,1866.722,1851.744,0.511,43.748,0.000,0.044
22.500,35.543,1881.613,1866.722,0.517,43.709,0.000,0.048
22.750,35.626,1896.413,1881.613,0.524,43.661,0.000,0.052
23.000,35.705,1911.119,1896.413,0.530,43.603,0.000,0.056
23.250,35.779,1925.727,1911.119,0.536,43.535,0.000,0.061
23.500,35.849,1940.234,1925.727,0.542,43.458,0.000,0.066
23.750,35.914,1954.637,1940.234,0.549,43.371,0.000,0.071
24.000,35.975,1968.932,1954.637,0.555,43.274,0.000,0.077
24.250,36.031,1983.116,1968.932,0.561,43.168,0.001,0.083
24.500,36.082,1997.185,1983.116,0.567,43.053,0.001,0.089
24.750,36.129,2011.138,1997.185,0.573,42.928,0.001,0.096
25.000,36.172,2024.971,2011.138,0.580,42.793,0.001,0.103
25.250,36.210,2038.680,2024.971,0.586,42.650,0.001,0.110
25.500,36.244,2052.263,2038.680,0.592,42.497,0.002,0.118
25.750,36.273,2065.718,2052.263,0.598,42.336,0.002,0.126
26.000,36.298,2079.040,2065.718,0.604,42.165,0.003,0.134
26.250,36.318,2092.229,2079.040,0.610,41.986,0.004,0.143
26.500,36.335,2105.280,2092.229,0.616,41.797,0.005,0.152
26.750,36.347,2118.192,2105.280,0.622,41.601,0.006,0.161
27.000,36.354,2130.962,2118.192,0.628,41.395,0.007,0.171
27.250,36.358,2143.587,2130.962,0.634,41.182,0.009,0.181
27.500,36.357,2156.066,2143.587,0.640,40.960,0.011,0.192
27.750,36.352,2168.396,2156.066,0.645,40.730,0.014,0.203
28.000,36.343,2180.575,2168.396,0.651,40.492,0.017,0.214
28.250,36.331,2192.601,2180.575,0.657,40.246,0.021,0.226
28.500,36.314,2204.472,2192.601,0.663,39.992,0.025,0.238
28.750,36.293,2216.185,2204.472,0.668,39.731,0.031,0.250
29.000,36.268,2227.740,2216.185,0.674,39.463,0.037,0.263
29.250,36.239,2239.134,2227.740,0.680,39.187,0.044,0.276
29.500,36.207,2250.366,2239.134,0.685,38.904,0.053,0.290
29.750,36.171,2261.434,2250.366,0.691,38.614,0.063,0.304
30.000,36.131,2272.336,2261.434,0.696,38.318,0.075,0.318
30.250,36.088,2283.072,2272.336,0.702,38.015,0.089,0.332
30.500,36.041,2293.639,2283.072,0.707,37.706,0.105,0.347
30.750,35.990,2304.037,2293.639,0.712,37.390,0.123,0.362
31.000,35.936,2314.264,2304.037,0.718,37.069,0.144,0.377
31.250,35.878,2324.320,2314.264,0.723,36.741,0.169,0.393
31.500,35.818,2334.202,2324.320,0.728,36.408,0.196,0.409
31.750,35.753,2343.912,2334.202,0.733,36.070,0.228,0.425
32.000,35.686,2353.442,2343.912,0.739,35.726,0.263,0.442
32.250,35.615,2362.812,2353.442,0.744,35.377,0.303,0.458
32.500,35.542,2371.963,2362.812,0.749,35.024,0.348,0.475
32.750,35.465,2381.065,2371.963,0.754,34.665,0.399,0.493
33.000,35.385,2389.590,2381.065,0.759,34.302,0.455,0.510
33.250,35.302,2399.225,2389.590,0.763,33.935,0.518,0.527
33.500,35.217,2404.427,2399.225,0.768,33.564,0.589,0.545
33.750,35.128,2423.892,2404.427,0.773,33.189,0.664,0.563
34.000,35.037,2392.815,2423.892,0.778,32.811,0.759,0.580
34.250,34.943,2429.616,2423.822,0.782,32.428,0.854,0.598
34.500,34.847,2445.316,2429.616,0.787,32.043,0.956,0.617
34.750,34.747,2422.654,2445.316,0.792,31.655,1.078,0.634
35.000,34.646,2459.331,2445.292,0.796,31.264,1.200,0.653
35.250,34.542,2439.844,2459.331,0.800,30.870,1.344,0.670
35.500,34.435,2476.378,2459.321,0.805,30.474,1.488,0.689
35.750,34.326,2440.659,2476.378,0.809,30.075,1.663,0.707
36.000,34.215,2477.009,2476.280,0.813,29.675,1.838,0.725
36.250,34.102,2500.000,2477.009,0.818,29.272,2.015,0.744
36.500,33.987,2440.671,2500.000,0.822,28.868,2.242,0.761
36.750,33.869,2476.635,2499.786,0.826,28.463,2.470,0.778
37.000,33.750,2500.000,2499.750,0.830,28.057,2.698,0.797
37.250,33.628,2500.000,2500.000,0.834,27.649,2.927,0.815
37.500,33.505,2500.000,2500.071,0.838,27.241,3.158,0.833
37.750,33.380,2500.000,2500.138,0.842,26.832,3.389,0.850
38.000,33.253,2500.000,2500.203,0.845,26.423,3.621,0.867
38.250,33.124,2500.000,2500.265,0.849,26.013,3.853,0.884
38.500,32.994,2500.000,2500.324,0.853,25.604,4.087,0.901
38.750,32.862,2500.000,2500.381,0.856,25.194,4.321,0.918
39.000,32.728,2500.000,2500.435,0.860,24.785,4.555,0.934
39.250,32.593,2500.000,2500.486,0.863,24.377,4.790,0.950
39.500,32.457,2500.000,2500.535,0.867,23.969,5.026,0.966
39.750,32.319,2500.000,2500.582,0.870,23.562,5.262,0.981
40.000,32.180,2500.000,2500.627,0.873,23.156,5.499,0.996
40.250,32.040,2500.000,2500.670,0.877,22.752,5.736,1.011
40.500,31.899,2500.000,2500.711,0.880,22.349,5.974,1.011
40.750,31.756,2500.000,2500.749,0.883,21.947,6.212,1.011
41.000,31.612,2500.000,2500.786,0.886,21.547,6.451,1.011
41.250,31.468,2500.000,2500.821,0.889,21.149,6.690,1.011
41.500,31.322,2500.000,2500.855,0.892,20.753,6.929,1.011
41.750,31.175,2500.000,2500.887,0.895,20.359,7.168,1.011
42.000,31.028,2500.000,2500.917,0.898,19.968,7.408,1.011
42.250,30.879,2500.000,2500.946,0.901,19.579,7.648,1.011
42.500,30.730,2500.000,2500.973,0.904,19.192,7.888,1.011
42.750,30.581,2500.000,2500.999,0.906,18.809,8.129,1.011
43.000,30.430,2500.000,2501.023,0.909,18.428,8.369,1.011
43.250,30.279,2500.000,2501.047,0.911,18.050,8.610,1.011
43.500,30.127,2500.000,2501.069,0.914,17.675,8.851,1.011
43.750,29.975,2500.000,2501.090,0.916,17.304,9.092,1.011
44.000,29.822,2500.000,2501.110,0.919,16.936,9.333,1.011
44.250,29.669,2500.000,2501.128,0.921,16.571,9.574,1.011
44.500,29.515,2500.000,2501.146,0.924,16.210,9.815,1.011
44.750,29.362,2500.000,2501.163,0.926,15.853,10.056,1.011
45.000,29.207,2500.000,2501.179,0.928,15.499,10.298,1.011
45.250,29.053,2500.000,2501.194,0.930,15.149,10.539,1.011
45.500,28.898,2500.000,2501.208,0.932,14.804,10.780,1.011
45.750,28.743,2500.000,2501.221,0.934,14.462,11.021,1.011
46.000,28.588,2500.000,2501.234,0.937,14.124,11.261,1.011
46.250,28.433,2500.000,2501.246,0.938,13.791,11.502,1.011
46.500,28.277,2500.000,2501.257,0.940,13.461,11.743,1.011
46.750,28.122,2500.000,2501.267,0.942,13.136,11.983,1.011
47.000,27.967,2500.000,2501.277,0.944,12.816,12.223,1.011
47.250,27.811,2500.000,2501.286,0.946,12.500,12.463,1.011
47.500,27.656,2500.000,2501.295,0.948,12.188,12.703,1.011
47.750,27.501,2500.000,2501.303,0.949,11.881,12.943,1.011
48.000,27.346,2500.000,2501.311,0.951,11.578,13.182,1.011
48.250,27.191,2500.000,2501.318,0.953,11.280,13.421,1.011
48.500,27.037,2500.000,2501.325,0.954,10.987,13.660,1.011
48.750,26.882,2500.000,2501.331,0.956,10.698,13.899,1.011
49.000,26.728,2500.000,2501.337,0.957,10.414,14.137,1.011
49.250,26.574,2500.000,2501.342,0.959,10.135,14.375,1.011
49.500,26.420,2500.000,2501.347,0.960,9.861,14.613,1.011
49.750,26.267,2500.000,2501.352,0.962,9.591,14.850,1.011
50.000,26.114,2500.000,2501.356,0.963,9.326,15.087,1.011
50.250,25.962,2500.000,2501.361,0.964,9.066,15.324,1.011
50.500,25.810,2500.000,2501.364,0.965,8.810,15.560,1.011
50.750,25.658,2500.000,2501.368,0.967,8.560,15.796,1.011
51.000,25.507,2500.000,2501.371,0.968,8.314,16.031,1.011
51.250,25.357,2500.000,2501.374,0.969,8.073,16.266,1.011
51.500,25.206,2500.000,2501.377,0.970,7.836,16.501,1.011
51.750,25.057,2500.000,2501.379,0.971,7.605,16.735,1.011
52.000,24.908,2500.000,2501.382,0.972,7.378,16.969,1.011
52.250,24.759,2500.000,2501.384,0.973,7.156,17.202,1.011
52.500,24.611,2500.000,2501.386,0.974,6.939,17.435,1.011
52.750,24.464,2500.000,2501.388,0.975,6.726,17.667,1.011
53.000,24.318,2500.000,2501.389,0.976,6.518,17.899,1.011
53.250,24.172,2500.000,2501.391,0.977,6.314,18.131,1.011
53.500,24.026,2500.000,2501.392,0.978,6.115,18.362,1.011
53.750,23.882,2500.000,2501.393,0.979,5.921,18.592,1.011
54.000,23.738,2500.000,2501.395,0.980,5.731,18.822,1.011
54.250,23.594,2500.000,2501.396,0.980,5.546,19.052,1.011
54.500,23.452,2500.000,2501.396,0.981,5.365,19.280,1.011
54.750,23.310,2500.000,2501.397,0.982,5.188,19.509,1.011
55.000,23.169,2500.000,2501.398,0.983,5.016,19.737,1.011
55.250,23.029,2500.000,2501.399,0.983,4.848,19.964,1.011
55.500,22.889,2500.000,2501.399,0.984,4.684,20.191,1.011
55.750,22.751,2500.000,2501.400,0.985,4.525,20.417,1.011
56.000,22.613,2500.000,2501.400,0.985,4.369,20.643,1.011
56.250,22.476,2500.000,2501.400,0.986,4.218,20.868,1.011
56.500,22.339,2500.000,2501.401,0.986,4.071,21.093,1.011
56.750,22.204,2500.000,2501.401,0.987,3.928,21.317,1.011
57.000,22.069,2500.000,2501.401,0.988,3.788,21.540,1.011
57.250,21.935,2500.000,2501.401,0.988,3.652,21.763,1.011
57.500,21.802,2500.000,2501.402,0.989,3.521,21.986,1.011
57.750,21.670,2500.000,2501.402,0.989,3.393,22.208,1.011
58.000,21.539,2500.000,2501.402,0.990,3.268,22.429,1.011
58.250,21.408,2500.000,2501.402,0.990,3.147,22.650,1.011
58.500,21.279,2500.000,2501.402,0.990,3.030,22.870,1.011
58.750,21.150,2500.000,2501.402,0.991,2.916,23.089,1.011
59.000,21.022,2500.000,2501.402,0.991,2.806,23.308,1.011
59.250,20.895,2500.000,2501.402,0.992,2.699,23.527,1.011
59.500,20.769,2500.000,2501.402,0.992,2.595,23.745,1.011
59.750,20.644,2500.000,2501.402,0.992,2.495,23.962,1.011
60.000,20.520,2500.000,2501.401,0.993,2.397,24.179,1.011
60.250,20.396,2500.000,2501.401,0.993,2.303,24.395,1.011
60.500,20.415,2500.000,2501.548,1.000,48.329,24.613,1.011
60.750,20.286,2500.000,2501.548,1.000,0.000,24.830,1.011
61.000,20.159,2500.000,2501.548,1.000,0.000,25.047,1.011
61.250,20.032,2500.000,2501.548,1.000,0.000,25.263,1.011
61.500,19.907,2500.000,2501.548,1.000,0.000,25.478,1.011
61.750,19.783,2500.000,2501.548,1.000,0.000,25.693,1.011
62.000,19.660,2500.000,2501.548,1.000,0.000,25.907,1.011
62.250,19.538,2500.000,2501.548,1.000,0.000,26.120,1.011
62.500,19.417,2500.000,2501.548,1.000,0.000,26.333,1.011
62.750,19.298,2500.000,2501.548,1.000,0.000,26.545,1.011
63.000,19.180,2500.000,2501.548,1.000,0.000,26.756,1.011
63.250,19.062,2500.000,2501.548,1.000,0.000,26.967,1.011
63.500,18.946,2500.000,2501.548,1.000,0.000,27.177,1.011
63.750,18.831,2500.000,2501.548,1.000,0.000,27.386,1.011
64.000,18.717,2500.000,2501.548,1.000,0.000,27.595,1.011
64.250,18.605,2500.000,2501.548,1.000,0.000,27.803,1.011
64.500,18.493,2500.000,2501.548,1.000,0.000,28.011,1.011
64.750,18.382,2500.000,2501.548,1.000,0.000,28.218,1.011
65.000,18.272,2500.000,2501.548,1.000,0.000,28.424,1.011
65.250,18.164,2500.000,2501.548,1.000,0.000,28.630,1.011
65.500,18.056,2500.000,2501.548,1.000,0.000,28.835,1.011
65.750,17.949,2500.000,2501.548,1.000,0.000,29.039,1.011
66.000,17.844,2500.000,2501.548,1.000,0.000,29.243,1.011
66.250,17.739,2500.000,2501.548,1.000,0.000,29.446,1.011
66.500,17.635,2500.000,2501.548,1.000,0.000,29.649,1.011
66.750,17.533,2500.000,2501.548,1.000,0.000,29.851,1.011
67.000,17.431,2500.000,2501.548,1.000,0.000,30.052,1.011
67.250,17.330,2500.000,2501.548,1.000,0.000,30.253,1.011
67.500,17.230,2500.000,2501.548,1.000,0.000,30.454,1.011
67.750,17.131,2500.000,2501.548,1.000,0.000,30.653,1.011
68.000,17.033,2500.000,2501.548,1.000,0.000,30.852,1.011
68.250,16.936,2500.000,2501.548,1.000,0.000,31.051,1.011
68.500,16.840,2500.000,2501.548,1.000,0.000,31.249,1.011
68.750,16.745,2500.000,2501.548,1.000,0.000,31.447,1.011
69.000,16.650,2500.000,2501.548,1.000,0.000,31.644,1.011
69.250,16.557,2500.000,2501.548,1.000,0.000,31.840,1.011
69.500,16.464,2500.000,2501.548,1.000,0.000,32.036,1.011
69.750,16.372,2500.000,2501.548,1.000,0.000,32.231,1.011
70.000,16.281,2500.000,2501.548,1.000,0.000,32.426,1.011
70.250,16.191,2500.000,2501.548,1.000,0.000,32.620,1.011
70.500,16.101,2500.000,2501.548,1.000,0.000,32.813,1.011
70.750,16.013,2500.000,2501.548,1.000,0.000,33.007,1.011
71.000,15.925,2500.000,2501.548,1.000,0.000,33.199,1.011
71.250,15.838,2500.000,2501.548,1.000,0.000,33.391,1.011
71.500,15.752,2500.000,2501.548,1.000,0.000,33.583,1.011
71.750,15.667,2500.000,2501.548,1.000,0.000,33.774,1.011
72.000,15.582,2500.000,2501.548,1.000,0.000,33.964,1.011
72.250,15.498,2500.000,2501.548,1.000,0.000,34.154,1.011
72.500,15.415,2500.000,2501.548,1.000,0.000,34.344,1.011
72.750,15.333,2500.000,2501.548,1.000,0.000,34.533,1.011
73.000,15.251,2500.000,2501.548,1.000,0.000,34.721,1.011
73.250,15.170,2500.000,2501.548,1.000,0.000,34.909,1.011
73.500,15.090,2500.000,2501.548,1.000,0.000,35.097,1.011
73.750,15.011,2500.000,2501.548,1.000,0.000,35.284,1.011
74.000,14.932,2500.000,2501.548,1.000,0.000,35.470,1.011
74.250,14.854,2500.000,2501.548,1.000,0.000,35.656,1.011
74.500,14.777,2500.000,2501.548,1.000,0.000,35.842,1.011
74.750,14.700,2500.000,2501.548,1.000,0.000,36.027,1.011
75.000,14.625,2500.000,2501.548,1.000,0.000,36.211,1.011
75.250,14.549,2500.000,2501.548,1.000,0.000,36.395,1.011
75.500,14.475,2500.000,2501.548,1.000,0.000,36.579,1.011
75.750,14.401,2500.000,2501.548,1.000,0.000,36.762,1.011
76.000,14.328,2500.000,2501.548,1.000,0.000,36.945,1.011
76.250,14.255,2500.000,2501.548,1.000,0.000,37.127,1.011
76.500,14.183,2500.000,2501.548,1.000,0.000,37.309,1.011
76.750,14.112,2500.000,2501.548,1.000,0.000,37.490,1.011
77.000,14.041,2500.000,2501.548,1.000,0.000,37.671,1.011
77.250,13.971,2500.000,2501.548,1.000,0.000,37.851,1.011
77.500,13.902,2500.000,2501.548,1.000,0.000,38.031,1.011
77.750,13.833,2500.000,2501.548,1.000,0.000,38.210,1.011
78.000,13.765,2500.000,2501.548,1.000,0.000,38.389,1.011
78.250,13.697,2500.000,2501.548,1.000,0.000,38.568,1.011
78.500,13.630,2500.000,2501.548,1.000,0.000,38.746,1.011
78.750,13.564,2500.000,2501.548,1.000,0.000,38.924,1.011
79.000,13.498,2500.000,2501.548,1.000,0.000,39.101,1.011
79.250,13.432,2500.000,2501.548,1.000,0.000,39.278,1.011
79.500,13.368,2500.000,2501.548,1.000,0.000,39.455,1.011
79.750,13.304,2500.000,2501.548,1.000,0.000,39.631,1.011
80.000,13.240,2500.000,2501.548,1.000,0.000,39.806,1.011
80.250,13.177,2500.000,2501.548,1.000,0.000,39.981,1.011
80.500,13.114,2500.000,2501.548,1.000,0.000,40.156,1.011
80.750,13.053,2500.000,2501.548,1.000,0.000,40.330,1.011
81.000,12.991,2500.000,2501.548,1.000,0.000,40.504,1.011
81.250,12.930,2500.000,2501.548,1.000,0.000,40.678,1.011
81.500,12.870,2500.000,2501.548,1.000,0.000,40.851,1.011
81.750,12.810,2500.000,2501.548,1.000,0.000,41.024,1.011
82.000,12.751,2500.000,2501.548,1.000,0.000,41.196,1.011
82.250,12.692,2500.000,2501.548,1.000,0.000,41.368,1.011
82.500,12.634,2500.000,2501.548,1.000,0.000,41.540,1.011
82.750,12.576,2500.000,2501.548,1.000,0.000,41.711,1.011
83.000,12.518,2500.000,2501.548,1.000,0.000,41.881,1.011
83.250,12.462,2500.000,2501.548,1.000,0.000,42.052,1.011
83.500,12.405,2500.000,2501.548,1.000,0.000,42.222,1.011
83.750,12.349,2500.000,2501.548,1.000,0.000,42.391,1.011
84.000,12.294,2500.000,2501.548,1.000,0.000,42.561,1.011
84.250,12.239,2500.000,2501.548,1.000,0.000,42.729,1.011
84.500,12.185,2500.000,2501.548,1.000,0.000,42.898,1.011
84.750,12.131,2500.000,2501.548,1.000,0.000,43.066,1.011
85.000,12.077,2500.000,2501.548,1.000,0.000,43.234,1.011
85.250,12.024,2500.000,2501.548,1.000,0.000,43.401,1.011
85.500,11.972,2500.000,2501.548,1.000,0.000,43.568,1.011
85.750,11.919,2500.000,2501.548,1.000,0.000,43.735,1.011
86.000,11.868,2500.000,2501.548,1.000,0.000,43.901,1.011
86.250,11.816,2500.000,2501.548,1.000,0.000,44.067,1.011
86.500,11.765,2500.000,2501.548,1.000,0.000,44.232,1.011
86.750,11.715,2500.000,2501.548,1.000,0.000,44.397,1.011
87.000,11.665,2500.000,2501.548,1.000,0.000,44.562,1.011
87.250,11.615,2500.000,2501.548,1.000,0.000,44.727,1.011
87.500,11.566,2500.000,2501.548,1.000,0.000,44.891,1.011
87.750,11.517,2500.000,2501.548,1.000,0.000,45.055,1.011
88.000,11.469,2500.000,2501.548,1.000,0.000,45.218,1.011
88.250,11.421,2500.000,2501.548,1.000,0.000,45.381,1.011
88.500,11.373,2500.000,2501.548,1.000,0.000,45.544,1.011
88.750,11.326,2500.000,2501.548,1.000,0.000,45.706,1.011
89.000,11.279,2500.000,2501.548,1.000,0.000,45.868,1.011
89.250,11.233,2500.000,2501.548,1.000,0.000,46.030,1.011
89.500,11.187,2500.000,2501.548,1.000,0.000,46.191,1.011
89.750,11.141,2500.000,2501.548,1.000,0.000,46.353,1.011
90.000,11.096,2500.000,2501.548,1.000,0.000,46.513,1.011
90.250,11.051,2500.000,2501.548,1.000,0.000,46.674,1.011
90.500,11.007,2500.000,2501.548,1.000,0.000,46.834,1.011
90.750,10.962,2500.000,2501.548,1.000,0.000,46.994,1.011
91.000,10.919,2500.000,2501.548,1.000,0.000,47.153,1.011
91.250,10.875,2500.000,2501.548,1.000,0.000,47.312,1.011
91.500,10.832,2500.000,2501.548,1.000,0.000,47.471,1.011
91.750,10.789,2500.000,2501.548,1.000,0.000,47.630,1.011
92.000,10.747,2500.000,2501.548,1.000,0.000,47.788,1.011
92.250,10.705,2500.000,2501.548,1.000,0.000,47.946,1.011
92.500,10.663,2500.000,2501.548,1.000,0.000,48.103,1.011
92.750,10.622,2500.000,2501.548,1.000,0.000,48.261,1.011
93.000,10.581,2500.000,2501.548,1.000,0.000,48.417,1.011
93.250,10.540,2500.000,2501.548,1.000,0.000,48.574,1.011
93.500,10.500,2500.000,2501.548,1.000,0.000,48.731,1.011
93.750,10.460,2500.000,2501.548,1.000,0.000,48.887,1.011
94.000,10.420,2500.000,2501.548,1.000,0.000,49.042,1.011
94.250,10.381,2500.000,2501.548,1.000,0.000,49.198,1.011
94.500,10.342,2500.000,2501.548,1.000,0.000,49.353,1.011
94.750,10.303,2500.000,2501.548,1.000,0.000,49.508,1.011
95.000,10.264,2500.000,2501.548,1.000,0.000,49.663,1.011
95.250,10.226,2500.000,2501.548,1.000,0.000,49.817,1.011
95.500,10.188,2500.000,2501.548,1.000,0.000,49.971,1.011
95.750,10.151,2500.000,2501.548,1.000,0.000,50.125,1.011
96.000,10.114,2500.000,2501.548,1.000,0.000,50.278,1.011
96.250,10.077,2500.000,2501.548,1.000,0.000,50.431,1.011
96.500,10.040,2500.000,2501.548,1.000,0.000,50.584,1.011
96.750,10.004,2500.000,2501.548,1.000,0.000,50.737,1.011
97.000,9.968,2500.000,2501.548,1.000,0.000,50.889,1.011
97.250,9.932,2500.000,2501.548,1.000,0.000,51.041,1.011
97.500,9.896,2500.000,2501.548,1.000,0.000,51.193,1.011
97.750,9.861,2500.000,2501.548,1.000,0.000,51.345,1.011
98.000,9.826,2500.000,2501.548,1.000,0.000,51.496,1.011
98.250,9.792,2500.000,2501.548,1.000,0.000,51.647,1.011
98.500,9.757,2500.000,2501.548,1.000,0.000,51.798,1.011
98.750,9.723,2500.000,2501.548,1.000,0.000,51.948,1.011
99.000,9.689,2500.000,2501.548,1.000,0.000,52.098,1.011
99.250,9.656,2500.000,2501.548,1.000,0.000,52.248,1.011
99.500,9.622,2500.000,2501.548,1.000,0.000,52.398,1.011
99.750,9.589,2500.000,2501.548,1.000,0.000,52.547,1.011
100.000,9.556,2500.000,2501.548,1.000,0.000,52.697,1.011
100.250,9.524,2500.000,2501.548,1.000,0.000,52.846,1.011
100.500,9.492,2500.000,2501.548,1.000,0.000,52.994,1.011
100.750,9.460,2500.000,2501.548,1.000,0.000,53.143,1.011
101.000,9.428,2500.000,2501.548,1.000,0.000,53.291,1.011
101.250,9.396,2500.000,2501.548,1.000,0.000,53.439,1.011
101.500,9.365,2500.000,2501.548,1.000,0.000,53.586,1.011
101.750,9.334,2500.000,2501.548,1.000,0.000,53.734,1.011
102.000,9.303,2500.000,2501.548,1.000,0.000,53.881,1.011
102.250,9.273,2500.000,2501.548,1.000,0.000,54.028,1.011
102.500,9.242,2500.000,2501.548,1.000,0.000,54.175,1.011
102.750,9.212,2500.000,2501.548,1.000,0.000,54.321,1.011
103.000,9.182,2500.000,2501.548,1.000,0.000,54.467,1.011
103.250,9.153,2500.000,2501.548,1.000,0.000,54.613,1.011
103.500,9.123,2500.000,2501.548,1.000,0.000,54.759,1.011
103.750,9.094,2500.000,2501.548,1.000,0.000,54.905,1.011
104.000,9.065,2500.000,2501.548,1.000,0.000,55.050,1.011
104.250,9.037,2500.000,2501.548,1.000,0.000,55.195,1.011
104.500,9.008,2500.000,2501.548,1.000,0.000,55.340,1.011
104.750,8.980,2500.000,2501.548,1.000,0.000,55.485,1.011
105.000,8.952,2500.000,2501.548,1.000,0.000,55.629,1.011
105.250,8.924,2500.000,2501.548,1.000,0.000,55.773,1.011
105.500,8.896,2500.000,2501.548,1.000,0.000,55.917,1.011
105.750,8.869,2500.000,2501.548,1.000,0.000,56.061,1.011
106.000,8.842,2500.000,2501.548,1.000,0.000,56.204,1.011
106.250,8.815,2500.000,2501.548,1.000,0.000,56.348,1.011
106.500,8.788,2500.000,2501.548,1.000,0.000,56.491,1.011
106.750,8.761,2500.000,2501.548,1.000,0.000,56.633,1.011
107.000,8.735,2500.000,2501.548,1.000,0.000,56.776,1.011
107.250,8.709,2500.000,2501.548,1.000,0.000,56.919,1.011
107.500,8.683,2500.000,2501.548,1.000,0.000,57.061,1.011
107.750,8.657,2500.000,2501.548,1.000,0.000,57.203,1.011
108.000,8.632,2500.000,2501.548,1.000,0.000,57.344,1.011
108.250,8.606,2500.000,2501.548,1.000,0.000,57.486,1.011
108.500,8.581,2500.000,2501.548,1.000,0.000,57.627,1.011
108.750,8.556,2500.000,2501.548,1.000,0.000,57.769,1.011
109.000,8.531,2500.000,2501.548,1.000,0.000,57.910,1.011
109.250,8.507,2500.000,2501.548,1.000,0.000,58.050,1.011
109.500,8.482,2500.000,2501.548,1.000,0.000,58.191,1.011
109.750,8.458,2500.000,2501.548,1.000,0.000,58.331,1.011
110.000,8.434,2500.000,2501.548,1.000,0.000,58.471,1.011
110.250,8.410,2500.000,2501.548,1.000,0.000,58.611,1.011
110.500,8.386,2500.000,2501.548,1.000,0.000,58.751,1.011
110.750,8.363,2500.000,2501.548,1.000,0.000,58.891,1.011
111.000,8.339,2500.000,2501.548,1.000,0.000,59.030,1.011
111.250,8.316,2500.000,2501.548,1.000,0.000,59.169,1.011
111.500,8.293,2500.000,2501.548,1.000,0.000,59.308,1.011
111.750,8.270,2500.000,2501.548,1.000,0.000,59.447,1.011
112.000,8.248,2500.000,2501.548,1.000,0.000,59.585,1.011
112.250,8.225,2500.000,2501.548,1.000,0.000,59.724,1.011
112.500,8.203,2500.000,2501.548,1.000,0.000,59.862,1.011
112.750,8.181,2500.000,2501.548,1.000,0.000,60.000,1.011
113.000,8.159,2500.000,2501.548,1.000,0.000,60.138,1.011
113.250,8.137,2500.000,2501.548,1.000,0.000,60.276,1.011
113.500,8.115,2500.000,2501.548,1.000,0.000,60.413,1.011
113.750,8.094,2500.000,2501.548,1.000,0.000,60.550,1.011
114.000,8.073,2500.000,2501.548,1.000,0.000,60.687,1.011
114.250,8.051,2500.000,2501.548,1.000,0.000,60.824,1.011
114.500,8.030,2500.000,2501.548,1.000,0.000,60.961,1.011
114.750,8.010,2500.000,2501.548,1.000,0.000,61.098,1.011
115.000,7.989,2500.000,2501.548,1.000,0.000,61.234,1.011
115.250,7.968,2500.000,2501.548,1.000,0.000,61.370,1.011
115.500,7.948,2500.000,2501.548,1.000,0.000,61.506,1.011
115.750,7.928,2500.000,2501.548,1.000,0.000,61.642,1.011
116.000,7.908,2500.000,2501.548,1.000,0.000,61.778,1.011
116.250,7.888,2500.000,2501.548,1.000,0.000,61.914,1.011
116.500,7.868,2500.000,2501.548,1.000,0.000,62.049,1.011
116.750,7.848,2500.000,2501.548,1.000,0.000,62.184,1.011
117.000,7.829,2500.000,2501.548,1.000,0.000,62.319,1.011
117.250,7.809,2500.000,2501.548,1.000,0.000,62.454,1.011
117.500,7.790,2500.000,2501.548,1.000,0.000,62.589,1.011
117.750,7.771,2500.000,2501.548,1.000,0.000,62.723,1.011
118.000,7.752,2500.000,2501.548,1.000,0.000,62.858,1.011
118.250,7.734,2500.000,2501.548,1.000,0.000,62.992,1.011
118.500,7.715,2500.000,2501.548,1.000,0.000,63.126,1.011
118.750,7.696,2500.000,2501.548,1.000,0.000,63.260,1.011
119.000,7.678,2500.000,2501.548,1.000,0.000,63.393,1.011
119.250,7.660,2500.000,2501.548,1.000,0.000,63.527,1.011
119.500,7.642,2500.000,2501.548,1.000,0.000,63.660,1.011
119.750,7.624,2500.000,2501.548,1.000,0.000,63.794,1.011
120.000,7.606,2500.000,2501.548,1.000,0.000,63.927,1.011
120.250,7.588,2500.000,2501.548,1.000,0.000,64.060,1.011
120.500,7.571,2500.000,2501.548,1.000,0.000,64.192,1.011
120.750,7.553,2500.000,2501.548,1.000,0.000,64.325,1.011
121.000,7.536,2500.000,2501.548,1.000,0.000,64.458,1.011
121.250,7.519,2500.000,2501.548,1.000,0.000,64.590,1.011
121.500,7.502,2500.000,2501.548,1.000,0.000,64.722,1.011
121.750,7.485,2500.000,2501.548,1.000,0.000,64.854,1.011
122.000,7.468,2500.000,2501.548,1.000,0.000,64.986,1.011
122.250,7.451,2500.000,2501.548,1.000,0.000,65.118,1.011
122.500,7.435,2500.000,2501.548,1.000,0.000,65.249,1.011
122.750,7.419,2500.000,2501.548,1.000,0.000,65.381,1.011
123.000,7.402,2500.000,2501.548,1.000,0.000,65.512,1.011
123.250,7.386,2500.000,2501.548,1.000,0.000,65.643,1.011
123.500,7.370,2500.000,2501.548,1.000,0.000,65.774,1.011
123.750,7.354,2500.000,2501.548,1.000,0.000,65.905,1.011
124.000,7.338,2500.000,2501.548,1.000,0.000,66.036,1.011
124.250,7.323,2500.000,2501.548,1.000,0.000,66.166,1.011
124.500,7.307,2500.000,2501.548,1.000,0.000,66.297,1.011
124.750,7.292,2500.000,2501.548,1.000,0.000,66.427,1.011
125.000,7.276,2500.000,2501.548,1.000,0.000,66.557,1.011
125.250,7.261,2500.000,2501.548,1.000,0.000,66.687,1.011
125.500,7.246,2500.000,2501.548,1.000,0.000,66.817,1.011
125.750,7.231,2500.000,2501.548,1.000,0.000,66.947,1.011
126.000,7.216,2500.000,2501.548,1.000,0.000,67.077,1.011
126.250,7.201,2500.000,2501.548,1.000,0.000,67.206,1.011
126.500,7.186,2500.000,2501.548,1.000,0.000,67.335,1.011
126.750,7.172,2500.000,2501.548,1.000,0.000,67.465,1.011
127.000,7.157,2500.000,2501.548,1.000,0.000,67.594,1.011
127.250,7.143,2500.000,2501.548,1.000,0.000,67.723,1.011
127.500,7.129,2500.000,2501.548,1.000,0.000,67.852,1.011
127.750,7.115,2500.000,2501.548,1.000,0.000,67.980,1.011
128.000,7.101,2500.000,2501.548,1.000,0.000,68.109,1.011
128.250,7.087,2500.000,2501.548,1.000,0.000,68.237,1.011
128.500,7.073,2500.000,2501.548,1.000,0.000,68.366,1.011
128.750,7.059,2500.000,2501.548,1.000,0.000,68.494,1.011
129.000,7.046,2500.000,2501.548,1.000,0.000,68.622,1.011
129.250,7.032,2500.000,2501.548,1.000,0.000,68.750,1.011
129.500,7.019,2500.000,2501.548,1.000,0.000,68.878,1.011
129.750,7.005,2500.000,2501.548,1.000,0.000,69.006,1.011
130.000,6.992,2500.000,2501.548,1.000,0.000,69.133,1.011
130.250,6.979,2500.000,2501.548,1.000,0.000,69.261,1.011
130.500,6.966,2500.000,2501.548,1.000,0.000,69.388,1.011
130.750,6.953,2500.000,2501.548,1.000,0.000,69.515,1.011
131.000,6.940,2500.000,2501.548,1.000,0.000,69.642,1.011
131.250,6.928,2500.000,2501.548,1.000,0.000,69.769,1.011
131.500,6.915,2500.000,2501.548,1.000,0.000,69.896,1.011
131.750,6.902,2500.000,2501.548,1.000,0.000,70.023,1.011
132.000,6.890,2500.000,2501.548,1.000,0.000,70.150,1.011
132.250,6.878,2500.000,2501.548,1.000,0.000,70.276,1.011
132.500,6.865,2500.000,2501.548,1.000,0.000,70.403,1.011
132.750,6.853,2500.000,2501.548,1.000,0.000,70.529,1.011
133.000,6.841,2500.000,2501.548,1.000,0.000,70.655,1.011
133.250,6.829,2500.000,2501.548,1.000,0.000,70.782,1.011
133.500,6.817,2500.000,2501.548,1.000,0.000,70.908,1.011
133.750,6.805,2500.000,2501.548,1.000,0.000,71.033,1.011
134.000,6.794,2500.000,2501.548,1.000,0.000,71.159,1.011
134.250,6.782,2500.000,2501.548,1.000,0.000,71.285,1.011
134.500,6.771,2500.000,2501.548,1.000,0.000,71.410,1.011
134.750,6.759,2500.000,2501.548,1.000,0.000,71.536,1.011
135.000,6.748,2500.000,2501.548,1.000,0.000,71.661,1.011
135.250,6.736,2500.000,2501.548,1.000,0.000,71.787,1.011
135.500,6.725,2500.000,2501.548,1.000,0.000,71.912,1.011
135.750,6.714,2500.000,2501.548,1.000,0.000,72.037,1.011
136.000,6.703,2500.000,2501.548,1.000,0.000,72.162,1.011
136.250,6.692,2500.000,2501.548,1.000,0.000,72.286,1.011
136.500,6.681,2500.000,2501.548,1.000,0.000,72.411,1.011
136.750,6.671,2500.000,2501.548,1.000,0.000,72.536,1.011
137.000,6.660,2500.000,2501.548,1.000,0.000,72.660,1.011
137.250,6.649,2500.000,2501.548,1.000,0.000,72.785,1.011
137.500,6.639,2500.000,2501.548,1.000,0.000,72.909,1.011
137.750,6.628,2500.000,2501.548,1.000,0.000,73.033,1.011
138.000,6.618,2500.000,2501.548,1.000,0.000,73.158,1.011
138.250,6.608,2500.000,2501.548,1.000,0.000,73.282,1.011
138.500,6.598,2500.000,2501.548,1.000,0.000,73.406,1.011
138.750,6.587,2500.000,2501.548,1.000,0.000,73.529,1.011
139.000,6.577,2500.000,2501.548,1.000,0.000,73.653,1.011
139.250,6.567,2500.000,2501.548,1.000,0.000,73.777,1.011
139.500,6.558,2500.000,2501.548,1.000,0.000,73.900,1.011
139.750,6.548,2500.000,2501.548,1.000,0.000,74.024,1.011
140.000,6.538,2500.000,2501.548,1.000,0.000,74.147,1.011
140.250,6.528,2500.000,2501.548,1.000,0.000,74.271,1.011
140.500,6.519,2500.000,2501.548,1.000,0.000,74.394,1.011
140.750,6.509,2500.000,2501.548,1.000,0.000,74.517,1.011
141.000,6.500,2500.000,2501.548,1.000,0.000,74.640,1.011
141.250,6.491,2500.000,2501.548,1.000,0.000,74.763,1.011
141.500,6.481,2500.000,2501.548,1.000,0.000,74.886,1.011
141.750,6.472,2500.000,2501.548,1.000,0.000,75.009,1.011
142.000,6.463,2500.000,2501.548,1.000,0.000,75.131,1.011
142.250,6.454,2500.000,2501.548,1.000,0.000,75.254,1.011
142.500,6.445,2500.000,2501.548,1.000,0.000,75.376,1.011
142.750,6.436,2500.000,2501.548,1.000,0.000,75.499,1.011
143.000,6.427,2500.000,2501.548,1.000,0.000,75.621,1.011
143.250,6.418,2500.000,2501.548,1.000,0.000,75.743,1.011
143.500,6.410,2500.000,2501.548,1.000,0.000,75.866,1.011
143.750,6.401,2500.000,2501.548,1.000,0.000,75.988,1.011
144.000,6.393,2500.000,2501.548,1.000,0.000,76.110,1.011
144.250,6.384,2500.000,2501.548,1.000,0.000,76.232,1.011
144.500,6.376,2500.000,2501.548,1.000,0.000,76.353,1.011
144.750,6.367,2500.000,2501.548,1.000,0.000,76.475,1.011
145.000,6.359,2500.000,2501.548,1.000,0.000,76.597,1.011
145.250,6.351,2500.000,2501.548,1.000,0.000,76.719,1.011
145.500,6.343,2500.000,2501.548,1.000,0.000,76.840,1.011
145.750,6.335,2500.000,2501.548,1.000,0.000,76.962,1.011
146.000,6.327,2500.000,2501.548,1.000,0.000,77.083,1.011
146.250,6.319,2500.000,2501.548,1.000,0.000,77.204,1.011
146.500,6.311,2500.000,2501.548,1.000,0.000,77.325,1.011
146.750,6.303,2500.000,2501.548,1.000,0.000,77.447,1.011
147.000,6.295,2500.000,2501.548,1.000,0.000,77.568,1.011
147.250,6.288,2500.000,2501.548,1.000,0.000,77.689,1.011
147.500,6.280,2500.000,2501.548,1.000,0.000,77.810,1.011
147.750,6.273,2500.000,2501.548,1.000,0.000,77.931,1.011
148.000,6.265,2500.000,2501.548,1.000,0.000,78.051,1.011
148.250,6.258,2500.000,2501.548,1.000,0.000,78.172,1.011
148.500,6.250,2500.000,2501.548,1.000,0.000,78.293,1.011
148.750,6.243,2500.000,2501.548,1.000,0.000,78.413,1.011
149.000,6.236,2500.000,2501.548,1.000,0.000,78.534,1.011
149.250,6.229,2500.000,2501.548,1.000,0.000,78.654,1.011
149.500,6.221,2500.000,2501.548,1.000,0.000,78.775,1.011
149.750,6.214,2500.000,2501.548,1.000,0.000,78.895,1.011
150.000,6.207,2500.000,2501.548,1.000,0.000,79.015,1.011
150.250,6.201,2500.000,2501.548,1.000,0.000,79.135,1.011
150.500,6.194,2500.000,2501.548,1.000,0.000,79.255,1.011
150.750,6.187,2500.000,2501.548,1.000,0.000,79.375,1.011
151.000,6.180,2500.000,2501.548,1.000,0.000,79.495,1.011
151.250,6.173,2500.000,2501.548,1.000,0.000,79.615,1.011
151.500,6.167,2500.000,2501.548,1.000,0.000,79.735,1.011
151.750,6.160,2500.000,2501.548,1.000,0.000,79.855,1.011
152.000,6.154,2500.000,2501.548,1.000,0.000,79.975,1.011
152.250,6.147,2500.000,2501.548,1.000,0.000,80.094,1.011
152.500,6.141,2500.000,2501.548,1.000,0.000,80.214,1.011
152.750,6.135,2500.000,2501.548,1.000,0.000,80.333,1.011
153.000,6.128,2500.000,2501.548,1.000,0.000,80.453,1.011
153.250,6.122,2500.000,2501.548,1.000,0.000,80.572,1.011
153.500,6.116,2500.000,2501.548,1.000,0.000,80.692,1.011
153.750,6.110,2500.000,2501.548,1.000,0.000,80.811,1.011
154.000,6.104,2500.000,2501.548,1.000,0.000,80.930,1.011
154.250,6.098,2500.000,2501.548,1.000,0.000,81.049,1.011
154.500,6.092,2500.000,2501.548,1.000,0.000,81.168,1.011
154.750,6.086,2500.000,2501.548,1.000,0.000,81.287,1.011
155.000,6.080,2500.000,2501.548,1.000,0.000,81.406,1.011
155.250,6.075,2500.000,2501.548,1.000,0.000,81.525,1.011
155.500,6.069,2500.000,2501.548,1.000,0.000,81.644,1.011
155.750,6.063,2500.000,2501.548,1.000,0.000,81.763,1.011
156.000,6.058,2500.000,2501.548,1.000,0.000,81.882,1.011
156.250,6.052,2500.000,2501.548,1.000,0.000,82.001,1.011
156.500,6.047,2500.000,2501.548,1.000,0.000,82.119,1.011
156.750,6.041,2500.000,2501.548,1.000,0.000,82.238,1.011
157.000,6.036,2500.000,2501.548,1.000,0.000,82.356,1.011
157.250,6.031,2500.000,2501.548,1.000,0.000,82.475,1.011
157.500,6.025,2500.000,2501.548,1.000,0.000,82.593,1.011
157.750,6.020,2500.000,2501.548,1.000,0.000,82.712,1.011
158.000,6.015,2500.000,2501.548,1.000,0.000,82.830,1.011
158.250,6.010,2500.000,2501.548,1.000,0.000,82.948,1.011
158.500,6.005,2500.000,2501.548,1.000,0.000,83.067,1.011
158.750,6.000,2500.000,2501.548,1.000,0.000,83.185,1.011
159.000,5.995,2500.000,2501.548,1.000,0.000,83.303,1.011
159.250,5.990,2500.000,2501.548,1.000,0.000,83.421,1.011
159.500,5.985,2500.000,2501.548,1.000,0.000,83.539,1.011
159.750,5.981,2500.000,2501.548,1.000,0.000,83.657,1.011
160.000,5.976,2500.000,2501.548,1.000,0.000,83.775,1.011
160.250,5.971,2500.000,2501.548,1.000,0.000,83.893,1.011
160.500,5.967,2500.000,2501.548,1.000,0.000,84.011,1.011
160.750,5.962,2500.000,2501.548,1.000,0.000,84.129,1.011
161.000,5.957,2500.000,2501.548,1.000,0.000,84.247,1.011
161.250,5.953,2500.000,2501.548,1.000,0.000,84.364,1.011
161.500,5.949,2500.000,2501.548,1.000,0.000,84.482,1.011
161.750,5.944,2500.000,2501.548,1.000,0.000,84.600,1.011
162.000,5.940,2500.000,2501.548,1.000,0.000,84.717,1.011
162.250,5.936,2500.000,2501.548,1.000,0.000,84.835,1.011
162.500,5.931,2500.000,2501.548,1.000,0.000,84.953,1.011
162.750,5.927,2500.000,2501.548,1.000,0.000,85.070,1.011
163.000,5.923,2500.000,2501.548,1.000,0.000,85.187,1.011
163.250,5.919,2500.000,2501.548,1.000,0.000,85.305,1.011
163.500,5.915,2500.000,2501.548,1.000,0.000,85.422,1.011
163.750,5.911,2500.000,2501.548,1.000,0.000,85.540,1.011
164.000,5.907,2500.000,2501.548,1.000,0.000,85.657,1.011
164.250,5.903,2500.000,2501.548,1.000,0.000,85.774,1.011
164.500,5.899,2500.000,2501.548,1.000,0.000,85.891,1.011
164.750,5.896,2500.000,2501.548,1.000,0.000,86.008,1.011
165.000,5.892,2500.000,2501.548,1.000,0.000,86.126,1.011
165.250,5.888,2500.000,2501.548,1.000,0.000,86.243,1.011
165.500,5.885,2500.000,2501.548,1.000,0.000,86.360,1.011
165.750,5.881,2500.000,2501.548,1.000,0.000,86.477,1.011
166.000,5.878,2500.000,2501.548,1.000,0.000,86.594,1.011
166.250,5.874,2500.000,2501.548,1.000,0.000,86.711,1.011
166.500,5.871,2500.000,2501.548,1.000,0.000,86.828,1.011
166.750,5.867,2500.000,2501.548,1.000,0.000,86.945,1.011
167.000,5.864,2500.000,2501.548,1.000,0.000,87.061,1.011
167.250,5.861,2500.000,2501.548,1.000,0.000,87.178,1.011
167.500,5.857,2500.000,2501.548,1.000,0.000,87.295,1.011
167.750,5.854,2500.000,2501.548,1.000,0.000,87.412,1.011
168.000,5.851,2500.000,2501.548,1.000,0.000,87.529,1.011
168.250,5.848,2500.000,2501.548,1.000,0.000,87.645,1.011
168.500,5.845,2500.000,2501.548,1.000,0.000,87.762,1.011
168.750,5.842,2500.000,2501.548,1.000,0.000,87.879,1.011
169.000,5.839,2500.000,2501.548,1.000,0.000,87.995,1.011
169.250,5.836,2500.000,2501.548,1.000,0.000,88.112,1.011
169.500,5.833,2500.000,2501.548,1.000,0.000,88.228,1.011
169.750,5.830,2500.000,2501.548,1.000,0.000,88.345,1.011
170.000,5.827,2500.000,2501.548,1.000,0.000,88.461,1.011
170.250,5.825,2500.000,2501.548,1.000,0.000,88.578,1.011
170.500,5.822,2500.000,2501.548,1.000,0.000,88.694,1.011
170.750,5.819,2500.000,2501.548,1.000,0.000,88.811,1.011
171.000,5.817,2500.000,2501.548,1.000,0.000,88.927,1.011
171.250,5.814,2500.000,2501.548,1.000,0.000,89.043,1.011
171.500,5.812,2500.000,2501.548,1.000,0.000,89.160,1.011
171.750,5.809,2500.000,2501.548,1.000,0.000,89.276,1.011
172.000,5.807,2500.000,2501.548,1.000,0.000,89.392,1.011
172.250,5.804,2500.000,2501.548,1.000,0.000,89.509,1.011
172.500,5.802,2500.000,2501.548,1.000,0.000,89.625,1.011
172.750,5.800,2500.000,2501.548,1.000,0.000,89.741,1.011
173.000,5.798,2500.000,2501.548,1.000,0.000,89.857,1.011
173.250,5.795,2500.000,2501.548,1.000,0.000,89.973,1.011
173.500,5.793,2500.000,2501.548,1.000,0.000,90.090,1.011
173.750,5.791,2500.000,2501.548,1.000,0.000,90.206,1.011
174.000,5.789,2500.000,2501.548,1.000,0.000,90.322,1.011
174.250,5.787,2500.000,2501.548,1.000,0.000,90.438,1.011
174.500,5.785,2500.000,2501.548,1.000,0.000,90.554,1.011
174.750,5.783,2500.000,2501.548,1.000,0.000,90.670,1.011
175.000,5.781,2500.000,2501.548,1.000,0.000,90.786,1.011
175.250,5.779,2500.000,2501.548,1.000,0.000,90.902,1.011
175.500,5.778,2500.000,2501.548,1.000,0.000,91.018,1.011
175.750,5.776,2500.000,2501.548,1.000,0.000,91.134,1.011
176.000,5.774,2500.000,2501.548,1.000,0.000,91.250,1.011
176.250,5.773,2500.000,2501.548,1.000,0.000,91.366,1.011
176.500,5.771,2500.000,2501.548,1.000,0.000,91.482,1.011
176.750,5.769,2500.000,2501.548,1.000,0.000,91.598,1.011
177.000,5.768,2500.000,2501.548,1.000,0.000,91.714,1.011
177.250,5.766,2500.000,2501.548,1.000,0.000,91.830,1.011
177.500,5.765,2500.000,2501.548,1.000,0.000,91.945,1.011
177.750,5.764,2500.000,2501.548,1.000,0.000,92.061,1.011
178.000,5.762,2500.000,2501.548,1.000,0.000,92.177,1.011
178.250,5.761,2500.000,2501.548,1.000,0.000,92.293,1.011
178.500,5.760,2500.000,2501.548,1.000,0.000,92.409,1.011
178.750,5.758,2500.000,2501.548,1.000,0.000,92.525,1.011
179.000,5.757,2500.000,2501.548,1.000,0.000,92.640,1.011
179.250,5.756,2500.000,2501.548,1.000,0.000,92.756,1.011
179.500,5.755,2500.000,2501.548,1.000,0.000,92.872,1.011
179.750,5.754,2500.000,2501.548,1.000,0.000,92.988,1.011
180.000,5.753,2500.000,2501.548,1.000,0.000,93.103,1.011
