CA_deg,P_bar,T_u_K,T_b_K,xb,ROHR_J_deg,NOx_ppm,knock_integral
-359.750,10.588,662.560,320.000,0.000,0.000,0.000,0.000
-359.500,10.585,662.530,320.000,0.000,0.000,0.000,0.000
-359.250,10.580,662.480,320.000,0.000,0.000,0.000,0.000
-359.000,10.574,662.410,320.000,0.000,0.000,0.000,0.000
-358.750,10.567,662.320,320.000,0.000,0.000,0.000,0.000
-358.500,10.559,662.211,320.000,0.000,0.000,0.000,0.000
-358.250,10.549,662.081,320.000,0.000,0.000,0.000,0.000
-358.000,10.539,661.932,320.000,0.000,0.000,0.000,0.000
-357.750,10.527,661.763,320.000,0.000,0.000,0.000,0.000
-357.500,10.514,661.574,320.000,0.000,0.000,0.000,0.000
-357.250,10.499,661.366,320.000,0.000,0.000,0.000,0.000
-357.000,10.484,661.138,320.000,0.000,0.000,0.000,0.000
-356.750,10.467,660.891,320.000,0.000,0.000,0.000,0.000
-356.500,10.450,660.625,320.000,0.000,0.000,0.000,0.000
-356.250,10.431,660.339,320.000,0.000,0.000,0.000,0.000
-356.000,10.410,660.034,320.000,0.000,0.000,0.000,0.000
-355.750,10.389,659.711,320.000,0.000,0.000,0.000,0.000
-355.500,10.367,659.368,320.000,0.000,0.000,0.000,0.000
-355.250,10.344,659.006,320.000,0.000,0.000,0.000,0.000
-355.000,10.319,658.626,320.000,0.000,0.000,0.000,0.000
-354.750,10.293,658.227,320.000,0.000,0.000,0.000,0.000
-354.500,10.267,657.810,320.000,0.000,0.000,0.000,0.000
-354.250,10.239,657.375,320.000,0.000,0.000,0.000,0.000
-354.000,10.210,656.922,320.000,0.000,0.000,0.000,0.000
-353.750,10.181,656.451,320.000,0.000,0.000,0.000,0.000
-353.500,10.150,655.962,320.000,0.000,0.000,0.000,0.000
-353.250,10.118,655.455,320.000,0.000,0.000,0.000,0.000
-353.000,10.086,654.932,320.000,0.000,0.000,0.000,0.000
-352.750,10.052,654.390,320.000,0.000,0.000,0.000,0.000
-352.500,10.018,653.832,320.000,0.000,0.000,0.000,0.000
-352.250,9.982,653.258,320.000,0.000,0.000,0.000,0.000
-352.000,9.946,652.666,320.000,0.000,0.000,0.000,0.000
-351.750,9.909,652.058,320.000,0.000,0.000,0.000,0.000
-351.500,9.871,651.434,320.000,0.000,0.000,0.000,0.000
-351.250,9.832,650.794,320.000,0.000,0.000,0.000,0.000
-351.000,9.793,650.138,320.000,0.000,0.000,0.000,0.000
-350.750,9.753,649.467,320.000,0.000,0.000,0.000,0.000
-350.500,9.711,648.780,320.000,0.000,0.000,0.000,0.000
-350.250,9.670,648.078,320.000,0.000,0.000,0.000,0.000
-350.000,9.627,647.361,320.000,0.000,0.000,0.000,0.000
-349.750,9.584,646.630,320.000,0.000,0.000,0.000,0.000
-349.500,9.540,645.884,320.000,0.000,0.000,0.000,0.000
-349.250,9.495,645.123,320.000,0.000,0.000,0.000,0.000
-349.000,9.450,644.349,320.000,0.000,0.000,0.000,0.000
-348.750,9.404,643.561,320.000,0.000,0.000,0.000,0.000
-348.500,9.358,642.760,320.000,0.000,0.000,0.000,0.000
-348.250,9.311,641.945,320.000,0.000,0.000,0.000,0.000
-348.000,9.264,641.117,320.000,0.000,0.000,0.000,0.000
-347.750,9.216,640.277,320.000,0.000,0.000,0.000,0.000
-347.500,9.167,639.424,320.000,0.000,0.000,0.000,0.000
-347.250,9.118,638.558,320.000,0.000,0.000,0.000,0.000
-347.000,9.069,637.681,320.000,0.000,0.000,0.000,0.000
-346.750,9.019,636.792,320.000,0.000,0.000,0.000,0.000
-346.500,8.968,635.891,320.000,0.000,0.000,0.000,0.000
-346.250,8.918,634.979,320.000,0.000,0.000,0.000,0.000
-346.000,8.867,634.056,320.000,0.000,0.000,0.000,0.000
-345.750,8.815,633.122,320.000,0.000,0.000,0.000,0.000
-345.500,8.763,632.178,320.000,0.000,0.000,0.000,0.000
-345.250,8.711,631.223,320.000,0.000,0.000,0.000,0.000
-345.000,8.659,630.258,320.000,0.000,0.000,0.000,0.000
-344.750,8.606,629.284,320.000,0.000,0.000,0.000,0.000
-344.500,8.553,628.300,320.000,0.000,0.000,0.000,0.000
-344.250,8.500,627.306,320.000,0.000,0.000,0.000,0.000
-344.000,8.447,626.304,320.000,0.000,0.000,0.000,0.000
-343.750,8.393,625.292,320.000,0.000,0.000,0.000,0.000
-343.500,8.339,624.272,320.000,0.000,0.000,0.000,0.000
-343.250,8.285,623.244,320.000,0.000,0.000,0.000,0.000
-343.000,8.231,622.208,320.000,0.000,0.000,0.000,0.000
-342.750,8.177,621.163,320.000,0.000,0.000,0.000,0.000
-342.500,8.123,620.112,320.000,0.000,0.000,0.000,0.000
-342.250,8.068,619.052,320.000,0.000,0.000,0.000,0.000
-342.000,8.014,617.986,320.000,0.000,0.000,0.000,0.000
-341.750,7.959,616.913,320.000,0.000,0.000,0.000,0.000
-341.500,7.905,615.833,320.000,0.000,0.000,0.000,0.000
-341.250,7.850,614.746,320.000,0.000,0.000,0.000,0.000
-341.000,7.795,613.654,320.000,0.000,0.000,0.000,0.000
-340.750,7.741,612.555,320.000,0.000,0.000,0.000,0.000
-340.500,7.686,611.451,320.000,0.000,0.000,0.000,0.000
-340.250,7.631,610.340,320.000,0.000,0.000,0.000,0.000
-340.000,7.577,609.225,320.000,0.000,0.000,0.000,0.000
-339.750,7.522,608.105,320.000,0.000,0.000,0.000,0.000
-339.500,7.468,606.979,320.000,0.000,0.000,0.000,0.000
-339.250,7.414,605.849,320.000,0.000,0.000,0.000,0.000
-339.000,7.359,604.714,320.000,0.000,0.000,0.000,0.000
-338.750,7.305,603.575,320.000,0.000,0.000,0.000,0.000
-338.500,7.251,602.432,320.000,0.000,0.000,0.000,0.000
-338.250,7.197,601.285,320.000,0.000,0.000,0.000,0.000
-338.000,7.143,600.135,320.000,0.000,0.000,0.000,0.000
-337.750,7.089,598.981,320.000,0.000,0.000,0.000,0.000
-337.500,7.036,597.823,320.000,0.000,0.000,0.000,0.000
-337.250,6.983,596.662,320.000,0.000,0.000,0.000,0.000
-337.000,6.929,595.499,320.000,0.000,0.000,0.000,0.000
-336.750,6.876,594.333,320.000,0.000,0.000,0.000,0.000
-336.500,6.824,593.164,320.000,0.000,0.000,0.000,0.000
-336.250,6.771,591.992,320.000,0.000,0.000,0.000,0.000
-336.000,6.719,590.819,320.000,0.000,0.000,0.000,0.000
-335.750,6.666,589.643,320.000,0.000,0.000,0.000,0.000
-335.500,6.615,588.466,320.000,0.000,0.000,0.000,0.000
-335.250,6.563,587.287,320.000,0.000,0.000,0.000,0.000
-335.000,6.511,586.106,320.000,0.000,0.000,0.000,0.000
-334.750,6.460,584.924,320.000,0.000,0.000,0.000,0.000
-334.500,6.409,583.740,320.000,0.000,0.000,0.000,0.000
-334.250,6.358,582.556,320.000,0.000,0.000,0.000,0.000
-334.000,6.308,581.371,320.000,0.000,0.000,0.000,0.000
-333.750,6.258,580.184,320.000,0.000,0.000,0.000,0.000
-333.500,6.208,578.998,320.000,0.000,0.000,0.000,0.000
-333.250,6.158,577.810,320.000,0.000,0.000,0.000,0.000
-333.000,6.109,576.623,320.000,0.000,0.000,0.000,0.000
-332.750,6.060,575.435,320.000,0.000,0.000,0.000,0.000
-332.500,6.011,574.247,320.000,0.000,0.000,0.000,0.000
-332.250,5.963,573.059,320.000,0.000,0.000,0.000,0.000
-332.000,5.915,571.871,320.000,0.000,0.000,0.000,0.000
-331.750,5.867,570.683,320.000,0.000,0.000,0.000,0.000
-331.500,5.819,569.496,320.000,0.000,0.000,0.000,0.000
-331.250,5.772,568.310,320.000,0.000,0.000,0.000,0.000
-331.000,5.725,567.124,320.000,0.000,0.000,0.000,0.000
-330.750,5.678,565.939,320.000,0.000,0.000,0.000,0.000
-330.500,5.632,564.755,320.000,0.000,0.000,0.000,0.000
-330.250,5.586,563.571,320.000,0.000,0.000,0.000,0.000
-330.000,5.541,562.389,320.000,0.000,0.000,0.000,0.000
-329.750,5.495,561.208,320.000,0.000,0.000,0.000,0.000
-329.500,5.450,560.029,320.000,0.000,0.000,0.000,0.000
-329.250,5.406,558.851,320.000,0.000,0.000,0.000,0.000
-329.000,5.361,557.674,320.000,0.000,0.000,0.000,0.000
-328.750,5.317,556.499,320.000,0.000,0.000,0.000,0.000
-328.500,5.274,555.326,320.000,0.000,0.000,0.000,0.000
-328.250,5.231,554.154,320.000,0.000,0.000,0.000,0.000
-328.000,5.188,552.984,320.000,0.000,0.000,0.000,0.000
-327.750,5.145,551.817,320.000,0.000,0.000,0.000,0.000
-327.500,5.103,550.651,320.000,0.000,0.000,0.000,0.000
-327.250,5.061,549.488,320.000,0.000,0.000,0.000,0.000
-327.000,5.019,548.326,320.000,0.000,0.000,0.000,0.000
-326.750,4.978,547.167,320.000,0.000,0.000,0.000,0.000
-326.500,4.937,546.011,320.000,0.000,0.000,0.000,0.000
-326.250,4.896,544.856,320.000,0.000,0.000,0.000,0.000
-326.000,4.856,543.705,320.000,0.000,0.000,0.000,0.000
-325.750,4.816,542.555,320.000,0.000,0.000,0.000,0.000
-325.500,4.777,541.409,320.000,0.000,0.000,0.000,0.000
-325.250,4.737,540.265,320.000,0.000,0.000,0.000,0.000
-325.000,4.699,539.124,320.000,0.000,0.000,0.000,0.000
-324.750,4.660,537.986,320.000,0.000,0.000,0.000,0.000
-324.500,4.622,536.850,320.000,0.000,0.000,0.000,0.000
-324.250,4.584,535.718,320.000,0.000,0.000,0.000,0.000
-324.000,4.546,534.589,320.000,0.000,0.000,0.000,0.000
-323.750,4.509,533.462,320.000,0.000,0.000,0.000,0.000
-323.500,4.472,532.339,320.000,0.000,0.000,0.000,0.000
-323.250,4.436,531.219,320.000,0.000,0.000,0.000,0.000
-323.000,4.399,530.102,320.000,0.000,0.000,0.000,0.000
-322.750,4.364,528.989,320.000,0.000,0.000,0.000,0.000
-322.500,4.328,527.878,320.000,0.000,0.000,0.000,0.000
-322.250,4.293,526.772,320.000,0.000,0.000,0.000,0.000
-322.000,4.258,525.668,320.000,0.000,0.000,0.000,0.000
-321.750,4.223,524.568,320.000,0.000,0.000,0.000,0.000
-321.500,4.189,523.471,320.000,0.000,0.000,0.000,0.000
-321.250,4.155,522.378,320.000,0.000,0.000,0.000,0.000
-321.000,4.121,521.288,320.000,0.000,0.000,0.000,0.000
-320.750,4.088,520.202,320.000,0.000,0.000,0.000,0.000
-320.500,4.055,519.120,320.000,0.000,0.000,0.000,0.000
-320.250,4.022,518.041,320.000,0.000,0.000,0.000,0.000
-320.000,3.990,516.966,320.000,0.000,0.000,0.000,0.000
-319.750,3.958,515.895,320.000,0.000,0.000,0.000,0.000
-319.500,3.926,514.827,320.000,0.000,0.000,0.000,0.000
-319.250,3.894,513.763,320.000,0.000,0.000,0.000,0.000
-319.000,3.863,512.703,320.000,0.000,0.000,0.000,0.000
-318.750,3.832,511.647,320.000,0.000,0.000,0.000,0.000
-318.500,3.802,510.594,320.000,0.000,0.000,0.000,0.000
-318.250,3.771,509.546,320.000,0.000,0.000,0.000,0.000
-318.000,3.741,508.501,320.000,0.000,0.000,0.000,0.000
-317.750,3.712,507.460,320.000,0.000,0.000,0.000,0.000
-317.500,3.682,506.423,320.000,0.000,0.000,0.000,0.000
-317.250,3.653,505.390,320.000,0.000,0.000,0.000,0.000
-317.000,3.624,504.361,320.000,0.000,0.000,0.000,0.000
-316.750,3.595,503.336,320.000,0.000,0.000,0.000,0.000
-316.500,3.567,502.315,320.000,0.000,0.000,0.000,0.000
-316.250,3.539,501.298,320.000,0.000,0.000,0.000,0.000
-316.000,3.511,500.285,320.000,0.000,0.000,0.000,0.000
-315.750,3.484,499.276,320.000,0.000,0.000,0.000,0.000
-315.500,3.457,498.271,320.000,0.000,0.000,0.000,0.000
-315.250,3.430,497.270,320.000,0.000,0.000,0.000,0.000
-315.000,3.403,496.273,320.000,0.000,0.000,0.000,0.000
-314.750,3.377,495.280,320.000,0.000,0.000,0.000,0.000
-314.500,3.351,494.292,320.000,0.000,0.000,0.000,0.000
-314.250,3.325,493.307,320.000,0.000,0.000,0.000,0.000
-314.000,3.299,492.327,320.000,0.000,0.000,0.000,0.000
-313.750,3.274,491.350,320.000,0.000,0.000,0.000,0.000
-313.500,3.248,490.378,320.000,0.000,0.000,0.000,0.000
-313.250,3.224,489.410,320.000,0.000,0.000,0.000,0.000
-313.000,3.199,488.446,320.000,0.000,0.000,0.000,0.000
-312.750,3.175,487.486,320.000,0.000,0.000,0.000,0.000
-312.500,3.150,486.530,320.000,0.000,0.000,0.000,0.000
-312.250,3.127,485.578,320.000,0.000,0.000,0.000,0.000
-312.000,3.103,484.631,320.000,0.000,0.000,0.000,0.000
-311.750,3.079,483.687,320.000,0.000,0.000,0.000,0.000
-311.500,3.056,482.748,320.000,0.000,0.000,0.000,0.000
-311.250,3.033,481.813,320.000,0.000,0.000,0.000,0.000
-311.000,3.011,480.882,320.000,0.000,0.000,0.000,0.000
-310.750,2.988,479.955,320.000,0.000,0.000,0.000,0.000
-310.500,2.966,479.033,320.000,0.000,0.000,0.000,0.000
-310.250,2.944,478.114,320.000,0.000,0.000,0.000,0.000
-310.000,2.922,477.199,320.000,0.000,0.000,0.000,0.000
-309.750,2.900,476.289,320.000,0.000,0.000,0.000,0.000
-309.500,2.879,475.383,320.000,0.000,0.000,0.000,0.000
-309.250,2.858,474.481,320.000,0.000,0.000,0.000,0.000
-309.000,2.837,473.583,320.000,0.000,0.000,0.000,0.000
-308.750,2.816,472.689,320.000,0.000,0.000,0.000,0.000
-308.500,2.795,471.799,320.000,0.000,0.000,0.000,0.000
-308.250,2.775,470.914,320.000,0.000,0.000,0.000,0.000
-308.000,2.755,470.032,320.000,0.000,0.000,0.000,0.000
-307.750,2.735,469.154,320.000,0.000,0.000,0.000,0.000
-307.500,2.715,468.281,320.000,0.000,0.000,0.000,0.000
-307.250,2.696,467.412,320.000,0.000,0.000,0.000,0.000
-307.000,2.676,466.547,320.000,0.000,0.000,0.000,0.000
-306.750,2.657,465.685,320.000,0.000,0.000,0.000,0.000
-306.500,2.638,464.828,320.000,0.000,0.000,0.000,0.000
-306.250,2.620,463.975,320.000,0.000,0.000,0.000,0.000
-306.000,2.601,463.126,320.000,0.000,0.000,0.000,0.000
-305.750,2.583,462.281,320.000,0.000,0.000,0.000,0.000
-305.500,2.564,461.440,320.000,0.000,0.000,0.000,0.000
-305.250,2.546,460.603,320.000,0.000,0.000,0.000,0.000
-305.000,2.528,459.770,320.000,0.000,0.000,0.000,0.000
-304.750,2.511,458.941,320.000,0.000,0.000,0.000,0.000
-304.500,2.493,458.116,320.000,0.000,0.000,0.000,0.000
-304.250,2.476,457.295,320.000,0.000,0.000,0.000,0.000
-304.000,2.459,456.478,320.000,0.000,0.000,0.000,0.000
-303.750,2.442,455.665,320.000,0.000,0.000,0.000,0.000
-303.500,2.425,454.856,320.000,0.000,0.000,0.000,0.000
-303.250,2.408,454.051,320.000,0.000,0.000,0.000,0.000
-303.000,2.392,453.249,320.000,0.000,0.000,0.000,0.000
-302.750,2.376,452.452,320.000,0.000,0.000,0.000,0.000
-302.500,2.360,451.658,320.000,0.000,0.000,0.000,0.000
-302.250,2.344,450.869,320.000,0.000,0.000,0.000,0.000
-302.000,2.328,450.083,320.000,0.000,0.000,0.000,0.000
-301.750,2.312,449.301,320.000,0.000,0.000,0.000,0.000
-301.500,2.297,448.523,320.000,0.000,0.000,0.000,0.000
-301.250,2.281,447.749,320.000,0.000,0.000,0.000,0.000
-301.000,2.266,446.978,320.000,0.000,0.000,0.000,0.000
-300.750,2.251,446.212,320.000,0.000,0.000,0.000,0.000
-300.500,2.236,445.449,320.000,0.000,0.000,0.000,0.000
-300.250,2.221,444.690,320.000,0.000,0.000,0.000,0.000
-300.000,2.207,443.935,320.000,0.000,0.000,0.000,0.000
-299.750,2.192,443.184,320.000,0.000,0.000,0.000,0.000
-299.500,2.178,442.436,320.000,0.000,0.000,0.000,0.000
-299.250,2.164,441.692,320.000,0.000,0.000,0.000,0.000
-299.000,2.150,440.952,320.000,0.000,0.000,0.000,0.000
-298.750,2.136,440.215,320.000,0.000,0.000,0.000,0.000
-298.500,2.122,439.482,320.000,0.000,0.000,0.000,0.000
-298.250,2.108,438.753,320.000,0.000,0.000,0.000,0.000
-298.000,2.095,438.028,320.000,0.000,0.000,0.000,0.000
-297.750,2.081,437.306,320.000,0.000,0.000,0.000,0.000
-297.500,2.068,436.588,320.000,0.000,0.000,0.000,0.000
-297.250,2.055,435.873,320.000,0.000,0.000,0.000,0.000
-297.000,2.042,435.162,320.000,0.000,0.000,0.000,0.000
-296.750,2.029,434.455,320.000,0.000,0.000,0.000,0.000
-296.500,2.017,433.751,320.000,0.000,0.000,0.000,0.000
-296.250,2.004,433.051,320.000,0.000,0.000,0.000,0.000
-296.000,1.991,432.354,320.000,0.000,0.000,0.000,0.000
-295.750,1.979,431.661,320.000,0.000,0.000,0.000,0.000
-295.500,1.967,430.972,320.000,0.000,0.000,0.000,0.000
-295.250,1.955,430.286,320.000,0.000,0.000,0.000,0.000
-295.000,1.943,429.603,320.000,0.000,0.000,0.000,0.000
-294.750,1.931,428.924,320.000,0.000,0.000,0.000,0.000
-294.500,1.919,428.249,320.000,0.000,0.000,0.000,0.000
-294.250,1.907,427.577,320.000,0.000,0.000,0.000,0.000
-294.000,1.896,426.908,320.000,0.000,0.000,0.000,0.000
-293.750,1.884,426.243,320.000,0.000,0.000,0.000,0.000
-293.500,1.873,425.581,320.000,0.000,0.000,0.000,0.000
-293.250,1.862,424.923,320.000,0.000,0.000,0.000,0.000
-293.000,1.851,424.268,320.000,0.000,0.000,0.000,0.000
-292.750,1.840,423.616,320.000,0.000,0.000,0.000,0.000
-292.500,1.829,422.968,320.000,0.000,0.000,0.000,0.000
-292.250,1.818,422.323,320.000,0.000,0.000,0.000,0.000
-292.000,1.807,421.681,320.000,0.000,0.000,0.000,0.000
-291.750,1.797,421.043,320.000,0.000,0.000,0.000,0.000
-291.500,1.786,420.408,320.000,0.000,0.000,0.000,0.000
-291.250,1.776,419.776,320.000,0.000,0.000,0.000,0.000
-291.000,1.766,419.148,320.000,0.000,0.000,0.000,0.000
-290.750,1.755,418.522,320.000,0.000,0.000,0.000,0.000
-290.500,1.745,417.900,320.000,0.000,0.000,0.000,0.000
-290.250,1.735,417.282,320.000,0.000,0.000,0.000,0.000
-290.000,1.725,416.666,320.000,0.000,0.000,0.000,0.000
-289.750,1.716,416.054,320.000,0.000,0.000,0.000,0.000
-289.500,1.706,415.445,320.000,0.000,0.000,0.000,0.000
-289.250,1.696,414.839,320.000,0.000,0.000,0.000,0.000
-289.000,1.687,414.236,320.000,0.000,0.000,0.000,0.000
-288.750,1.677,413.636,320.000,0.000,0.000,0.000,0.000
-288.500,1.668,413.040,320.000,0.000,0.000,0.000,0.000
-288.250,1.659,412.446,320.000,0.000,0.000,0.000,0.000
-288.000,1.649,411.856,320.000,0.000,0.000,0.000,0.000
-287.750,1.640,411.269,320.000,0.000,0.000,0.000,0.000
-287.500,1.631,410.685,320.000,0.000,0.000,0.000,0.000
-287.250,1.622,410.104,320.000,0.000,0.000,0.000,0.000
-287.000,1.614,409.525,320.000,0.000,0.000,0.000,0.000
-286.750,1.605,408.950,320.000,0.000,0.000,0.000,0.000
-286.500,1.596,408.378,320.000,0.000,0.000,0.000,0.000
-286.250,1.587,407.809,320.000,0.000,0.000,0.000,0.000
-286.000,1.579,407.243,320.000,0.000,0.000,0.000,0.000
-285.750,1.571,406.680,320.000,0.000,0.000,0.000,0.000
-285.500,1.562,406.120,320.000,0.000,0.000,0.000,0.000
-285.250,1.554,405.563,320.000,0.000,0.000,0.000,0.000
-285.000,1.546,405.009,320.000,0.000,0.000,0.000,0.000
-284.750,1.537,404.458,320.000,0.000,0.000,0.000,0.000
-284.500,1.529,403.909,320.000,0.000,0.000,0.000,0.000
-284.250,1.521,403.364,320.000,0.000,0.000,0.000,0.000
-284.000,1.514,402.821,320.000,0.000,0.000,0.000,0.000
-283.750,1.506,402.281,320.000,0.000,0.000,0.000,0.000
-283.500,1.498,401.744,320.000,0.000,0.000,0.000,0.000
-283.250,1.490,401.210,320.000,0.000,0.000,0.000,0.000
-283.000,1.483,400.679,320.000,0.000,0.000,0.000,0.000
-282.750,1.475,400.150,320.000,0.000,0.000,0.000,0.000
-282.500,1.468,399.625,320.000,0.000,0.000,0.000,0.000
-282.250,1.460,399.102,320.000,0.000,0.000,0.000,0.000
-282.000,1.453,398.582,320.000,0.000,0.000,0.000,0.000
-281.750,1.445,398.064,320.000,0.000,0.000,0.000,0.000
-281.500,1.438,397.550,320.000,0.000,0.000,0.000,0.000
-281.250,1.431,397.038,320.000,0.000,0.000,0.000,0.000
-281.000,1.424,396.529,320.000,0.000,0.000,0.000,0.000
-280.750,1.417,396.022,320.000,0.000,0.000,0.000,0.000
-280.500,1.410,395.518,320.000,0.000,0.000,0.000,0.000
-280.250,1.403,395.017,320.000,0.000,0.000,0.000,0.000
-280.000,1.396,394.519,320.000,0.000,0.000,0.000,0.000
-279.750,1.389,394.023,320.000,0.000,0.000,0.000,0.000
-279.500,1.383,393.530,320.000,0.000,0.000,0.000,0.000
-279.250,1.376,393.039,320.000,0.000,0.000,0.000,0.000
-279.000,1.369,392.551,320.000,0.000,0.000,0.000,0.000
-278.750,1.363,392.066,320.000,0.000,0.000,0.000,0.000
-278.500,1.356,391.583,320.000,0.000,0.000,0.000,0.000
-278.250,1.350,391.103,320.000,0.000,0.000,0.000,0.000
-278.000,1.344,390.626,320.000,0.000,0.000,0.000,0.000
-277.750,1.337,390.151,320.000,0.000,0.000,0.000,0.000
-277.500,1.331,389.678,320.000,0.000,0.000,0.000,0.000
-277.250,1.325,389.208,320.000,0.000,0.000,0.000,0.000
-277.000,1.319,388.741,320.000,0.000,0.000,0.000,0.000
-276.750,1.313,388.276,320.000,0.000,0.000,0.000,0.000
-276.500,1.306,387.813,320.000,0.000,0.000,0.000,0.000
-276.250,1.301,387.353,320.000,0.000,0.000,0.000,0.000
-276.000,1.295,386.896,320.000,0.000,0.000,0.000,0.000
-275.750,1.289,386.441,320.000,0.000,0.000,0.000,0.000
-275.500,1.283,385.988,320.000,0.000,0.000,0.000,0.000
-275.250,1.277,385.538,320.000,0.000,0.000,0.000,0.000
-275.000,1.271,385.090,320.000,0.000,0.000,0.000,0.000
-274.750,1.266,384.644,320.000,0.000,0.000,0.000,0.000
-274.500,1.260,384.201,320.000,0.000,0.000,0.000,0.000
-274.250,1.254,383.761,320.000,0.000,0.000,0.000,0.000
-274.000,1.249,383.323,320.000,0.000,0.000,0.000,0.000
-273.750,1.243,382.887,320.000,0.000,0.000,0.000,0.000
-273.500,1.238,382.453,320.000,0.000,0.000,0.000,0.000
-273.250,1.233,382.022,320.000,0.000,0.000,0.000,0.000
-273.000,1.227,381.593,320.000,0.000,0.000,0.000,0.000
-272.750,1.222,381.166,320.000,0.000,0.000,0.000,0.000
-272.500,1.217,380.742,320.000,0.000,0.000,0.000,0.000
-272.250,1.211,380.320,320.000,0.000,0.000,0.000,0.000
-272.000,1.206,379.900,320.000,0.000,0.000,0.000,0.000
-271.750,1.201,379.483,320.000,0.000,0.000,0.000,0.000
-271.500,1.196,379.068,320.000,0.000,0.000,0.000,0.000
-271.250,1.191,378.655,320.000,0.000,0.000,0.000,0.000
-271.000,1.186,378.244,320.000,0.000,0.000,0.000,0.000
-270.750,1.181,377.835,320.000,0.000,0.000,0.000,0.000
-270.500,1.176,377.429,320.000,0.000,0.000,0.000,0.000
-270.250,1.171,377.025,320.000,0.000,0.000,0.000,0.000
-270.000,1.167,376.623,320.000,0.000,0.000,0.000,0.000
-269.750,1.162,376.223,320.000,0.000,0.000,0.000,0.000
-269.500,1.157,375.826,320.000,0.000,0.000,0.000,0.000
-269.250,1.152,375.431,320.000,0.000,0.000,0.000,0.000
-269.000,1.148,375.037,320.000,0.000,0.000,0.000,0.000
-268.750,1.143,374.646,320.000,0.000,0.000,0.000,0.000
-268.500,1.138,374.257,320.000,0.000,0.000,0.000,0.000
-268.250,1.134,373.870,320.000,0.000,0.000,0.000,0.000
-268.000,1.129,373.486,320.000,0.000,0.000,0.000,0.000
-267.750,1.125,373.103,320.000,0.000,0.000,0.000,0.000
-267.500,1.120,372.722,320.000,0.000,0.000,0.000,0.000
-267.250,1.116,372.344,320.000,0.000,0.000,0.000,0.000
-267.000,1.112,371.967,320.000,0.000,0.000,0.000,0.000
-266.750,1.107,371.593,320.000,0.000,0.000,0.000,0.000
-266.500,1.103,371.221,320.000,0.000,0.000,0.000,0.000
-266.250,1.099,370.850,320.000,0.000,0.000,0.000,0.000
-266.000,1.095,370.482,320.000,0.000,0.000,0.000,0.000
-265.750,1.090,370.116,320.000,0.000,0.000,0.000,0.000
-265.500,1.086,369.752,320.000,0.000,0.000,0.000,0.000
-265.250,1.082,369.389,320.000,0.000,0.000,0.000,0.000
-265.000,1.078,369.029,320.000,0.000,0.000,0.000,0.000
-264.750,1.074,368.671,320.000,0.000,0.000,0.000,0.000
-264.500,1.070,368.314,320.000,0.000,0.000,0.000,0.000
-264.250,1.066,367.960,320.000,0.000,0.000,0.000,0.000
-264.000,1.062,367.608,320.000,0.000,0.000,0.000,0.000
-263.750,1.058,367.257,320.000,0.000,0.000,0.000,0.000
-263.500,1.054,366.909,320.000,0.000,0.000,0.000,0.000
-263.250,1.051,366.562,320.000,0.000,0.000,0.000,0.000
-263.000,1.047,366.217,320.000,0.000,0.000,0.000,0.000
-262.750,1.043,365.874,320.000,0.000,0.000,0.000,0.000
-262.500,1.039,365.533,320.000,0.000,0.000,0.000,0.000
-262.250,1.035,365.194,320.000,0.000,0.000,0.000,0.000
-262.000,1.032,364.857,320.000,0.000,0.000,0.000,0.000
-261.750,1.028,364.522,320.000,0.000,0.000,0.000,0.000
-261.500,1.024,364.188,320.000,0.000,0.000,0.000,0.000
-261.250,1.021,363.857,320.000,0.000,0.000,0.000,0.000
-261.000,1.017,363.527,320.000,0.000,0.000,0.000,0.000
-260.750,1.014,363.199,320.000,0.000,0.000,0.000,0.000
-260.500,1.010,362.873,320.000,0.000,0.000,0.000,0.000
-260.250,1.007,362.548,320.000,0.000,0.000,0.000,0.000
-260.000,1.003,362.226,320.000,0.000,0.000,0.000,0.000
-259.750,1.000,361.905,320.000,0.000,0.000,0.000,0.000
-259.500,0.996,361.586,320.000,0.000,0.000,0.000,0.000
-259.250,0.993,361.269,320.000,0.000,0.000,0.000,0.000
-259.000,0.990,360.954,320.000,0.000,0.000,0.000,0.000
-258.750,0.986,360.640,320.000,0.000,0.000,0.000,0.000
-258.500,0.983,360.328,320.000,0.000,0.000,0.000,0.000
-258.250,0.980,360.018,320.000,0.000,0.000,0.000,0.000
-258.000,0.977,359.710,320.000,0.000,0.000,0.000,0.000
-257.750,0.973,359.403,320.000,0.000,0.000,0.000,0.000
-257.500,0.970,359.098,320.000,0.000,0.000,0.000,0.000
-257.250,0.967,358.795,320.000,0.000,0.000,0.000,0.000
-257.000,0.964,358.493,320.000,0.000,0.000,0.000,0.000
-256.750,0.961,358.193,320.000,0.000,0.000,0.000,0.000
-256.500,0.958,357.895,320.000,0.000,0.000,0.000,0.000
-256.250,0.955,357.598,320.000,0.000,0.000,0.000,0.000
-256.000,0.952,357.304,320.000,0.000,0.000,0.000,0.000
-255.750,0.949,357.010,320.000,0.000,0.000,0.000,0.000
-255.500,0.946,356.719,320.000,0.000,0.000,0.000,0.000
-255.250,0.943,356.429,320.000,0.000,0.000,0.000,0.000
-255.000,0.940,356.141,320.000,0.000,0.000,0.000,0.000
-254.750,0.937,355.854,320.000,0.000,0.000,0.000,0.000
-254.500,0.934,355.569,320.000,0.000,0.000,0.000,0.000
-254.250,0.931,355.286,320.000,0.000,0.000,0.000,0.000
-254.000,0.928,355.004,320.000,0.000,0.000,0.000,0.000
-253.750,0.925,354.724,320.000,0.000,0.000,0.000,0.000
-253.500,0.923,354.445,320.000,0.000,0.000,0.000,0.000
-253.250,0.920,354.168,320.000,0.000,0.000,0.000,0.000
-253.000,0.917,353.893,320.000,0.000,0.000,0.000,0.000
-252.750,0.914,353.619,320.000,0.000,0.000,0.000,0.000
-252.500,0.912,353.346,320.000,0.000,0.000,0.000,0.000
-252.250,0.909,353.076,320.000,0.000,0.000,0.000,0.000
-252.000,0.906,352.806,320.000,0.000,0.000,0.000,0.000
-251.750,0.904,352.539,320.000,0.000,0.000,0.000,0.000
-251.500,0.901,352.273,320.000,0.000,0.000,0.000,0.000
-251.250,0.898,352.008,320.000,0.000,0.000,0.000,0.000
-251.000,0.896,351.745,320.000,0.000,0.000,0.000,0.000
-250.750,0.893,351.483,320.000,0.000,0.000,0.000,0.000
-250.500,0.891,351.223,320.000,0.000,0.000,0.000,0.000
-250.250,0.888,350.965,320.000,0.000,0.000,0.000,0.000
-250.000,0.886,350.707,320.000,0.000,0.000,0.000,0.000
-249.750,0.883,350.452,320.000,0.000,0.000,0.000,0.000
-249.500,0.881,350.198,320.000,0.000,0.000,0.000,0.000
-249.250,0.878,349.945,320.000,0.000,0.000,0.000,0.000
-249.000,0.876,349.694,320.000,0.000,0.000,0.000,0.000
-248.750,0.873,349.444,320.000,0.000,0.000,0.000,0.000
-248.500,0.871,349.196,320.000,0.000,0.000,0.000,0.000
-248.250,0.869,348.949,320.000,0.000,0.000,0.000,0.000
-248.000,0.866,348.703,320.000,0.000,0.000,0.000,0.000
-247.750,0.864,348.459,320.000,0.000,0.000,0.000,0.000
-247.500,0.862,348.217,320.000,0.000,0.000,0.000,0.000
-247.250,0.859,347.976,320.000,0.000,0.000,0.000,0.000
-247.000,0.857,347.736,320.000,0.000,0.000,0.000,0.000
-246.750,0.855,347.498,320.000,0.000,0.000,0.000,0.000
-246.500,0.853,347.261,320.000,0.000,0.000,0.000,0.000
-246.250,0.850,347.025,320.000,0.000,0.000,0.000,0.000
-246.000,0.848,346.791,320.000,0.000,0.000,0.000,0.000
-245.750,0.846,346.558,320.000,0.000,0.000,0.000,0.000
-245.500,0.844,346.327,320.000,0.000,0.000,0.000,0.000
-245.250,0.842,346.096,320.000,0.000,0.000,0.000,0.000
-245.000,0.839,345.868,320.000,0.000,0.000,0.000,0.000
-244.750,0.837,345.640,320.000,0.000,0.000,0.000,0.000
-244.500,0.835,345.414,320.000,0.000,0.000,0.000,0.000
-244.250,0.833,345.190,320.000,0.000,0.000,0.000,0.000
-244.000,0.831,344.966,320.000,0.000,0.000,0.000,0.000
-243.750,0.829,344.744,320.000,0.000,0.000,0.000,0.000
-243.500,0.827,344.524,320.000,0.000,0.000,0.000,0.000
-243.250,0.825,344.304,320.000,0.000,0.000,0.000,0.000
-243.000,0.823,344.086,320.000,0.000,0.000,0.000,0.000
-242.750,0.821,343.869,320.000,0.000,0.000,0.000,0.000
-242.500,0.819,343.654,320.000,0.000,0.000,0.000,0.000
-242.250,0.817,343.440,320.000,0.000,0.000,0.000,0.000
-242.000,0.815,343.227,320.000,0.000,0.000,0.000,0.000
-241.750,0.813,343.015,320.000,0.000,0.000,0.000,0.000
-241.500,0.811,342.805,320.000,0.000,0.000,0.000,0.000
-241.250,0.809,342.596,320.000,0.000,0.000,0.000,0.000
-241.000,0.807,342.388,320.000,0.000,0.000,0.000,0.000
-240.750,0.806,342.181,320.000,0.000,0.000,0.000,0.000
-240.500,0.804,341.976,320.000,0.000,0.000,0.000,0.000
-240.250,0.802,341.772,320.000,0.000,0.000,0.000,0.000
-240.000,0.800,341.569,320.000,0.000,0.000,0.000,0.000
-239.750,0.798,341.368,320.000,0.000,0.000,0.000,0.000
-239.500,0.796,341.167,320.000,0.000,0.000,0.000,0.000
-239.250,0.795,340.968,320.000,0.000,0.000,0.000,0.000
-239.000,0.793,340.770,320.000,0.000,0.000,0.000,0.000
-238.750,0.791,340.574,320.000,0.000,0.000,0.000,0.000
-238.500,0.789,340.378,320.000,0.000,0.000,0.000,0.000
-238.250,0.788,340.184,320.000,0.000,0.000,0.000,0.000
-238.000,0.786,339.991,320.000,0.000,0.000,0.000,0.000
-237.750,0.784,339.799,320.000,0.000,0.000,0.000,0.000
-237.500,0.782,339.608,320.000,0.000,0.000,0.000,0.000
-237.250,0.781,339.419,320.000,0.000,0.000,0.000,0.000
-237.000,0.779,339.231,320.000,0.000,0.000,0.000,0.000
-236.750,0.777,339.044,320.000,0.000,0.000,0.000,0.000
-236.500,0.776,338.858,320.000,0.000,0.000,0.000,0.000
-236.250,0.774,338.673,320.000,0.000,0.000,0.000,0.000
-236.000,0.773,338.489,320.000,0.000,0.000,0.000,0.000
-235.750,0.771,338.307,320.000,0.000,0.000,0.000,0.000
-235.500,0.769,338.125,320.000,0.000,0.000,0.000,0.000
-235.250,0.768,337.945,320.000,0.000,0.000,0.000,0.000
-235.000,0.766,337.766,320.000,0.000,0.000,0.000,0.000
-234.750,0.765,337.588,320.000,0.000,0.000,0.000,0.000
-234.500,0.763,337.411,320.000,0.000,0.000,0.000,0.000
-234.250,0.762,337.236,320.000,0.000,0.000,0.000,0.000
-234.000,0.760,337.061,320.000,0.000,0.000,0.000,0.000
-233.750,0.759,336.888,320.000,0.000,0.000,0.000,0.000
-233.500,0.757,336.715,320.000,0.000,0.000,0.000,0.000
-233.250,0.756,336.544,320.000,0.000,0.000,0.000,0.000
-233.000,0.754,336.374,320.000,0.000,0.000,0.000,0.000
-232.750,0.753,336.205,320.000,0.000,0.000,0.000,0.000
-232.500,0.751,336.037,320.000,0.000,0.000,0.000,0.000
-232.250,0.750,335.870,320.000,0.000,0.000,0.000,0.000
-232.000,0.748,335.704,320.000,0.000,0.000,0.000,0.000
-231.750,0.747,335.540,320.000,0.000,0.000,0.000,0.000
-231.500,0.746,335.376,320.000,0.000,0.000,0.000,0.000
-231.250,0.744,335.214,320.000,0.000,0.000,0.000,0.000
-231.000,0.743,335.052,320.000,0.000,0.000,0.000,0.000
-230.750,0.741,334.892,320.000,0.000,0.000,0.000,0.000
-230.500,0.740,334.732,320.000,0.000,0.000,0.000,0.000
-230.250,0.739,334.574,320.000,0.000,0.000,0.000,0.000
-230.000,0.737,334.417,320.000,0.000,0.000,0.000,0.000
-229.750,0.736,334.261,320.000,0.000,0.000,0.000,0.000
-229.500,0.735,334.105,320.000,0.000,0.000,0.000,0.000
-229.250,0.734,333.951,320.000,0.000,0.000,0.000,0.000
-229.000,0.732,333.798,320.000,0.000,0.000,0.000,0.000
-228.750,0.731,333.646,320.000,0.000,0.000,0.000,0.000
-228.500,0.730,333.495,320.000,0.000,0.000,0.000,0.000
-228.250,0.728,333.345,320.000,0.000,0.000,0.000,0.000
-228.000,0.727,333.196,320.000,0.000,0.000,0.000,0.000
-227.750,0.726,333.048,320.000,0.000,0.000,0.000,0.000
-227.500,0.725,332.901,320.000,0.000,0.000,0.000,0.000
-227.250,0.723,332.755,320.000,0.000,0.000,0.000,0.000
-227.000,0.722,332.610,320.000,0.000,0.000,0.000,0.000
-226.750,0.721,332.466,320.000,0.000,0.000,0.000,0.000
-226.500,0.720,332.323,320.000,0.000,0.000,0.000,0.000
-226.250,0.719,332.181,320.000,0.000,0.000,0.000,0.000
-226.000,0.718,332.040,320.000,0.000,0.000,0.000,0.000
-225.750,0.716,331.900,320.000,0.000,0.000,0.000,0.000
-225.500,0.715,331.761,320.000,0.000,0.000,0.000,0.000
-225.250,0.714,331.623,320.000,0.000,0.000,0.000,0.000
-225.000,0.713,331.486,320.000,0.000,0.000,0.000,0.000
-224.750,0.712,331.349,320.000,0.000,0.000,0.000,0.000
-224.500,0.711,331.214,320.000,0.000,0.000,0.000,0.000
-224.250,0.710,331.080,320.000,0.000,0.000,0.000,0.000
-224.000,0.709,330.947,320.000,0.000,0.000,0.000,0.000
-223.750,0.707,330.814,320.000,0.000,0.000,0.000,0.000
-223.500,0.706,330.683,320.000,0.000,0.000,0.000,0.000
-223.250,0.705,330.553,320.000,0.000,0.000,0.000,0.000
-223.000,0.704,330.423,320.000,0.000,0.000,0.000,0.000
-222.750,0.703,330.295,320.000,0.000,0.000,0.000,0.000
-222.500,0.702,330.167,320.000,0.000,0.000,0.000,0.000
-222.250,0.701,330.040,320.000,0.000,0.000,0.000,0.000
-222.000,0.700,329.914,320.000,0.000,0.000,0.000,0.000
-221.750,0.699,329.790,320.000,0.000,0.000,0.000,0.000
-221.500,0.698,329.666,320.000,0.000,0.000,0.000,0.000
-221.250,0.697,329.543,320.000,0.000,0.000,0.000,0.000
-221.000,0.696,329.421,320.000,0.000,0.000,0.000,0.000
-220.750,0.695,329.299,320.000,0.000,0.000,0.000,0.000
-220.500,0.694,329.179,320.000,0.000,0.000,0.000,0.000
-220.250,0.693,329.060,320.000,0.000,0.000,0.000,0.000
-220.000,0.692,328.941,320.000,0.000,0.000,0.000,0.000
-219.750,0.691,328.824,320.000,0.000,0.000,0.000,0.000
-219.500,0.690,328.707,320.000,0.000,0.000,0.000,0.000
-219.250,0.689,328.591,320.000,0.000,0.000,0.000,0.000
-219.000,0.688,328.476,320.000,0.000,0.000,0.000,0.000
-218.750,0.688,328.362,320.000,0.000,0.000,0.000,0.000
-218.500,0.687,328.249,320.000,0.000,0.000,0.000,0.000
-218.250,0.686,328.137,320.000,0.000,0.000,0.000,0.000
-218.000,0.685,328.026,320.000,0.000,0.000,0.000,0.000
-217.750,0.684,327.915,320.000,0.000,0.000,0.000,0.000
-217.500,0.683,327.805,320.000,0.000,0.000,0.000,0.000
-217.250,0.682,327.697,320.000,0.000,0.000,0.000,0.000
-217.000,0.681,327.589,320.000,0.000,0.000,0.000,0.000
-216.750,0.681,327.482,320.000,0.000,0.000,0.000,0.000
-216.500,0.680,327.376,320.000,0.000,0.000,0.000,0.000
-216.250,0.679,327.270,320.000,0.000,0.000,0.000,0.000
-216.000,0.678,327.166,320.000,0.000,0.000,0.000,0.000
-215.750,0.677,327.062,320.000,0.000,0.000,0.000,0.000
-215.500,0.676,326.959,320.000,0.000,0.000,0.000,0.000
-215.250,0.676,326.857,320.000,0.000,0.000,0.000,0.000
-215.000,0.675,326.756,320.000,0.000,0.000,0.000,0.000
-214.750,0.674,326.656,320.000,0.000,0.000,0.000,0.000
-214.500,0.673,326.557,320.000,0.000,0.000,0.000,0.000
-214.250,0.672,326.458,320.000,0.000,0.000,0.000,0.000
-214.000,0.672,326.360,320.000,0.000,0.000,0.000,0.000
-213.750,0.671,326.263,320.000,0.000,0.000,0.000,0.000
-213.500,0.670,326.167,320.000,0.000,0.000,0.000,0.000
-213.250,0.669,326.072,320.000,0.000,0.000,0.000,0.000
-213.000,0.669,325.978,320.000,0.000,0.000,0.000,0.000
-212.750,0.668,325.884,320.000,0.000,0.000,0.000,0.000
-212.500,0.667,325.791,320.000,0.000,0.000,0.000,0.000
-212.250,0.667,325.699,320.000,0.000,0.000,0.000,0.000
-212.000,0.666,325.608,320.000,0.000,0.000,0.000,0.000
-211.750,0.665,325.518,320.000,0.000,0.000,0.000,0.000
-211.500,0.664,325.428,320.000,0.000,0.000,0.000,0.000
-211.250,0.664,325.339,320.000,0.000,0.000,0.000,0.000
-211.000,0.663,325.251,320.000,0.000,0.000,0.000,0.000
-210.750,0.662,325.164,320.000,0.000,0.000,0.000,0.000
-210.500,0.662,325.078,320.000,0.000,0.000,0.000,0.000
-210.250,0.661,324.992,320.000,0.000,0.000,0.000,0.000
-210.000,0.660,324.908,320.000,0.000,0.000,0.000,0.000
-209.750,0.660,324.824,320.000,0.000,0.000,0.000,0.000
-209.500,0.659,324.740,320.000,0.000,0.000,0.000,0.000
-209.250,0.658,324.658,320.000,0.000,0.000,0.000,0.000
-209.000,0.658,324.576,320.000,0.000,0.000,0.000,0.000
-208.750,0.657,324.496,320.000,0.000,0.000,0.000,0.000
-208.500,0.657,324.415,320.000,0.000,0.000,0.000,0.000
-208.250,0.656,324.336,320.000,0.000,0.000,0.000,0.000
-208.000,0.655,324.258,320.000,0.000,0.000,0.000,0.000
-207.750,0.655,324.180,320.000,0.000,0.000,0.000,0.000
-207.500,0.654,324.103,320.000,0.000,0.000,0.000,0.000
-207.250,0.654,324.027,320.000,0.000,0.000,0.000,0.000
-207.000,0.653,323.951,320.000,0.000,0.000,0.000,0.000
-206.750,0.652,323.877,320.000,0.000,0.000,0.000,0.000
-206.500,0.652,323.803,320.000,0.000,0.000,0.000,0.000
-206.250,0.651,323.730,320.000,0.000,0.000,0.000,0.000
-206.000,0.651,323.657,320.000,0.000,0.000,0.000,0.000
-205.750,0.650,323.586,320.000,0.000,0.000,0.000,0.000
-205.500,0.650,323.515,320.000,0.000,0.000,0.000,0.000
-205.250,0.649,323.445,320.000,0.000,0.000,0.000,0.000
-205.000,0.649,323.375,320.000,0.000,0.000,0.000,0.000
-204.750,0.648,323.307,320.000,0.000,0.000,0.000,0.000
-204.500,0.648,323.239,320.000,0.000,0.000,0.000,0.000
-204.250,0.647,323.172,320.000,0.000,0.000,0.000,0.000
-204.000,0.647,323.105,320.000,0.000,0.000,0.000,0.000
-203.750,0.646,323.040,320.000,0.000,0.000,0.000,0.000
-203.500,0.646,322.975,320.000,0.000,0.000,0.000,0.000
-203.250,0.645,322.911,320.000,0.000,0.000,0.000,0.000
-203.000,0.645,322.847,320.000,0.000,0.000,0.000,0.000
-202.750,0.644,322.785,320.000,0.000,0.000,0.000,0.000
-202.500,0.644,322.723,320.000,0.000,0.000,0.000,0.000
-202.250,0.643,322.661,320.000,0.000,0.000,0.000,0.000
-202.000,0.643,322.601,320.000,0.000,0.000,0.000,0.000
-201.750,0.642,322.541,320.000,0.000,0.000,0.000,0.000
-201.500,0.642,322.482,320.000,0.000,0.000,0.000,0.000
-201.250,0.641,322.424,320.000,0.000,0.000,0.000,0.000
-201.000,0.641,322.366,320.000,0.000,0.000,0.000,0.000
-200.750,0.641,322.309,320.000,0.000,0.000,0.000,0.000
-200.500,0.640,322.253,320.000,0.000,0.000,0.000,0.000
-200.250,0.640,322.198,320.000,0.000,0.000,0.000,0.000
-200.000,0.639,322.143,320.000,0.000,0.000,0.000,0.000
-199.750,0.639,322.089,320.000,0.000,0.000,0.000,0.000
-199.500,0.639,322.036,320.000,0.000,0.000,0.000,0.000
-199.250,0.638,321.983,320.000,0.000,0.000,0.000,0.000
-199.000,0.638,321.932,320.000,0.000,0.000,0.000,0.000
-198.750,0.637,321.880,320.000,0.000,0.000,0.000,0.000
-198.500,0.637,321.830,320.000,0.000,0.000,0.000,0.000
-198.250,0.637,321.780,320.000,0.000,0.000,0.000,0.000
-198.000,0.636,321.731,320.000,0.000,0.000,0.000,0.000
-197.750,0.636,321.683,320.000,0.000,0.000,0.000,0.000
-197.500,0.636,321.635,320.000,0.000,0.000,0.000,0.000
-197.250,0.635,321.589,320.000,0.000,0.000,0.000,0.000
-197.000,0.635,321.542,320.000,0.000,0.000,0.000,0.000
-196.750,0.635,321.497,320.000,0.000,0.000,0.000,0.000
-196.500,0.634,321.452,320.000,0.000,0.000,0.000,0.000
-196.250,0.634,321.408,320.000,0.000,0.000,0.000,0.000
-196.000,0.634,321.365,320.000,0.000,0.000,0.000,0.000
-195.750,0.633,321.322,320.000,0.000,0.000,0.000,0.000
-195.500,0.633,321.280,320.000,0.000,0.000,0.000,0.000
-195.250,0.633,321.239,320.000,0.000,0.000,0.000,0.000
-195.000,0.632,321.198,320.000,0.000,0.000,0.000,0.000
-194.750,0.632,321.158,320.000,0.000,0.000,0.000,0.000
-194.500,0.632,321.119,320.000,0.000,0.000,0.000,0.000
-194.250,0.631,321.080,320.000,0.000,0.000,0.000,0.000
-194.000,0.631,321.043,320.000,0.000,0.000,0.000,0.000
-193.750,0.631,321.006,320.000,0.000,0.000,0.000,0.000
-193.500,0.631,320.969,320.000,0.000,0.000,0.000,0.000
-193.250,0.630,320.933,320.000,0.000,0.000,0.000,0.000
-193.000,0.630,320.898,320.000,0.000,0.000,0.000,0.000
-192.750,0.630,320.864,320.000,0.000,0.000,0.000,0.000
-192.500,0.630,320.830,320.000,0.000,0.000,0.000,0.000
-192.250,0.629,320.797,320.000,0.000,0.000,0.000,0.000
-192.000,0.629,320.765,320.000,0.000,0.000,0.000,0.000
-191.750,0.629,320.733,320.000,0.000,0.000,0.000,0.000
-191.500,0.629,320.702,320.000,0.000,0.000,0.000,0.000
-191.250,0.628,320.672,320.000,0.000,0.000,0.000,0.000
-191.000,0.628,320.642,320.000,0.000,0.000,0.000,0.000
-190.750,0.628,320.613,320.000,0.000,0.000,0.000,0.000
-190.500,0.628,320.585,320.000,0.000,0.000,0.000,0.000
-190.250,0.628,320.557,320.000,0.000,0.000,0.000,0.000
-190.000,0.627,320.530,320.000,0.000,0.000,0.000,0.000
-189.750,0.627,320.504,320.000,0.000,0.000,0.000,0.000
-189.500,0.627,320.478,320.000,0.000,0.000,0.000,0.000
-189.250,0.627,320.453,320.000,0.000,0.000,0.000,0.000
-189.000,0.627,320.429,320.000,0.000,0.000,0.000,0.000
-188.750,0.627,320.406,320.000,0.000,0.000,0.000,0.000
-188.500,0.626,320.383,320.000,0.000,0.000,0.000,0.000
-188.250,0.626,320.360,320.000,0.000,0.000,0.000,0.000
-188.000,0.626,320.339,320.000,0.000,0.000,0.000,0.000
-187.750,0.626,320.318,320.000,0.000,0.000,0.000,0.000
-187.500,0.626,320.298,320.000,0.000,0.000,0.000,0.000
-187.250,0.626,320.278,320.000,0.000,0.000,0.000,0.000
-187.000,0.626,320.259,320.000,0.000,0.000,0.000,0.000
-186.750,0.625,320.241,320.000,0.000,0.000,0.000,0.000
-186.500,0.625,320.224,320.000,0.000,0.000,0.000,0.000
-186.250,0.625,320.207,320.000,0.000,0.000,0.000,0.000
-186.000,0.625,320.190,320.000,0.000,0.000,0.000,0.000
-185.750,0.625,320.175,320.000,0.000,0.000,0.000,0.000
-185.500,0.625,320.160,320.000,0.000,0.000,0.000,0.000
-185.250,0.625,320.146,320.000,0.000,0.000,0.000,0.000
-185.000,0.625,320.132,320.000,0.000,0.000,0.000,0.000
-184.750,0.625,320.119,320.000,0.000,0.000,0.000,0.000
-184.500,0.624,320.107,320.000,0.000,0.000,0.000,0.000
-184.250,0.624,320.095,320.000,0.000,0.000,0.000,0.000
-184.000,0.624,320.085,320.000,0.000,0.000,0.000,0.000
-183.750,0.624,320.074,320.000,0.000,0.000,0.000,0.000
-183.500,0.624,320.065,320.000,0.000,0.000,0.000,0.000
-183.250,0.624,320.056,320.000,0.000,0.000,0.000,0.000
-183.000,0.624,320.048,320.000,0.000,0.000,0.000,0.000
-182.750,0.624,320.040,320.000,0.000,0.000,0.000,0.000
-182.500,0.624,320.033,320.000,0.000,0.000,0.000,0.000
-182.250,0.624,320.027,320.000,0.000,0.000,0.000,0.000
-182.000,0.624,320.021,320.000,0.000,0.000,0.000,0.000
-181.750,0.624,320.016,320.000,0.000,0.000,0.000,0.000
-181.500,0.624,320.012,320.000,0.000,0.000,0.000,0.000
-181.250,0.624,320.008,320.000,0.000,0.000,0.000,0.000
-181.000,0.624,320.005,320.000,0.000,0.000,0.000,0.000
-180.750,0.624,320.003,320.000,0.000,0.000,0.000,0.000
-180.500,0.624,320.001,320.000,0.000,0.000,0.000,0.000
-180.250,0.624,320.000,320.000,0.000,0.000,0.000,0.000
-180.000,0.624,320.000,320.000,0.000,0.000,0.000,0.000
-179.750,0.624,320.000,320.000,0.000,0.000,0.000,0.000
-179.500,0.624,320.001,320.000,0.000,0.000,0.000,0.000
-179.250,0.624,320.003,320.000,0.000,0.000,0.000,0.000
-179.000,0.624,320.005,320.000,0.000,0.000,0.000,0.000
-178.750,0.624,320.008,320.000,0.000,0.000,0.000,0.000
-178.500,0.624,320.012,320.000,0.000,0.000,0.000,0.000
-178.250,0.624,320.016,320.000,0.000,0.000,0.000,0.000
-178.000,0.624,320.021,320.000,0.000,0.000,0.000,0.000
-177.750,0.624,320.027,320.000,0.000,0.000,0.000,0.000
-177.500,0.624,320.033,320.000,0.000,0.000,0.000,0.000
-177.250,0.624,320.040,320.000,0.000,0.000,0.000,0.000
-177.000,0.624,320.048,320.000,0.000,0.000,0.000,0.000
-176.750,0.624,320.056,320.000,0.000,0.000,0.000,0.000
-176.500,0.624,320.065,320.000,0.000,0.000,0.000,0.000
-176.250,0.625,320.074,320.000,0.000,0.000,0.000,0.000
-176.000,0.625,320.085,320.000,0.000,0.000,0.000,0.000
-175.750,0.625,320.095,320.000,0.000,0.000,0.000,0.000
-175.500,0.625,320.107,320.000,0.000,0.000,0.000,0.000
-175.250,0.625,320.119,320.000,0.000,0.000,0.000,0.000
-175.000,0.625,320.132,320.000,0.000,0.000,0.000,0.000
-174.750,0.625,320.146,320.000,0.000,0.000,0.000,0.000
-174.500,0.625,320.160,320.000,0.000,0.000,0.000,0.000
-174.250,0.625,320.175,320.000,0.000,0.000,0.000,0.000
-174.000,0.626,320.190,320.000,0.000,0.000,0.000,0.000
-173.750,0.626,320.207,320.000,0.000,0.000,0.000,0.000
-173.500,0.626,320.224,320.000,0.000,0.000,0.000,0.000
-173.250,0.626,320.241,320.000,0.000,0.000,0.000,0.000
-173.000,0.626,320.259,320.000,0.000,0.000,0.000,0.000
-172.750,0.626,320.278,320.000,0.000,0.000,0.000,0.000
-172.500,0.626,320.298,320.000,0.000,0.000,0.000,0.000
-172.250,0.627,320.318,320.000,0.000,0.000,0.000,0.000
-172.000,0.627,320.339,320.000,0.000,0.000,0.000,0.000
-171.750,0.627,320.360,320.000,0.000,0.000,0.000,0.000
-171.500,0.627,320.383,320.000,0.000,0.000,0.000,0.000
-171.250,0.627,320.406,320.000,0.000,0.000,0.000,0.000
-171.000,0.627,320.429,320.000,0.000,0.000,0.000,0.000
-170.750,0.628,320.453,320.000,0.000,0.000,0.000,0.000
-170.500,0.628,320.478,320.000,0.000,0.000,0.000,0.000
-170.250,0.628,320.504,320.000,0.000,0.000,0.000,0.000
-170.000,0.628,320.530,320.000,0.000,0.000,0.000,0.000
-169.750,0.628,320.557,320.000,0.000,0.000,0.000,0.000
-169.500,0.629,320.585,320.000,0.000,0.000,0.000,0.000
-169.250,0.629,320.613,320.000,0.000,0.000,0.000,0.000
-169.000,0.629,320.642,320.000,0.000,0.000,0.000,0.000
-168.750,0.629,320.672,320.000,0.000,0.000,0.000,0.000
-168.500,0.630,320.702,320.000,0.000,0.000,0.000,0.000
-168.250,0.630,320.733,320.000,0.000,0.000,0.000,0.000
-168.000,0.630,320.765,320.000,0.000,0.000,0.000,0.000
-167.750,0.630,320.797,320.000,0.000,0.000,0.000,0.000
-167.500,0.631,320.830,320.000,0.000,0.000,0.000,0.000
-167.250,0.631,320.864,320.000,0.000,0.000,0.000,0.000
-167.000,0.631,320.898,320.000,0.000,0.000,0.000,0.000
-166.750,0.631,320.933,320.000,0.000,0.000,0.000,0.000
-166.500,0.632,320.969,320.000,0.000,0.000,0.000,0.000
-166.250,0.632,321.006,320.000,0.000,0.000,0.000,0.000
-166.000,0.632,321.043,320.000,0.000,0.000,0.000,0.000
-165.750,0.633,321.080,320.000,0.000,0.000,0.000,0.000
-165.500,0.633,321.119,320.000,0.000,0.000,0.000,0.000
-165.250,0.633,321.158,320.000,0.000,0.000,0.000,0.000
-165.000,0.633,321.198,320.000,0.000,0.000,0.000,0.000
-164.750,0.634,321.239,320.000,0.000,0.000,0.000,0.000
-164.500,0.634,321.280,320.000,0.000,0.000,0.000,0.000
-164.250,0.634,321.322,320.000,0.000,0.000,0.000,0.000
-164.000,0.635,321.365,320.000,0.000,0.000,0.000,0.000
-163.750,0.635,321.408,320.000,0.000,0.000,0.000,0.000
-163.500,0.635,321.452,320.000,0.000,0.000,0.000,0.000
-163.250,0.636,321.497,320.000,0.000,0.000,0.000,0.000
-163.000,0.636,321.542,320.000,0.000,0.000,0.000,0.000
-162.750,0.637,321.589,320.000,0.000,0.000,0.000,0.000
-162.500,0.637,321.635,320.000,0.000,0.000,0.000,0.000
-162.250,0.637,321.683,320.000,0.000,0.000,0.000,0.000
-162.000,0.638,321.731,320.000,0.000,0.000,0.000,0.000
-161.750,0.638,321.780,320.000,0.000,0.000,0.000,0.000
-161.500,0.638,321.830,320.000,0.000,0.000,0.000,0.000
-161.250,0.639,321.880,320.000,0.000,0.000,0.000,0.000
-161.000,0.639,321.932,320.000,0.000,0.000,0.000,0.000
-160.750,0.640,321.983,320.000,0.000,0.000,0.000,0.000
-160.500,0.640,322.036,320.000,0.000,0.000,0.000,0.000
-160.250,0.640,322.089,320.000,0.000,0.000,0.000,0.000
-160.000,0.641,322.143,320.000,0.000,0.000,0.000,0.000
-159.750,0.641,322.198,320.000,0.000,0.000,0.000,0.000
-159.500,0.642,322.253,320.000,0.000,0.000,0.000,0.000
-159.250,0.642,322.309,320.000,0.000,0.000,0.000,0.000
-159.000,0.643,322.366,320.000,0.000,0.000,0.000,0.000
-158.750,0.643,322.424,320.000,0.000,0.000,0.000,0.000
-158.500,0.644,322.482,320.000,0.000,0.000,0.000,0.000
-158.250,0.644,322.541,320.000,0.000,0.000,0.000,0.000
-158.000,0.644,322.601,320.000,0.000,0.000,0.000,0.000
-157.750,0.645,322.661,320.000,0.000,0.000,0.000,0.000
-157.500,0.645,322.723,320.000,0.000,0.000,0.000,0.000
-157.250,0.646,322.785,320.000,0.000,0.000,0.000,0.000
-157.000,0.646,322.847,320.000,0.000,0.000,0.000,0.000
-156.750,0.647,322.911,320.000,0.000,0.000,0.000,0.000
-156.500,0.647,322.975,320.000,0.000,0.000,0.000,0.000
-156.250,0.648,323.040,320.000,0.000,0.000,0.000,0.000
-156.000,0.648,323.105,320.000,0.000,0.000,0.000,0.000
-155.750,0.649,323.172,320.000,0.000,0.000,0.000,0.000
-155.500,0.650,323.239,320.000,0.000,0.000,0.000,0.000
-155.250,0.650,323.307,320.000,0.000,0.000,0.000,0.000
-155.000,0.651,323.375,320.000,0.000,0.000,0.000,0.000
-154.750,0.651,323.445,320.000,0.000,0.000,0.000,0.000
-154.500,0.652,323.515,320.000,0.000,0.000,0.000,0.000
-154.250,0.652,323.586,320.000,0.000,0.000,0.000,0.000
-154.000,0.653,323.657,320.000,0.000,0.000,0.000,0.000
-153.750,0.653,323.730,320.000,0.000,0.000,0.000,0.000
-153.500,0.654,323.803,320.000,0.000,0.000,0.000,0.000
-153.250,0.655,323.877,320.000,0.000,0.000,0.000,0.000
-153.000,0.655,323.951,320.000,0.000,0.000,0.000,0.000
-152.750,0.656,324.027,320.000,0.000,0.000,0.000,0.000
-152.500,0.656,324.103,320.000,0.000,0.000,0.000,0.000
-152.250,0.657,324.180,320.000,0.000,0.000,0.000,0.000
-152.000,0.658,324.258,320.000,0.000,0.000,0.000,0.000
-151.750,0.658,324.336,320.000,0.000,0.000,0.000,0.000
-151.500,0.659,324.415,320.000,0.000,0.000,0.000,0.000
-151.250,0.659,324.496,320.000,0.000,0.000,0.000,0.000
-151.000,0.660,324.576,320.000,0.000,0.000,0.000,0.000
-150.750,0.661,324.658,320.000,0.000,0.000,0.000,0.000
-150.500,0.661,324.740,320.000,0.000,0.000,0.000,0.000
-150.250,0.662,324.824,320.000,0.000,0.000,0.000,0.000
-150.000,0.663,324.908,320.000,0.000,0.000,0.000,0.000
-149.750,0.663,324.992,320.000,0.000,0.000,0.000,0.000
-149.500,0.664,325.078,320.000,0.000,0.000,0.000,0.000
-149.250,0.665,325.164,320.000,0.000,0.000,0.000,0.000
-149.000,0.665,325.251,320.000,0.000,0.000,0.000,0.000
-148.750,0.666,325.339,320.000,0.000,0.000,0.000,0.000
-148.500,0.667,325.428,320.000,0.000,0.000,0.000,0.000
-148.250,0.668,325.518,320.000,0.000,0.000,0.000,0.000
-148.000,0.668,325.608,320.000,0.000,0.000,0.000,0.000
-147.750,0.669,325.699,320.000,0.000,0.000,0.000,0.000
-147.500,0.670,325.791,320.000,0.000,0.000,0.000,0.000
-147.250,0.671,325.884,320.000,0.000,0.000,0.000,0.000
-147.000,0.671,325.978,320.000,0.000,0.000,0.000,0.000
-146.750,0.672,326.072,320.000,0.000,0.000,0.000,0.000
-146.500,0.673,326.167,320.000,0.000,0.000,0.000,0.000
-146.250,0.674,326.263,320.000,0.000,0.000,0.000,0.000
-146.000,0.674,326.360,320.000,0.000,0.000,0.000,0.000
-145.750,0.675,326.458,320.000,0.000,0.000,0.000,0.000
-145.500,0.676,326.557,320.000,0.000,0.000,0.000,0.000
-145.250,0.677,326.656,320.000,0.000,0.000,0.000,0.000
-145.000,0.678,326.756,320.000,0.000,0.000,0.000,0.000
-144.750,0.678,326.857,320.000,0.000,0.000,0.000,0.000
-144.500,0.679,326.959,320.000,0.000,0.000,0.000,0.000
-144.250,0.680,327.062,320.000,0.000,0.000,0.000,0.000
-144.000,0.681,327.166,320.000,0.000,0.000,0.000,0.000
-143.750,0.682,327.270,320.000,0.000,0.000,0.000,0.000
-143.500,0.683,327.376,320.000,0.000,0.000,0.000,0.000
-143.250,0.683,327.482,320.000,0.000,0.000,0.000,0.000
-143.000,0.684,327.589,320.000,0.000,0.000,0.000,0.000
-142.750,0.685,327.697,320.000,0.000,0.000,0.000,0.000
-142.500,0.686,327.805,320.000,0.000,0.000,0.000,0.000
-142.250,0.687,327.915,320.000,0.000,0.000,0.000,0.000
-142.000,0.688,328.026,320.000,0.000,0.000,0.000,0.000
-141.750,0.689,328.137,320.000,0.000,0.000,0.000,0.000
-141.500,0.690,328.249,320.000,0.000,0.000,0.000,0.000
-141.250,0.691,328.362,320.000,0.000,0.000,0.000,0.000
-141.000,0.692,328.476,320.000,0.000,0.000,0.000,0.000
-140.750,0.693,328.591,320.000,0.000,0.000,0.000,0.000
-140.500,0.693,328.707,320.000,0.000,0.000,0.000,0.000
-140.250,0.694,328.824,320.000,0.000,0.000,0.000,0.000
-140.000,0.695,328.941,320.000,0.000,0.000,0.000,0.000
-139.750,0.696,329.060,320.000,0.000,0.000,0.000,0.000
-139.500,0.697,329.179,320.000,0.000,0.000,0.000,0.000
-139.250,0.698,329.299,320.000,0.000,0.000,0.000,0.000
-139.000,0.699,329.421,320.000,0.000,0.000,0.000,0.000
-138.750,0.700,329.543,320.000,0.000,0.000,0.000,0.000
-138.500,0.701,329.666,320.000,0.000,0.000,0.000,0.000
-138.250,0.702,329.790,320.000,0.000,0.000,0.000,0.000
-138.000,0.703,329.914,320.000,0.000,0.000,0.000,0.000
-137.750,0.704,330.040,320.000,0.000,0.000,0.000,0.000
-137.500,0.706,330.167,320.000,0.000,0.000,0.000,0.000
-137.250,0.707,330.295,320.000,0.000,0.000,0.000,0.000
-137.000,0.708,330.423,320.000,0.000,0.000,0.000,0.000
-136.750,0.709,330.553,320.000,0.000,0.000,0.000,0.000
-136.500,0.710,330.683,320.000,0.000,0.000,0.000,0.000
-136.250,0.711,330.814,320.000,0.000,0.000,0.000,0.000
-136.000,0.712,330.947,320.000,0.000,0.000,0.000,0.000
-135.750,0.713,331.080,320.000,0.000,0.000,0.000,0.000
-135.500,0.714,331.214,320.000,0.000,0.000,0.000,0.000
-135.250,0.715,331.349,320.000,0.000,0.000,0.000,0.000
-135.000,0.717,331.486,320.000,0.000,0.000,0.000,0.000
-134.750,0.718,331.623,320.000,0.000,0.000,0.000,0.000
-134.500,0.719,331.761,320.000,0.000,0.000,0.000,0.000
-134.250,0.720,331.900,320.000,0.000,0.000,0.000,0.000
-134.000,0.721,332.040,320.000,0.000,0.000,0.000,0.000
-133.750,0.722,332.181,320.000,0.000,0.000,0.000,0.000
-133.500,0.724,332.323,320.000,0.000,0.000,0.000,0.000
-133.250,0.725,332.466,320.000,0.000,0.000,0.000,0.000
-133.000,0.726,332.610,320.000,0.000,0.000,0.000,0.000
-132.750,0.727,332.755,320.000,0.000,0.000,0.000,0.000
-132.500,0.728,332.901,320.000,0.000,0.000,0.000,0.000
-132.250,0.730,333.048,320.000,0.000,0.000,0.000,0.000
-132.000,0.731,333.196,320.000,0.000,0.000,0.000,0.000
-131.750,0.732,333.345,320.000,0.000,0.000,0.000,0.000
-131.500,0.734,333.495,320.000,0.000,0.000,0.000,0.000
-131.250,0.735,333.646,320.000,0.000,0.000,0.000,0.000
-131.000,0.736,333.798,320.000,0.000,0.000,0.000,0.000
-130.750,0.737,333.951,320.000,0.000,0.000,0.000,0.000
-130.500,0.739,334.105,320.000,0.000,0.000,0.000,0.000
-130.250,0.740,334.261,320.000,0.000,0.000,0.000,0.000
-130.000,0.741,334.417,320.000,0.000,0.000,0.000,0.000
-129.750,0.743,334.574,320.000,0.000,0.000,0.000,0.000
-129.500,0.744,334.732,320.000,0.000,0.000,0.000,0.000
-129.250,0.745,334.892,320.000,0.000,0.000,0.000,0.000
-129.000,0.747,335.052,320.000,0.000,0.000,0.000,0.000
-128.750,0.748,335.214,320.000,0.000,0.000,0.000,0.000
-128.500,0.750,335.376,320.000,0.000,0.000,0.000,0.000
-128.250,0.751,335.540,320.000,0.000,0.000,0.000,0.000
-128.000,0.753,335.704,320.000,0.000,0.000,0.000,0.000
-127.750,0.754,335.870,320.000,0.000,0.000,0.000,0.000
-127.500,0.755,336.037,320.000,0.000,0.000,0.000,0.000
-127.250,0.757,336.205,320.000,0.000,0.000,0.000,0.000
-127.000,0.758,336.374,320.000,0.000,0.000,0.000,0.000
-126.750,0.760,336.544,320.000,0.000,0.000,0.000,0.000
-126.500,0.761,336.715,320.000,0.000,0.000,0.000,0.000
-126.250,0.763,336.888,320.000,0.000,0.000,0.000,0.000
-126.000,0.764,337.061,320.000,0.000,0.000,0.000,0.000
-125.750,0.766,337.236,320.000,0.000,0.000,0.000,0.000
-125.500,0.767,337.411,320.000,0.000,0.000,0.000,0.000
-125.250,0.769,337.588,320.000,0.000,0.000,0.000,0.000
-125.000,0.771,337.766,320.000,0.000,0.000,0.000,0.000
-124.750,0.772,337.945,320.000,0.000,0.000,0.000,0.000
-124.500,0.774,338.125,320.000,0.000,0.000,0.000,0.000
-124.250,0.775,338.307,320.000,0.000,0.000,0.000,0.000
-124.000,0.777,338.489,320.000,0.000,0.000,0.000,0.000
-123.750,0.779,338.673,320.000,0.000,0.000,0.000,0.000
-123.500,0.780,338.858,320.000,0.000,0.000,0.000,0.000
-123.250,0.782,339.044,320.000,0.000,0.000,0.000,0.000
-123.000,0.784,339.231,320.000,0.000,0.000,0.000,0.000
-122.750,0.785,339.419,320.000,0.000,0.000,0.000,0.000
-122.500,0.787,339.608,320.000,0.000,0.000,0.000,0.000
-122.250,0.789,339.799,320.000,0.000,0.000,0.000,0.000
-122.000,0.790,339.991,320.000,0.000,0.000,0.000,0.000
-121.750,0.792,340.184,320.000,0.000,0.000,0.000,0.000
-121.500,0.794,340.378,320.000,0.000,0.000,0.000,0.000
-121.250,0.796,340.574,320.000,0.000,0.000,0.000,0.000
-121.000,0.797,340.770,320.000,0.000,0.000,0.000,0.000
-120.750,0.799,340.968,320.000,0.000,0.000,0.000,0.000
-120.500,0.801,341.167,320.000,0.000,0.000,0.000,0.000
-120.250,0.803,341.368,320.000,0.000,0.000,0.000,0.000
-120.000,0.805,341.569,320.000,0.000,0.000,0.000,0.000
-119.750,0.807,341.772,320.000,0.000,0.000,0.000,0.000
-119.500,0.808,341.976,320.000,0.000,0.000,0.000,0.000
-119.250,0.810,342.181,320.000,0.000,0.000,0.000,0.000
-119.000,0.812,342.388,320.000,0.000,0.000,0.000,0.000
-118.750,0.814,342.596,320.000,0.000,0.000,0.000,0.000
-118.500,0.816,342.805,320.000,0.000,0.000,0.000,0.000
-118.250,0.818,343.015,320.000,0.000,0.000,0.000,0.000
-118.000,0.820,343.227,320.000,0.000,0.000,0.000,0.000
-117.750,0.822,343.440,320.000,0.000,0.000,0.000,0.000
-117.500,0.824,343.654,320.000,0.000,0.000,0.000,0.000
-117.250,0.826,343.869,320.000,0.000,0.000,0.000,0.000
-117.000,0.828,344.086,320.000,0.000,0.000,0.000,0.000
-116.750,0.830,344.304,320.000,0.000,0.000,0.000,0.000
-116.500,0.832,344.524,320.000,0.000,0.000,0.000,0.000
-116.250,0.834,344.744,320.000,0.000,0.000,0.000,0.000
-116.000,0.836,344.966,320.000,0.000,0.000,0.000,0.000
-115.750,0.838,345.190,320.000,0.000,0.000,0.000,0.000
-115.500,0.840,345.414,320.000,0.000,0.000,0.000,0.000
-115.250,0.842,345.640,320.000,0.000,0.000,0.000,0.000
-115.000,0.844,345.868,320.000,0.000,0.000,0.000,0.000
-114.750,0.847,346.096,320.000,0.000,0.000,0.000,0.000
-114.500,0.849,346.327,320.000,0.000,0.000,0.000,0.000
-114.250,0.851,346.558,320.000,0.000,0.000,0.000,0.000
-114.000,0.853,346.791,320.000,0.000,0.000,0.000,0.000
-113.750,0.855,347.025,320.000,0.000,0.000,0.000,0.000
-113.500,0.858,347.261,320.000,0.000,0.000,0.000,0.000
-113.250,0.860,347.498,320.000,0.000,0.000,0.000,0.000
-113.000,0.862,347.736,320.000,0.000,0.000,0.000,0.000
-112.750,0.865,347.976,320.000,0.000,0.000,0.000,0.000
-112.500,0.867,348.217,320.000,0.000,0.000,0.000,0.000
-112.250,0.869,348.459,320.000,0.000,0.000,0.000,0.000
-112.000,0.872,348.703,320.000,0.000,0.000,0.000,0.000
-111.750,0.874,348.949,320.000,0.000,0.000,0.000,0.000
-111.500,0.876,349.196,320.000,0.000,0.000,0.000,0.000
-111.250,0.879,349.444,320.000,0.000,0.000,0.000,0.000
-111.000,0.881,349.694,320.000,0.000,0.000,0.000,0.000
-110.750,0.884,349.945,320.000,0.000,0.000,0.000,0.000
-110.500,0.886,350.198,320.000,0.000,0.000,0.000,0.000
-110.250,0.889,350.452,320.000,0.000,0.000,0.000,0.000
-110.000,0.891,350.707,320.000,0.000,0.000,0.000,0.000
-109.750,0.894,350.965,320.000,0.000,0.000,0.000,0.000
-109.500,0.896,351.223,320.000,0.000,0.000,0.000,0.000
-109.250,0.899,351.483,320.000,0.000,0.000,0.000,0.000
-109.000,0.901,351.745,320.000,0.000,0.000,0.000,0.000
-108.750,0.904,352.008,320.000,0.000,0.000,0.000,0.000
-108.500,0.906,352.273,320.000,0.000,0.000,0.000,0.000
-108.250,0.909,352.539,320.000,0.000,0.000,0.000,0.000
-108.000,0.912,352.806,320.000,0.000,0.000,0.000,0.000
-107.750,0.914,353.076,320.000,0.000,0.000,0.000,0.000
-107.500,0.917,353.346,320.000,0.000,0.000,0.000,0.000
-107.250,0.920,353.619,320.000,0.000,0.000,0.000,0.000
-107.000,0.923,353.893,320.000,0.000,0.000,0.000,0.000
-106.750,0.925,354.168,320.000,0.000,0.000,0.000,0.000
-106.500,0.928,354.445,320.000,0.000,0.000,0.000,0.000
-106.250,0.931,354.724,320.000,0.000,0.000,0.000,0.000
-106.000,0.934,355.004,320.000,0.000,0.000,0.000,0.000
-105.750,0.937,355.286,320.000,0.000,0.000,0.000,0.000
-105.500,0.940,355.569,320.000,0.000,0.000,0.000,0.000
-105.250,0.942,355.854,320.000,0.000,0.000,0.000,0.000
-105.000,0.945,356.141,320.000,0.000,0.000,0.000,0.000
-104.750,0.948,356.429,320.000,0.000,0.000,0.000,0.000
-104.500,0.951,356.719,320.000,0.000,0.000,0.000,0.000
-104.250,0.954,357.010,320.000,0.000,0.000,0.000,0.000
-104.000,0.957,357.304,320.000,0.000,0.000,0.000,0.000
-103.750,0.960,357.598,320.000,0.000,0.000,0.000,0.000
-103.500,0.963,357.895,320.000,0.000,0.000,0.000,0.000
-103.250,0.967,358.193,320.000,0.000,0.000,0.000,0.000
-103.000,0.970,358.493,320.000,0.000,0.000,0.000,0.000
-102.750,0.973,358.795,320.000,0.000,0.000,0.000,0.000
-102.500,0.976,359.098,320.000,0.000,0.000,0.000,0.000
-102.250,0.979,359.403,320.000,0.000,0.000,0.000,0.000
-102.000,0.982,359.710,320.000,0.000,0.000,0.000,0.000
-101.750,0.986,360.018,320.000,0.000,0.000,0.000,0.000
-101.500,0.989,360.328,320.000,0.000,0.000,0.000,0.000
-101.250,0.992,360.640,320.000,0.000,0.000,0.000,0.000
-101.000,0.996,360.954,320.000,0.000,0.000,0.000,0.000
-100.750,0.999,361.269,320.000,0.000,0.000,0.000,0.000
-100.500,1.002,361.586,320.000,0.000,0.000,0.000,0.000
-100.250,1.006,361.905,320.000,0.000,0.000,0.000,0.000
-100.000,1.009,362.226,320.000,0.000,0.000,0.000,0.000
-99.750,1.013,362.548,320.000,0.000,0.000,0.000,0.000
-99.500,1.016,362.873,320.000,0.000,0.000,0.000,0.000
-99.250,1.020,363.199,320.000,0.000,0.000,0.000,0.000
-99.000,1.023,363.527,320.000,0.000,0.000,0.000,0.000
-98.750,1.027,363.857,320.000,0.000,0.000,0.000,0.000
-98.500,1.030,364.188,320.000,0.000,0.000,0.000,0.000
-98.250,1.034,364.522,320.000,0.000,0.000,0.000,0.000
-98.000,1.038,364.857,320.000,0.000,0.000,0.000,0.000
-97.750,1.041,365.194,320.000,0.000,0.000,0.000,0.000
-97.500,1.045,365.533,320.000,0.000,0.000,0.000,0.000
-97.250,1.049,365.874,320.000,0.000,0.000,0.000,0.000
-97.000,1.053,366.217,320.000,0.000,0.000,0.000,0.000
-96.750,1.056,366.562,320.000,0.000,0.000,0.000,0.000
-96.500,1.060,366.909,320.000,0.000,0.000,0.000,0.000
-96.250,1.064,367.257,320.000,0.000,0.000,0.000,0.000
-96.000,1.068,367.608,320.000,0.000,0.000,0.000,0.000
-95.750,1.072,367.960,320.000,0.000,0.000,0.000,0.000
-95.500,1.076,368.314,320.000,0.000,0.000,0.000,0.000
-95.250,1.080,368.671,320.000,0.000,0.000,0.000,0.000
-95.000,1.084,369.029,320.000,0.000,0.000,0.000,0.000
-94.750,1.088,369.389,320.000,0.000,0.000,0.000,0.000
-94.500,1.092,369.752,320.000,0.000,0.000,0.000,0.000
-94.250,1.096,370.116,320.000,0.000,0.000,0.000,0.000
-94.000,1.101,370.482,320.000,0.000,0.000,0.000,0.000
-93.750,1.105,370.850,320.000,0.000,0.000,0.000,0.000
-93.500,1.109,371.221,320.000,0.000,0.000,0.000,0.000
-93.250,1.113,371.593,320.000,0.000,0.000,0.000,0.000
-93.000,1.118,371.967,320.000,0.000,0.000,0.000,0.000
-92.750,1.122,372.344,320.000,0.000,0.000,0.000,0.000
-92.500,1.126,372.722,320.000,0.000,0.000,0.000,0.000
-92.250,1.131,373.103,320.000,0.000,0.000,0.000,0.000
-92.000,1.135,373.486,320.000,0.000,0.000,0.000,0.000
-91.750,1.140,373.870,320.000,0.000,0.000,0.000,0.000
-91.500,1.144,374.257,320.000,0.000,0.000,0.000,0.000
-91.250,1.149,374.646,320.000,0.000,0.000,0.000,0.000
-91.000,1.154,375.037,320.000,0.000,0.000,0.000,0.000
-90.750,1.158,375.431,320.000,0.000,0.000,0.000,0.000
-90.500,1.163,375.826,320.000,0.000,0.000,0.000,0.000
-90.250,1.168,376.223,320.000,0.000,0.000,0.000,0.000
-90.000,1.172,376.623,320.000,0.000,0.000,0.000,0.000
-89.750,1.177,377.025,320.000,0.000,0.000,0.000,0.000
-89.500,1.182,377.429,320.000,0.000,0.000,0.000,0.000
-89.250,1.187,377.835,320.000,0.000,0.000,0.000,0.000
-89.000,1.192,378.244,320.000,0.000,0.000,0.000,0.000
-88.750,1.197,378.655,320.000,0.000,0.000,0.000,0.000
-88.500,1.202,379.068,320.000,0.000,0.000,0.000,0.000
-88.250,1.207,379.483,320.000,0.000,0.000,0.000,0.000
-88.000,1.212,379.900,320.000,0.000,0.000,0.000,0.000
-87.750,1.217,380.320,320.000,0.000,0.000,0.000,0.000
-87.500,1.223,380.742,320.000,0.000,0.000,0.000,0.000
-87.250,1.228,381.166,320.000,0.000,0.000,0.000,0.000
-87.000,1.233,381.593,320.000,0.000,0.000,0.000,0.000
-86.750,1.238,382.022,320.000,0.000,0.000,0.000,0.000
-86.500,1.244,382.453,320.000,0.000,0.000,0.000,0.000
-86.250,1.249,382.887,320.000,0.000,0.000,0.000,0.000
-86.000,1.255,383.323,320.000,0.000,0.000,0.000,0.000
-85.750,1.260,383.761,320.000,0.000,0.000,0.000,0.000
-85.500,1.266,384.201,320.000,0.000,0.000,0.000,0.000
-85.250,1.271,384.644,320.000,0.000,0.000,0.000,0.000
-85.000,1.277,385.090,320.000,0.000,0.000,0.000,0.000
-84.750,1.283,385.538,320.000,0.000,0.000,0.000,0.000
-84.500,1.289,385.988,320.000,0.000,0.000,0.000,0.000
-84.250,1.294,386.441,320.000,0.000,0.000,0.000,0.000
-84.000,1.300,386.896,320.000,0.000,0.000,0.000,0.000
-83.750,1.306,387.353,320.000,0.000,0.000,0.000,0.000
-83.500,1.312,387.813,320.000,0.000,0.000,0.000,0.000
-83.250,1.318,388.276,320.000,0.000,0.000,0.000,0.000
-83.000,1.324,388.741,320.000,0.000,0.000,0.000,0.000
-82.750,1.330,389.208,320.000,0.000,0.000,0.000,0.000
-82.500,1.337,389.678,320.000,0.000,0.000,0.000,0.000
-82.250,1.343,390.151,320.000,0.000,0.000,0.000,0.000
-82.000,1.349,390.626,320.000,0.000,0.000,0.000,0.000
-81.750,1.355,391.103,320.000,0.000,0.000,0.000,0.000
-81.500,1.362,391.583,320.000,0.000,0.000,0.000,0.000
-81.250,1.368,392.066,320.000,0.000,0.000,0.000,0.000
-81.000,1.375,392.551,320.000,0.000,0.000,0.000,0.000
-80.750,1.381,393.039,320.000,0.000,0.000,0.000,0.000
-80.500,1.388,393.530,320.000,0.000,0.000,0.000,0.000
-80.250,1.395,394.023,320.000,0.000,0.000,0.000,0.000
-80.000,1.401,394.519,320.000,0.000,0.000,0.000,0.000
-79.750,1.408,395.017,320.000,0.000,0.000,0.000,0.000
-79.500,1.415,395.518,320.000,0.000,0.000,0.000,0.000
-79.250,1.422,396.022,320.000,0.000,0.000,0.000,0.000
-79.000,1.429,396.529,320.000,0.000,0.000,0.000,0.000
-78.750,1.436,397.038,320.000,0.000,0.000,0.000,0.000
-78.500,1.443,397.550,320.000,0.000,0.000,0.000,0.000
-78.250,1.450,398.064,320.000,0.000,0.000,0.000,0.000
-78.000,1.458,398.582,320.000,0.000,0.000,0.000,0.000
-77.750,1.465,399.102,320.000,0.000,0.000,0.000,0.000
-77.500,1.472,399.625,320.000,0.000,0.000,0.000,0.000
-77.250,1.480,400.150,320.000,0.000,0.000,0.000,0.000
-77.000,1.487,400.679,320.000,0.000,0.000,0.000,0.000
-76.750,1.495,401.210,320.000,0.000,0.000,0.000,0.000
-76.500,1.503,401.744,320.000,0.000,0.000,0.000,0.000
-76.250,1.510,402.281,320.000,0.000,0.000,0.000,0.000
-76.000,1.518,402.821,320.000,0.000,0.000,0.000,0.000
-75.750,1.526,403.364,320.000,0.000,0.000,0.000,0.000
-75.500,1.534,403.909,320.000,0.000,0.000,0.000,0.000
-75.250,1.542,404.458,320.000,0.000,0.000,0.000,0.000
-75.000,1.550,405.009,320.000,0.000,0.000,0.000,0.000
-74.750,1.558,405.563,320.000,0.000,0.000,0.000,0.000
-74.500,1.566,406.120,320.000,0.000,0.000,0.000,0.000
-74.250,1.575,406.680,320.000,0.000,0.000,0.000,0.000
-74.000,1.583,407.243,320.000,0.000,0.000,0.000,0.000
-73.750,1.592,407.809,320.000,0.000,0.000,0.000,0.000
-73.500,1.600,408.378,320.000,0.000,0.000,0.000,0.000
-73.250,1.609,408.950,320.000,0.000,0.000,0.000,0.000
-73.000,1.617,409.525,320.000,0.000,0.000,0.000,0.000
-72.750,1.626,410.104,320.000,0.000,0.000,0.000,0.000
-72.500,1.635,410.685,320.000,0.000,0.000,0.000,0.000
-72.250,1.644,411.269,320.000,0.000,0.000,0.000,0.000
-72.000,1.653,411.856,320.000,0.000,0.000,0.000,0.000
-71.750,1.662,412.446,320.000,0.000,0.000,0.000,0.000
-71.500,1.671,413.040,320.000,0.000,0.000,0.000,0.000
-71.250,1.681,413.636,320.000,0.000,0.000,0.000,0.000
-71.000,1.690,414.236,320.000,0.000,0.000,0.000,0.000
-70.750,1.699,414.839,320.000,0.000,0.000,0.000,0.000
-70.500,1.709,415.445,320.000,0.000,0.000,0.000,0.000
-70.250,1.719,416.054,320.000,0.000,0.000,0.000,0.000
-70.000,1.728,416.666,320.000,0.000,0.000,0.000,0.000
-69.750,1.738,417.282,320.000,0.000,0.000,0.000,0.000
-69.500,1.748,417.900,320.000,0.000,0.000,0.000,0.000
-69.250,1.758,418.522,320.000,0.000,0.000,0.000,0.000
-69.000,1.768,419.148,320.000,0.000,0.000,0.000,0.000
-68.750,1.778,419.776,320.000,0.000,0.000,0.000,0.000
-68.500,1.789,420.408,320.000,0.000,0.000,0.000,0.000
-68.250,1.799,421.043,320.000,0.000,0.000,0.000,0.000
-68.000,1.809,421.681,320.000,0.000,0.000,0.000,0.000
-67.750,1.820,422.323,320.000,0.000,0.000,0.000,0.000
-67.500,1.831,422.968,320.000,0.000,0.000,0.000,0.000
-67.250,1.842,423.616,320.000,0.000,0.000,0.000,0.000
-67.000,1.852,424.268,320.000,0.000,0.000,0.000,0.000
-66.750,1.863,424.923,320.000,0.000,0.000,0.000,0.000
-66.500,1.875,425.581,320.000,0.000,0.000,0.000,0.000
-66.250,1.886,426.243,320.000,0.000,0.000,0.000,0.000
-66.000,1.897,426.908,320.000,0.000,0.000,0.000,0.000
-65.750,1.908,427.577,320.000,0.000,0.000,0.000,0.000
-65.500,1.920,428.249,320.000,0.000,0.000,0.000,0.000
-65.250,1.932,428.924,320.000,0.000,0.000,0.000,0.000
-65.000,1.943,429.603,320.000,0.000,0.000,0.000,0.000
-64.750,1.955,430.286,320.000,0.000,0.000,0.000,0.000
-64.500,1.967,430.972,320.000,0.000,0.000,0.000,0.000
-64.250,1.979,431.661,320.000,0.000,0.000,0.000,0.000
-64.000,1.992,432.354,320.000,0.000,0.000,0.000,0.000
-63.750,2.004,433.051,320.000,0.000,0.000,0.000,0.000
-63.500,2.016,433.751,320.000,0.000,0.000,0.000,0.000
-63.250,2.029,434.455,320.000,0.000,0.000,0.000,0.000
-63.000,2.042,435.162,320.000,0.000,0.000,0.000,0.000
-62.750,2.054,435.873,320.000,0.000,0.000,0.000,0.000
-62.500,2.067,436.588,320.000,0.000,0.000,0.000,0.000
-62.250,2.080,437.306,320.000,0.000,0.000,0.000,0.000
-62.000,2.094,438.028,320.000,0.000,0.000,0.000,0.000
-61.750,2.107,438.753,320.000,0.000,0.000,0.000,0.000
-61.500,2.120,439.482,320.000,0.000,0.000,0.000,0.000
-61.250,2.134,440.215,320.000,0.000,0.000,0.000,0.000
-61.000,2.148,440.952,320.000,0.000,0.000,0.000,0.000
-60.750,2.161,441.692,320.000,0.000,0.000,0.000,0.000
-60.500,2.175,442.436,320.000,0.000,0.000,0.000,0.000
-60.250,2.190,443.184,320.000,0.000,0.000,0.000,0.000
-60.000,2.204,443.935,320.000,0.000,0.000,0.000,0.000
-59.750,2.218,444.690,320.000,0.000,0.000,0.000,0.000
-59.500,2.233,445.449,320.000,0.000,0.000,0.000,0.000
-59.250,2.247,446.212,320.000,0.000,0.000,0.000,0.000
-59.000,2.262,446.978,320.000,0.000,0.000,0.000,0.000
-58.750,2.277,447.749,320.000,0.000,0.000,0.000,0.000
-58.500,2.292,448.523,320.000,0.000,0.000,0.000,0.000
-58.250,2.308,449.301,320.000,0.000,0.000,0.000,0.000
-58.000,2.323,450.083,320.000,0.000,0.000,0.000,0.000
-57.750,2.339,450.869,320.000,0.000,0.000,0.000,0.000
-57.500,2.354,451.658,320.000,0.000,0.000,0.000,0.000
-57.250,2.370,452.452,320.000,0.000,0.000,0.000,0.000
-57.000,2.386,453.249,320.000,0.000,0.000,0.000,0.000
-56.750,2.402,454.051,320.000,0.000,0.000,0.000,0.000
-56.500,2.419,454.856,320.000,0.000,0.000,0.000,0.000
-56.250,2.435,455.665,320.000,0.000,0.000,0.000,0.000
-56.000,2.452,456.478,320.000,0.000,0.000,0.000,0.000
-55.750,2.469,457.295,320.000,0.000,0.000,0.000,0.000
-55.500,2.486,458.116,320.000,0.000,0.000,0.000,0.000
-55.250,2.503,458.941,320.000,0.000,0.000,0.000,0.000
-55.000,2.520,459.770,320.000,0.000,0.000,0.000,0.000
-54.750,2.538,460.603,320.000,0.000,0.000,0.000,0.000
-54.500,2.556,461.440,320.000,0.000,0.000,0.000,0.000
-54.250,2.574,462.281,320.000,0.000,0.000,0.000,0.000
-54.000,2.592,463.126,320.000,0.000,0.000,0.000,0.000
-53.750,2.610,463.975,320.000,0.000,0.000,0.000,0.000
-53.500,2.628,464.828,320.000,0.000,0.000,0.000,0.000
-53.250,2.647,465.685,320.000,0.000,0.000,0.000,0.000
-53.000,2.666,466.547,320.000,0.000,0.000,0.000,0.000
-52.750,2.685,467.412,320.000,0.000,0.000,0.000,0.000
-52.500,2.704,468.281,320.000,0.000,0.000,0.000,0.000
-52.250,2.723,469.154,320.000,0.000,0.000,0.000,0.000
-52.000,2.743,470.032,320.000,0.000,0.000,0.000,0.000
-51.750,2.762,470.914,320.000,0.000,0.000,0.000,0.000
-51.500,2.782,471.799,320.000,0.000,0.000,0.000,0.000
-51.250,2.802,472.689,320.000,0.000,0.000,0.000,0.000
-51.000,2.823,473.583,320.000,0.000,0.000,0.000,0.000
-50.750,2.843,474.481,320.000,0.000,0.000,0.000,0.000
-50.500,2.864,475.383,320.000,0.000,0.000,0.000,0.000
-50.250,2.885,476.289,320.000,0.000,0.000,0.000,0.000
-50.000,2.906,477.199,320.000,0.000,0.000,0.000,0.000
-49.750,2.928,478.114,320.000,0.000,0.000,0.000,0.000
-49.500,2.949,479.033,320.000,0.000,0.000,0.000,0.000
-49.250,2.971,479.955,320.000,0.000,0.000,0.000,0.000
-49.000,2.993,480.882,320.000,0.000,0.000,0.000,0.000
-48.750,3.015,481.813,320.000,0.000,0.000,0.000,0.000
-48.500,3.038,482.748,320.000,0.000,0.000,0.000,0.000
-48.250,3.060,483.687,320.000,0.000,0.000,0.000,0.000
-48.000,3.083,484.631,320.000,0.000,0.000,0.000,0.000
-47.750,3.106,485.578,320.000,0.000,0.000,0.000,0.000
-47.500,3.130,486.530,320.000,0.000,0.000,0.000,0.000
-47.250,3.153,487.486,320.000,0.000,0.000,0.000,0.000
-47.000,3.177,488.446,320.000,0.000,0.000,0.000,0.000
-46.750,3.201,489.410,320.000,0.000,0.000,0.000,0.000
-46.500,3.225,490.378,320.000,0.000,0.000,0.000,0.000
-46.250,3.250,491.350,320.000,0.000,0.000,0.000,0.000
-46.000,3.275,492.327,320.000,0.000,0.000,0.000,0.000
-45.750,3.300,493.307,320.000,0.000,0.000,0.000,0.000
-45.500,3.325,494.292,320.000,0.000,0.000,0.000,0.000
-45.250,3.350,495.280,320.000,0.000,0.000,0.000,0.000
-45.000,3.376,496.273,320.000,0.000,0.000,0.000,0.000
-44.750,3.402,497.270,320.000,0.000,0.000,0.000,0.000
-44.500,3.428,498.271,320.000,0.000,0.000,0.000,0.000
-44.250,3.455,499.276,320.000,0.000,0.000,0.000,0.000
-44.000,3.482,500.285,320.000,0.000,0.000,0.000,0.000
-43.750,3.509,501.298,320.000,0.000,0.000,0.000,0.000
-43.500,3.536,502.315,320.000,0.000,0.000,0.000,0.000
-43.250,3.564,503.336,320.000,0.000,0.000,0.000,0.000
-43.000,3.591,504.361,320.000,0.000,0.000,0.000,0.000
-42.750,3.619,505.390,320.000,0.000,0.000,0.000,0.000
-42.500,3.648,506.423,320.000,0.000,0.000,0.000,0.000
-42.250,3.676,507.460,320.000,0.000,0.000,0.000,0.000
-42.000,3.705,508.501,320.000,0.000,0.000,0.000,0.000
-41.750,3.734,509.546,320.000,0.000,0.000,0.000,0.000
-41.500,3.764,510.594,320.000,0.000,0.000,0.000,0.000
-41.250,3.794,511.647,320.000,0.000,0.000,0.000,0.000
-41.000,3.824,512.703,320.000,0.000,0.000,0.000,0.000
-40.750,3.854,513.763,320.000,0.000,0.000,0.000,0.000
-40.500,3.885,514.827,320.000,0.000,0.000,0.000,0.000
-40.250,3.915,515.895,320.000,0.000,0.000,0.000,0.000
-40.000,3.947,516.966,320.000,0.000,0.000,0.000,0.000
-39.750,3.978,518.041,320.000,0.000,0.000,0.000,0.000
-39.500,4.010,519.120,320.000,0.000,0.000,0.000,0.000
-39.250,4.042,520.202,320.000,0.000,0.000,0.000,0.000
-39.000,4.074,521.288,320.000,0.000,0.000,0.000,0.000
-38.750,4.107,522.378,320.000,0.000,0.000,0.000,0.000
-38.500,4.140,523.471,320.000,0.000,0.000,0.000,0.000
-38.250,4.173,524.568,320.000,0.000,0.000,0.000,0.000
-38.000,4.206,525.668,320.000,0.000,0.000,0.000,0.000
-37.750,4.240,526.772,320.000,0.000,0.000,0.000,0.000
-37.500,4.274,527.878,320.000,0.000,0.000,0.000,0.000
-37.250,4.309,528.989,320.000,0.000,0.000,0.000,0.000
-37.000,4.343,530.102,320.000,0.000,0.000,0.000,0.000
-36.750,4.378,531.219,320.000,0.000,0.000,0.000,0.000
-36.500,4.414,532.339,320.000,0.000,0.000,0.000,0.000
-36.250,4.449,533.462,320.000,0.000,0.000,0.000,0.000
-36.000,4.485,534.589,320.000,0.000,0.000,0.000,0.000
-35.750,4.522,535.718,320.000,0.000,0.000,0.000,0.000
-35.500,4.558,536.850,320.000,0.000,0.000,0.000,0.000
-35.250,4.595,537.986,320.000,0.000,0.000,0.000,0.000
-35.000,4.632,539.124,320.000,0.000,0.000,0.000,0.000
-34.750,4.670,540.265,320.000,0.000,0.000,0.000,0.000
-34.500,4.708,541.409,320.000,0.000,0.000,0.000,0.000
-34.250,4.746,542.555,320.000,0.000,0.000,0.000,0.000
-34.000,4.784,543.705,320.000,0.000,0.000,0.000,0.000
-33.750,4.823,544.856,320.000,0.000,0.000,0.000,0.000
-33.500,4.862,546.011,320.000,0.000,0.000,0.000,0.000
-33.250,4.902,547.167,320.000,0.000,0.000,0.000,0.000
-33.000,4.941,548.326,320.000,0.000,0.000,0.000,0.000
-32.750,4.981,549.488,320.000,0.000,0.000,0.000,0.000
-32.500,5.022,550.651,320.000,0.000,0.000,0.000,0.000
-32.250,5.062,551.817,320.000,0.000,0.000,0.000,0.000
-32.000,5.103,552.984,320.000,0.000,0.000,0.000,0.000
-31.750,5.144,554.154,320.000,0.000,0.000,0.000,0.000
-31.500,5.186,555.326,320.000,0.000,0.000,0.000,0.000
-31.250,5.228,556.499,320.000,0.000,0.000,0.000,0.000
-31.000,5.270,557.674,320.000,0.000,0.000,0.000,0.000
-30.750,5.313,558.851,320.000,0.000,0.000,0.000,0.000
-30.500,5.355,560.029,320.000,0.000,0.000,0.000,0.000
-30.250,5.399,561.208,320.000,0.000,0.000,0.000,0.000
-30.000,5.442,562.389,320.000,0.000,0.000,0.000,0.000
-29.750,5.486,563.571,320.000,0.000,0.000,0.000,0.000
-29.500,5.530,564.755,320.000,0.000,0.000,0.000,0.000
-29.250,5.574,565.939,320.000,0.000,0.000,0.000,0.000
-29.000,5.618,567.124,320.000,0.000,0.000,0.000,0.000
-28.750,5.663,568.310,320.000,0.000,0.000,0.000,0.000
-28.500,5.709,569.496,320.000,0.000,0.000,0.000,0.000
-28.250,5.754,570.683,320.000,0.000,0.000,0.000,0.000
-28.000,5.800,571.871,320.000,0.000,0.000,0.000,0.000
-27.750,5.846,573.059,320.000,0.000,0.000,0.000,0.000
-27.500,5.892,574.247,320.000,0.000,0.000,0.000,0.000
-27.250,5.938,575.435,320.000,0.000,0.000,0.000,0.000
-27.000,5.985,576.623,320.000,0.000,0.000,0.000,0.000
-26.750,6.032,577.810,320.000,0.000,0.000,0.000,0.000
-26.500,6.080,578.998,320.000,0.000,0.000,0.000,0.000
-26.250,6.127,580.184,320.000,0.000,0.000,0.000,0.000
-26.000,6.175,581.371,320.000,0.000,0.000,0.000,0.000
-25.750,6.223,582.556,320.000,0.000,0.000,0.000,0.000
-25.500,6.271,583.740,320.000,0.000,0.000,0.000,0.000
-25.250,6.320,584.924,320.000,0.000,0.000,0.000,0.000
-25.000,6.368,586.106,320.000,0.000,0.000,0.000,0.000
-24.750,6.417,587.287,320.000,0.000,0.000,0.000,0.000
-24.500,6.466,588.466,320.000,0.000,0.000,0.000,0.000
-24.250,6.516,589.643,320.000,0.000,0.000,0.000,0.000
-24.000,6.565,590.819,320.000,0.000,0.000,0.000,0.000
-23.750,6.615,591.992,320.000,0.000,0.000,0.000,0.000
-23.500,6.665,593.164,320.000,0.000,0.000,0.000,0.000
-23.250,6.715,594.333,320.000,0.000,0.000,0.000,0.000
-23.000,6.765,595.499,320.000,0.000,0.000,0.000,0.000
-22.750,6.815,596.662,320.000,0.000,0.000,0.000,0.000
-22.500,6.866,597.823,320.000,0.000,0.000,0.000,0.000
-22.250,6.916,598.981,320.000,0.000,0.000,0.000,0.000
-22.000,6.967,600.135,320.000,0.000,0.000,0.000,0.000
-21.750,7.018,601.285,320.000,0.000,0.000,0.000,0.000
-21.500,7.069,602.432,320.000,0.000,0.000,0.000,0.000
-21.250,7.120,603.575,320.000,0.000,0.000,0.000,0.000
-21.000,7.171,604.714,320.000,0.000,0.000,0.000,0.000
-20.750,7.222,605.849,320.000,0.000,0.000,0.000,0.000
-20.500,7.273,606.979,320.000,0.000,0.000,0.000,0.000
-20.250,7.325,608.105,320.000,0.000,0.000,0.000,0.000
-20.000,7.376,609.225,320.000,0.000,0.000,0.000,0.000
-19.750,7.427,610.340,320.000,0.000,0.000,0.000,0.000
-19.500,7.478,611.451,320.000,0.000,0.000,0.000,0.000
-19.250,7.530,612.555,320.000,0.000,0.000,0.000,0.000
-19.000,7.581,372.597,3000.000,0.000,0.001,0.000,0.000
-18.750,7.633,373.255,3000.000,0.000,0.006,0.000,0.000
-18.500,7.685,373.910,2820.931,0.000,0.017,0.000,0.000
-18.250,7.738,374.566,2520.829,0.000,0.035,0.000,0.000
-18.000,7.790,375.225,2263.203,0.000,0.059,0.000,0.000
-17.750,7.843,375.890,2054.277,0.000,0.090,0.000,0.000
-17.500,7.896,376.564,1884.652,0.000,0.127,0.000,0.000
-17.250,7.949,377.250,1745.232,0.000,0.170,0.000,0.000
-17.000,8.003,377.951,1629.029,0.000,0.220,0.000,0.000
-16.750,8.057,378.669,1530.886,0.000,0.276,0.000,0.000
-16.500,8.112,379.408,1447.002,0.000,0.338,0.000,0.000
-16.250,8.167,380.171,1374.544,0.000,0.407,0.000,0.000
-16.000,8.223,380.961,1311.368,0.000,0.482,0.000,0.000
-15.750,8.280,381.780,1255.829,0.000,0.563,0.000,0.000
-15.500,8.337,382.631,1206.646,0.000,0.651,0.000,0.000
-15.250,8.395,383.518,1162.807,0.001,0.745,0.000,0.000
-15.000,8.454,384.444,1123.505,0.001,0.846,0.000,0.000
-14.750,8.514,385.410,1088.087,0.001,0.953,0.000,0.000
-14.500,8.575,386.421,1056.020,0.001,1.066,0.000,0.000
-14.250,8.637,387.479,1026.864,0.001,1.185,0.000,0.000
-14.000,8.700,388.587,1000.255,0.001,1.311,0.000,0.000
-13.750,8.764,389.749,975.888,0.002,1.443,0.000,0.000
-13.500,8.830,390.966,953.504,0.002,1.581,0.000,0.000
-13.250,8.896,392.243,932.885,0.002,1.726,0.000,0.000
-13.000,8.965,393.582,913.842,0.002,1.877,0.000,0.000
-12.750,9.034,394.985,896.217,0.003,2.034,0.000,0.000
-12.500,9.106,396.457,879.869,0.003,2.197,0.000,0.000
-12.250,9.178,397.999,864.677,0.003,2.367,0.000,0.000
-12.000,9.253,399.615,850.538,0.004,2.542,0.000,0.000
-11.750,9.329,401.308,837.358,0.004,2.724,0.000,0.000
-11.500,9.407,403.080,825.057,0.004,2.912,0.000,0.000
-11.250,9.486,404.935,813.562,0.005,3.106,0.000,0.000
-11.000,9.568,406.876,802.812,0.005,3.306,0.000,0.000
-10.750,9.652,408.904,792.749,0.006,3.512,0.000,0.000
-10.500,9.737,411.025,783.324,0.006,3.724,0.000,0.000
-10.250,9.825,413.239,774.492,0.007,3.943,0.000,0.000
-10.000,9.915,415.550,766.213,0.008,4.167,0.000,0.000
-9.750,10.007,417.961,758.450,0.008,4.397,0.000,0.000
-9.500,10.101,420.475,751.171,0.009,4.632,0.000,0.000
-9.250,10.198,423.095,744.347,0.010,4.874,0.000,0.000
-9.000,10.297,425.823,737.952,0.010,5.122,0.000,0.000
-8.750,10.399,428.662,731.962,0.011,5.375,0.000,0.000
-8.500,10.503,431.615,726.355,0.012,5.634,0.000,0.000
-8.250,10.610,434.686,721.110,0.013,5.898,0.000,0.000
-8.000,10.719,437.875,716.211,0.014,6.169,0.000,0.000
-7.750,10.831,441.188,711.641,0.015,6.444,0.000,0.000
-7.500,10.946,444.625,707.384,0.016,6.725,0.000,0.000
-7.250,11.063,448.191,703.428,0.017,7.012,0.000,0.000
-7.000,11.183,451.887,699.759,0.018,7.304,0.000,0.000
-6.750,11.306,455.717,696.366,0.019,7.601,0.000,0.000
-6.500,11.432,459.682,693.238,0.020,7.904,0.000,0.000
-6.250,11.561,463.786,690.366,0.021,8.211,0.000,0.000
-6.000,11.693,468.032,687.741,0.022,8.524,0.000,0.000
-5.750,11.828,472.422,685.355,0.023,8.842,0.000,0.000
-5.500,11.966,476.958,683.200,0.025,9.165,0.000,0.000
-5.250,12.107,481.644,681.269,0.026,9.492,0.000,0.000
-5.000,12.251,486.481,679.556,0.028,9.825,0.000,0.000
-4.750,12.399,491.472,678.054,0.029,10.162,0.000,0.000
-4.500,12.549,496.621,676.759,0.031,10.503,0.000,0.000
-4.250,12.703,501.928,675.665,0.032,10.850,0.000,0.000
-4.000,12.859,507.398,674.767,0.034,11.200,0.000,0.000
-3.750,13.019,513.032,674.062,0.035,11.555,0.000,0.000
-3.500,13.182,518.832,673.545,0.037,11.915,0.000,0.000
-3.250,13.349,524.802,673.212,0.039,12.278,0.000,0.000
-3.000,13.518,530.943,673.060,0.041,12.645,0.000,0.000
-2.750,13.691,537.257,673.086,0.043,13.017,0.000,0.000
-2.500,13.867,543.748,673.287,0.044,13.392,0.000,0.000
-2.250,14.046,550.417,673.659,0.046,13.771,0.000,0.000
-2.000,14.228,557.267,674.201,0.048,14.153,0.000,0.000
-1.750,14.413,564.300,674.910,0.051,14.539,0.000,0.000
-1.500,14.602,571.518,675.784,0.053,14.928,0.000,0.000
-1.250,14.793,578.923,676.821,0.055,15.321,0.000,0.000
-1.000,14.988,586.517,678.018,0.057,15.716,0.000,0.000
-0.750,15.186,594.303,679.374,0.059,16.115,0.000,0.000
-0.500,15.386,602.282,680.888,0.062,16.516,0.000,0.000
-0.250,15.590,610.457,682.557,0.064,16.921,0.000,0.000
0.000,15.797,618.829,684.380,0.067,17.327,0.000,0.000
0.250,16.006,627.401,686.357,0.069,17.737,0.000,0.000
0.500,16.219,636.175,688.485,0.072,18.148,0.000,0.000
0.750,16.434,645.152,690.763,0.075,18.562,0.000,0.000
1.000,16.652,654.334,693.190,0.077,18.977,0.000,0.000
1.250,16.872,663.723,695.766,0.080,19.395,0.000,0.000
1.500,17.095,673.322,698.488,0.083,19.814,0.000,0.000
1.750,17.321,683.130,701.357,0.086,20.235,0.000,0.000
2.000,17.549,693.152,704.371,0.089,20.657,0.000,0.000
2.250,17.780,703.387,707.530,0.092,21.081,0.000,0.000
2.500,18.013,713.839,710.832,0.095,21.505,0.000,0.000
2.750,18.248,724.507,714.277,0.098,21.931,0.000,0.000
3.000,18.485,734.639,724.507,0.101,22.357,0.000,0.000
3.250,18.724,744.966,734.639,0.105,22.784,0.000,0.000
3.500,18.966,755.453,744.966,0.108,23.211,0.000,0.000
3.750,19.209,766.105,755.453,0.111,23.639,0.000,0.000
4.000,19.454,776.918,766.105,0.115,24.066,0.000,0.000
4.250,19.701,787.893,776.918,0.118,24.494,0.000,0.000
4.500,19.949,799.028,787.893,0.122,24.921,0.000,0.000
4.750,20.199,810.322,799.028,0.126,25.348,0.000,0.000
5.000,20.450,821.773,810.322,0.129,25.774,0.000,0.000
5.250,20.703,833.380,821.773,0.133,26.200,0.000,0.000
5.500,20.957,845.142,833.380,0.137,26.624,0.000,0.000
5.750,21.212,857.056,845.142,0.141,27.048,0.000,0.000
6.000,21.467,869.121,857.056,0.145,27.470,0.000,0.000
6.250,21.724,881.335,869.121,0.149,27.890,0.000,0.000
6.500,21.982,893.696,881.335,0.153,28.309,0.000,0.000
6.750,22.240,906.202,893.696,0.157,28.726,0.000,0.000
7.000,22.498,918.851,906.202,0.161,29.140,0.000,0.000
7.250,22.757,931.641,918.851,0.165,29.553,0.000,0.000
7.500,23.017,944.570,931.641,0.170,29.963,0.000,0.000
7.750,23.276,957.635,944.570,0.174,30.370,0.000,0.000
8.000,23.536,970.833,957.635,0.178,30.775,0.000,0.000
8.250,23.795,984.163,970.833,0.183,31.176,0.000,0.000
8.500,24.054,997.622,984.163,0.187,31.575,0.000,0.000
8.750,24.313,1011.207,997.622,0.192,31.970,0.000,0.000
9.000,24.572,1024.915,1011.207,0.197,32.361,0.000,0.000
9.250,24.829,1038.743,1024.915,0.201,32.749,0.000,0.000
9.500,25.087,1052.689,1038.743,0.206,33.132,0.000,0.000
9.750,25.343,1066.750,1052.689,0.211,33.512,0.000,0.000
10.000,25.598,1080.922,1066.750,0.216,33.887,0.000,0.000
10.250,25.853,1095.203,1080.922,0.221,34.258,0.000,0.000
10.500,26.106,1109.589,1095.203,0.226,34.624,0.000,0.000
10.750,26.358,1124.078,1109.589,0.231,34.985,0.000,0.000
11.000,26.608,1138.665,1124.078,0.236,35.341,0.000,0.000
11.250,26.857,1153.348,1138.665,0.241,35.691,0.000,0.000
11.500,27.105,1168.123,1153.348,0.246,36.037,0.000,0.000
11.750,27.350,1182.987,1168.123,0.251,36.376,0.000,0.000
12.000,27.594,1197.935,1182.987,0.257,36.710,0.000,0.000
12.250,27.836,1212.966,1197.935,0.262,37.038,0.000,0.000
12.500,28.076,1228.074,1212.966,0.267,37.360,0.000,0.000
12.750,28.313,1243.256,1228.074,0.273,37.676,0.000,0.000
13.000,28.548,1258.509,1243.256,0.278,37.985,0.000,0.000
13.250,28.781,1273.829,1258.509,0.284,38.288,0.000,0.000
13.500,29.011,1289.212,1273.829,0.289,38.584,0.000,0.000
13.750,29.239,1304.655,1289.212,0.295,38.872,0.000,0.000
14.000,29.464,1320.152,1304.655,0.300,39.154,0.000,0.000
14.250,29.686,1335.701,1320.152,0.306,39.429,0.000,0.001
14.500,29.905,1351.298,1335.701,0.312,39.696,0.000,0.001
14.750,30.121,1366.938,1351.298,0.318,39.955,0.000,0.001
15.000,30.334,1382.617,1366.938,0.323,40.207,0.000,0.001
15.250,30.544,1398.332,1382.617,0.329,40.451,0.000,0.001
15.500,30.751,1414.079,1398.332,0.335,40.688,0.000,0.001
15.750,30.955,1429.853,1414.079,0.341,40.916,0.000,0.001
16.000,31.155,1445.650,1429.853,0.347,41.136,0.000,0.002
16.250,31.351,1461.466,1445.650,0.353,41.347,0.000,0.002
16.500,31.544,1477.298,1461.466,0.359,41.550,0.000,0.002
16.750,31.733,1493.141,1477.298,0.365,41.745,0.000,0.002
17.000,31.919,1508.990,1493.141,0.371,41.931,0.000,0.003
17.250,32.101,1524.843,1508.990,0.377,42.108,0.000,0.003
17.500,32.279,1540.694,1524.843,0.383,42.276,0.000,0.004
17.750,32.453,1556.540,1540.694,0.389,42.435,0.000,0.004
18.000,32.623,1572.376,1556.540,0.395,42.585,0.000,0.004
18.250,32.789,1588.198,1572.376,0.401,42.726,0.000,0.005
18.500,32.951,1604.003,1588.198,0.407,42.858,0.000,0.006
18.750,33.109,1619.785,1604.003,0.414,42.980,0.000,0.006
19.000,33.263,1635.542,1619.785,0.420,43.094,0.000,0.007
19.250,33.413,1651.268,1635.542,0.426,43.197,0.000,0.008
19.500,33.559,1666.961,1651.268,0.432,43.291,0.000,0.009
19.750,33.700,1682.615,1666.961,0.438,43.376,0.000,0.010
20.000,33.837,1698.227,1682.615,0.445,43.451,0.000,0.011
20.250,33.969,1713.793,1698.227,0.451,43.516,0.000,0.012
20.500,34.097,1729.309,1713.793,0.457,43.571,0.000,0.014
20.750,34.221,1744.771,1729.309,0.463,43.617,0.000,0.015
21.000,34.341,1760.175,1744.771,0.470,43.653,0.000,0.017
21.250,34.456,1775.517,1760.175,0.476,43.680,0.000,0.018
21.500,34.566,1790.793,1775.517,0.482,43.696,0.000,0.020
21.750,34.673,1806.000,1790.793,0.489,43.703,0.000,0.022
22.000,34.774,1821.133,1806.000,0.495,43.700,0.000,0.024
22.250,34.871,1836.190,1821.133,0.501,43.687,0.000,0.027
22.500,34.964,1851.166,1836.190,0.507,43.664,0.000,0.029
22.750,35.052,1866.058,1851.166,0.514,43.631,0.000,0.032
23.000,35.136,1880.862,1866.058,0.520,43.589,0.000,0.035
23.250,35.215,1895.575,1880.862,0.526,43.537,0.000,0.038
23.500,35.290,1910.193,1895.575,0.532,43.475,0.000,0.041
23.750,35.361,1924.713,1910.193,0.539,43.404,0.000,0.044
24.000,35.426,1939.131,1924.713,0.545,43.323,0.000,0.048
24.250,35.488,1953.444,1939.131,0.551,43.232,0.000,0.051
24.500,35.545,1967.649,1953.444,0.557,43.132,0.000,0.055
24.750,35.597,1981.743,1967.649,0.564,43.022,0.000,0.060
25.000,35.645,1995.722,1981.743,0.570,42.903,0.001,0.064
25.250,35.689,2009.584,1995.722,0.576,42.775,0.001,0.069
25.500,35.728,2023.326,2009.584,0.582,42.637,0.001,0.074
25.750,35.763,2036.944,2023.326,0.588,42.490,0.001,0.079
26.000,35.794,2050.435,2036.944,0.594,42.334,0.002,0.084
26.250,35.820,2063.798,2050.435,0.600,42.170,0.002,0.090
26.500,35.842,2077.029,2063.798,0.606,41.996,0.003,0.096
26.750,35.860,2090.125,2077.029,0.612,41.813,0.004,0.102
27.000,35.874,2103.084,2090.125,0.618,41.622,0.005,0.108
27.250,35.883,2115.904,2103.084,0.624,41.422,0.006,0.115
27.500,35.889,2128.581,2115.904,0.630,41.214,0.007,0.122
27.750,35.890,2141.115,2128.581,0.636,40.998,0.009,0.129
28.000,35.887,2153.501,2141.115,0.642,40.773,0.011,0.137
28.250,35.880,2165.739,2153.501,0.648,40.540,0.013,0.144
28.500,35.870,2177.826,2165.739,0.654,40.300,0.016,0.152
28.750,35.855,2189.760,2177.826,0.659,40.051,0.020,0.160
29.000,35.836,2201.539,2189.760,0.665,39.795,0.024,0.169
29.250,35.814,2213.161,2201.539,0.671,39.532,0.029,0.177
29.500,35.788,2224.624,2213.161,0.676,39.261,0.035,0.186
29.750,35.758,2235.927,2224.624,0.682,38.983,0.043,0.196
30.000,35.724,2247.068,2235.927,0.687,38.698,0.051,0.205
30.250,35.687,2258.045,2247.068,0.693,38.407,0.061,0.215
30.500,35.646,2268.857,2258.045,0.698,38.108,0.072,0.225
30.750,35.602,2279.503,2268.857,0.704,37.803,0.085,0.235
31.000,35.554,2289.981,2279.503,0.709,37.492,0.100,0.245
31.250,35.502,2300.290,2289.981,0.715,37.175,0.118,0.256
31.500,35.447,2310.428,2300.290,0.720,36.852,0.138,0.266
31.750,35.389,2320.395,2310.428,0.725,36.523,0.161,0.277
32.000,35.328,2330.189,2320.395,0.730,36.189,0.187,0.288
32.250,35.264,2339.814,2330.189,0.736,35.849,0.217,0.300
32.500,35.196,2349.251,2339.814,0.741,35.504,0.250,0.311
32.750,35.125,2358.556,2349.251,0.746,35.154,0.288,0.323
33.000,35.051,2367.557,2358.556,0.751,34.799,0.331,0.335
33.250,34.974,2376.775,2367.557,0.756,34.440,0.379,0.347
33.500,34.895,2384.574,2376.775,0.761,34.076,0.432,0.359
33.750,34.812,2396.234,2384.574,0.765,33.708,0.491,0.371
34.000,34.727,2394.234,2396.234,0.770,33.337,0.559,0.383
34.250,34.639,2430.989,2396.343,0.775,32.961,0.627,0.396
34.500,34.548,2345.271,2430.989,0.780,32.582,0.729,0.407
34.750,34.454,2382.054,2430.596,0.784,32.199,0.831,0.418
35.000,34.358,2418.784,2430.423,0.789,31.814,0.934,0.430
35.250,34.260,2455.449,2430.462,0.793,31.425,1.037,0.444
35.500,34.159,2393.573,2455.449,0.798,31.034,1.173,0.455
35.750,34.056,2430.153,2455.207,0.802,30.640,1.310,0.467
36.000,33.950,2466.629,2455.166,0.807,30.244,1.447,0.480
36.250,33.842,2454.091,2466.629,0.811,29.845,1.603,0.493
36.500,33.732,2490.356,2466.651,0.815,29.445,1.760,0.506
36.750,33.620,2419.060,2490.356,0.819,29.043,1.963,0.517
37.000,33.506,2455.112,2490.081,0.823,28.639,2.167,0.529
37.250,33.390,2490.982,2489.987,0.827,28.235,2.371,0.542
37.500,33.271,2500.000,2490.982,0.831,27.829,2.577,0.555
37.750,33.151,2500.000,2500.000,0.835,27.422,2.806,0.568
38.000,33.029,2500.000,2500.069,0.839,27.014,3.035,0.581
38.250,32.905,2500.000,2500.136,0.843,26.606,3.265,0.593
38.500,32.780,2500.000,2500.199,0.847,26.198,3.495,0.605
38.750,32.653,2500.000,2500.260,0.851,25.789,3.727,0.617
39.000,32.524,2500.000,2500.318,0.854,25.381,3.959,0.629
39.250,32.394,2500.000,2500.374,0.858,24.972,4.191,0.641
39.500,32.262,2500.000,2500.427,0.861,24.564,4.424,0.652
39.750,32.129,2500.000,2500.477,0.865,24.157,4.658,0.663
40.000,31.994,2500.000,2500.526,0.868,23.751,4.893,0.675
40.250,31.858,2500.000,2500.572,0.872,23.345,5.128,0.685
40.500,31.721,2500.000,2500.616,0.875,22.941,5.363,0.696
40.750,31.583,2500.000,2500.658,0.878,22.538,5.599,0.707
41.000,31.444,2500.000,2500.697,0.881,22.136,5.835,0.717
41.250,31.303,2500.000,2500.735,0.884,21.736,6.072,0.727
41.500,31.161,2500.000,2500.772,0.887,21.338,6.309,0.737
41.750,31.019,2500.000,2500.806,0.890,20.941,6.547,0.747
42.000,30.875,2500.000,2500.839,0.893,20.547,6.784,0.757
42.250,30.731,2500.000,2500.870,0.896,20.155,7.022,0.766
42.500,30.586,2500.000,2500.900,0.899,19.765,7.261,0.775
42.750,30.439,2500.000,2500.928,0.902,19.378,7.499,0.785
43.000,30.293,2500.000,2500.955,0.905,18.994,7.738,0.794
43.250,30.145,2500.000,2500.980,0.907,18.612,7.977,0.802
43.500,29.997,2500.000,2501.004,0.910,18.234,8.216,0.811
43.750,29.848,2500.000,2501.027,0.912,17.858,8.455,0.819
44.000,29.699,2500.000,2501.049,0.915,17.485,8.695,0.828
44.250,29.549,2500.000,2501.069,0.917,17.116,8.934,0.836
44.500,29.399,2500.000,2501.089,0.920,16.750,9.174,0.844
44.750,29.248,2500.000,2501.107,0.922,16.388,9.413,0.851
45.000,29.097,2500.000,2501.124,0.925,16.029,9.653,0.859
45.250,28.945,2500.000,2501.141,0.927,15.674,9.892,0.867
45.500,28.794,2500.000,2501.156,0.929,15.323,10.132,0.874
45.750,28.642,2500.000,2501.171,0.931,14.976,10.371,0.881
46.000,28.490,2500.000,2501.185,0.933,14.632,10.611,0.888
46.250,28.337,2500.000,2501.198,0.935,14.293,10.850,0.895
46.500,28.185,2500.000,2501.210,0.937,13.957,11.090,0.902
46.750,28.032,2500.000,2501.222,0.939,13.626,11.329,0.908
47.000,27.879,2500.000,2501.233,0.941,13.300,11.568,0.915
47.250,27.727,2500.000,2501.243,0.943,12.977,11.807,0.921
47.500,27.574,2500.000,2501.253,0.945,12.659,12.045,0.927
47.750,27.421,2500.000,2501.262,0.947,12.345,12.284,0.933
48.000,27.269,2500.000,2501.270,0.948,12.036,12.522,0.939
48.250,27.116,2500.000,2501.278,0.950,11.732,12.760,0.945
48.500,26.964,2500.000,2501.286,0.952,11.432,12.998,0.951
48.750,26.812,2500.000,2501.293,0.953,11.136,13.235,0.956
49.000,26.660,2500.000,2501.299,0.955,10.845,13.473,0.961
49.250,26.508,2500.000,2501.305,0.956,10.559,13.710,0.967
49.500,26.357,2500.000,2501.311,0.958,10.278,13.947,0.972
49.750,26.205,2500.000,2501.316,0.959,10.001,14.183,0.977
50.000,26.055,2500.000,2501.321,0.961,9.729,14.419,0.982
50.250,25.904,2500.000,2501.326,0.962,9.462,14.655,0.987
50.500,25.754,2500.000,2501.330,0.963,9.200,14.890,0.991
50.750,25.604,2500.000,2501.334,0.965,8.942,15.125,0.996
51.000,25.455,2500.000,2501.338,0.966,8.689,15.360,1.001
51.250,25.306,2500.000,2501.341,0.967,8.441,15.594,1.001
51.500,25.157,2500.000,2501.344,0.968,8.198,15.828,1.001
51.750,25.009,2500.000,2501.347,0.969,7.959,16.061,1.001
52.000,24.862,2500.000,2501.350,0.971,7.725,16.294,1.001
52.250,24.715,2500.000,2501.353,0.972,7.496,16.527,1.001
52.500,24.569,2500.000,2501.355,0.973,7.272,16.759,1.001
52.750,24.423,2500.000,2501.357,0.974,7.052,16.991,1.001
53.000,24.278,2500.000,2501.359,0.975,6.837,17.222,1.001
53.250,24.133,2500.000,2501.361,0.976,6.627,17.453,1.001
53.500,23.989,2500.000,2501.362,0.977,6.421,17.683,1.001
53.750,23.846,2500.000,2501.364,0.977,6.220,17.913,1.001
54.000,23.703,2500.000,2501.365,0.978,6.023,18.143,1.001
54.250,23.561,2500.000,2501.366,0.979,5.831,18.372,1.001
54.500,23.420,2500.000,2501.367,0.980,5.643,18.600,1.001
54.750,23.279,2500.000,2501.368,0.981,5.460,18.828,1.001
55.000,23.139,2500.000,2501.369,0.981,5.281,19.055,1.001
55.250,23.000,2500.000,2501.370,0.982,5.107,19.282,1.001
55.500,22.862,2500.000,2501.371,0.983,4.937,19.509,1.001
55.750,22.724,2500.000,2501.371,0.984,4.771,19.734,1.001
56.000,22.587,2500.000,2501.372,0.984,4.609,19.960,1.001
56.250,22.451,2500.000,2501.372,0.985,4.452,20.185,1.001
56.500,22.315,2500.000,2501.373,0.986,4.298,20.409,1.001
56.750,22.181,2500.000,2501.373,0.986,4.149,20.633,1.001
57.000,22.047,2500.000,2501.373,0.987,4.004,20.856,1.001
57.250,21.914,2500.000,2501.374,0.987,3.862,21.078,1.001
57.500,21.782,2500.000,2501.374,0.988,3.725,21.300,1.001
57.750,21.650,2500.000,2501.374,0.988,3.591,21.522,1.001
58.000,21.520,2500.000,2501.374,0.989,3.461,21.743,1.001
58.250,21.390,2500.000,2501.374,0.989,3.335,21.963,1.001
58.500,21.261,2500.000,2501.374,0.990,3.212,22.183,1.001
58.750,21.133,2500.000,2501.374,0.990,3.093,22.402,1.001
59.000,21.006,2500.000,2501.374,0.991,2.977,22.621,1.001
59.250,20.880,2500.000,2501.374,0.991,2.865,22.839,1.001
59.500,20.754,2500.000,2501.374,0.991,2.756,23.057,1.001
59.750,20.630,2500.000,2501.374,0.992,2.651,23.274,1.001
60.000,20.506,2500.000,2501.374,0.992,2.549,23.490,1.001
60.250,20.383,2500.000,2501.374,0.993,2.450,23.706,1.001
60.500,20.261,2500.000,2501.374,0.993,2.354,23.921,1.001
60.750,20.140,2500.000,2501.374,0.993,2.261,24.136,1.001
61.000,20.157,2500.000,2501.515,1.000,47.323,24.353,1.001
61.250,20.030,2500.000,2501.515,1.000,0.000,24.569,1.001
61.500,19.905,2500.000,2501.515,1.000,0.000,24.784,1.001
61.750,19.781,2500.000,2501.515,1.000,0.000,24.998,1.001
62.000,19.658,2500.000,2501.515,1.000,0.000,25.212,1.001
62.250,19.536,2500.000,2501.515,1.000,0.000,25.425,1.001
62.500,19.416,2500.000,2501.515,1.000,0.000,25.638,1.001
62.750,19.296,2500.000,2501.515,1.000,0.000,25.850,1.001
63.000,19.178,2500.000,2501.515,1.000,0.000,26.061,1.001
63.250,19.061,2500.000,2501.515,1.000,0.000,26.272,1.001
63.500,18.945,2500.000,2501.515,1.000,0.000,26.482,1.001
63.750,18.830,2500.000,2501.515,1.000,0.000,26.691,1.001
64.000,18.716,2500.000,2501.515,1.000,0.000,26.900,1.001
64.250,18.603,2500.000,2501.515,1.000,0.000,27.108,1.001
64.500,18.491,2500.000,2501.515,1.000,0.000,27.315,1.001
64.750,18.380,2500.000,2501.515,1.000,0.000,27.522,1.001
65.000,18.271,2500.000,2501.515,1.000,0.000,27.728,1.001
65.250,18.162,2500.000,2501.515,1.000,0.000,27.934,1.001
65.500,18.054,2500.000,2501.515,1.000,0.000,28.139,1.001
65.750,17.948,2500.000,2501.515,1.000,0.000,28.343,1.001
66.000,17.842,2500.000,2501.515,1.000,0.000,28.547,1.001
66.250,17.738,2500.000,2501.515,1.000,0.000,28.750,1.001
66.500,17.634,2500.000,2501.515,1.000,0.000,28.953,1.001
66.750,17.531,2500.000,2501.515,1.000,0.000,29.155,1.001
67.000,17.429,2500.000,2501.515,1.000,0.000,29.356,1.001
67.250,17.329,2500.000,2501.515,1.000,0.000,29.557,1.001
67.500,17.229,2500.000,2501.515,1.000,0.000,29.757,1.001
67.750,17.130,2500.000,2501.515,1.000,0.000,29.957,1.001
68.000,17.032,2500.000,2501.515,1.000,0.000,30.156,1.001
68.250,16.935,2500.000,2501.515,1.000,0.000,30.354,1.001
68.500,16.839,2500.000,2501.515,1.000,0.000,30.552,1.001
68.750,16.743,2500.000,2501.515,1.000,0.000,30.750,1.001
69.000,16.649,2500.000,2501.515,1.000,0.000,30.947,1.001
69.250,16.555,2500.000,2501.515,1.000,0.000,31.143,1.001
69.500,16.462,2500.000,2501.515,1.000,0.000,31.339,1.001
69.750,16.371,2500.000,2501.515,1.000,0.000,31.534,1.001
70.000,16.280,2500.000,2501.515,1.000,0.000,31.729,1.001
70.250,16.189,2500.000,2501.515,1.000,0.000,31.923,1.001
70.500,16.100,2500.000,2501.515,1.000,0.000,32.116,1.001
70.750,16.011,2500.000,2501.515,1.000,0.000,32.309,1.001
71.000,15.924,2500.000,2501.515,1.000,0.000,32.502,1.001
71.250,15.837,2500.000,2501.515,1.000,0.000,32.694,1.001
71.500,15.751,2500.000,2501.515,1.000,0.000,32.885,1.001
71.750,15.665,2500.000,2501.515,1.000,0.000,33.076,1.001
72.000,15.581,2500.000,2501.515,1.000,0.000,33.267,1.001
72.250,15.497,2500.000,2501.515,1.000,0.000,33.456,1.001
72.500,15.414,2500.000,2501.515,1.000,0.000,33.646,1.001
72.750,15.331,2500.000,2501.515,1.000,0.000,33.835,1.001
73.000,15.250,2500.000,2501.515,1.000,0.000,34.023,1.001
73.250,15.169,2500.000,2501.515,1.000,0.000,34.211,1.001
73.500,15.089,2500.000,2501.515,1.000,0.000,34.398,1.001
73.750,15.010,2500.000,2501.515,1.000,0.000,34.585,1.001
74.000,14.931,2500.000,2501.515,1.000,0.000,34.772,1.001
74.250,14.853,2500.000,2501.515,1.000,0.000,34.958,1.001
74.500,14.776,2500.000,2501.515,1.000,0.000,35.143,1.001
74.750,14.699,2500.000,2501.515,1.000,0.000,35.328,1.001
75.000,14.623,2500.000,2501.515,1.000,0.000,35.512,1.001
75.250,14.548,2500.000,2501.515,1.000,0.000,35.696,1.001
75.500,14.473,2500.000,2501.515,1.000,0.000,35.880,1.001
75.750,14.400,2500.000,2501.515,1.000,0.000,36.063,1.001
76.000,14.326,2500.000,2501.515,1.000,0.000,36.246,1.001
76.250,14.254,2500.000,2501.515,1.000,0.000,36.428,1.001
76.500,14.182,2500.000,2501.515,1.000,0.000,36.609,1.001
76.750,14.111,2500.000,2501.515,1.000,0.000,36.791,1.001
77.000,14.040,2500.000,2501.515,1.000,0.000,36.971,1.001
77.250,13.970,2500.000,2501.515,1.000,0.000,37.152,1.001
77.500,13.900,2500.000,2501.515,1.000,0.000,37.332,1.001
77.750,13.832,2500.000,2501.515,1.000,0.000,37.511,1.001
78.000,13.763,2500.000,2501.515,1.000,0.000,37.690,1.001
78.250,13.696,2500.000,2501.515,1.000,0.000,37.868,1.001
78.500,13.629,2500.000,2501.515,1.000,0.000,38.047,1.001
78.750,13.562,2500.000,2501.515,1.000,0.000,38.224,1.001
79.000,13.497,2500.000,2501.515,1.000,0.000,38.401,1.001
79.250,13.431,2500.000,2501.515,1.000,0.000,38.578,1.001
79.500,13.367,2500.000,2501.515,1.000,0.000,38.755,1.001
79.750,13.302,2500.000,2501.515,1.000,0.000,38.931,1.001
80.000,13.239,2500.000,2501.515,1.000,0.000,39.106,1.001
80.250,13.176,2500.000,2501.515,1.000,0.000,39.281,1.001
80.500,13.113,2500.000,2501.515,1.000,0.000,39.456,1.001
80.750,13.051,2500.000,2501.515,1.000,0.000,39.630,1.001
81.000,12.990,2500.000,2501.515,1.000,0.000,39.804,1.001
81.250,12.929,2500.000,2501.515,1.000,0.000,39.978,1.001
81.500,12.869,2500.000,2501.515,1.000,0.000,40.151,1.001
81.750,12.809,2500.000,2501.515,1.000,0.000,40.323,1.001
82.000,12.750,2500.000,2501.515,1.000,0.000,40.495,1.001
82.250,12.691,2500.000,2501.515,1.000,0.000,40.667,1.001
82.500,12.633,2500.000,2501.515,1.000,0.000,40.839,1.001
82.750,12.575,2500.000,2501.515,1.000,0.000,41.010,1.001
83.000,12.517,2500.000,2501.515,1.000,0.000,41.181,1.001
83.250,12.461,2500.000,2501.515,1.000,0.000,41.351,1.001
83.500,12.404,2500.000,2501.515,1.000,0.000,41.521,1.001
83.750,12.348,2500.000,2501.515,1.000,0.000,41.690,1.001
84.000,12.293,2500.000,2501.515,1.000,0.000,41.859,1.001
84.250,12.238,2500.000,2501.515,1.000,0.000,42.028,1.001
84.500,12.184,2500.000,2501.515,1.000,0.000,42.197,1.001
84.750,12.130,2500.000,2501.515,1.000,0.000,42.365,1.001
85.000,12.076,2500.000,2501.515,1.000,0.000,42.532,1.001
85.250,12.023,2500.000,2501.515,1.000,0.000,42.699,1.001
85.500,11.970,2500.000,2501.515,1.000,0.000,42.866,1.001
85.750,11.918,2500.000,2501.515,1.000,0.000,43.033,1.001
86.000,11.867,2500.000,2501.515,1.000,0.000,43.199,1.001
86.250,11.815,2500.000,2501.515,1.000,0.000,43.365,1.001
86.500,11.764,2500.000,2501.515,1.000,0.000,43.530,1.001
86.750,11.714,2500.000,2501.515,1.000,0.000,43.695,1.001
87.000,11.664,2500.000,2501.515,1.000,0.000,43.860,1.001
87.250,11.614,2500.000,2501.515,1.000,0.000,44.025,1.001
87.500,11.565,2500.000,2501.515,1.000,0.000,44.189,1.001
87.750,11.516,2500.000,2501.515,1.000,0.000,44.352,1.001
88.000,11.468,2500.000,2501.515,1.000,0.000,44.516,1.001
88.250,11.420,2500.000,2501.515,1.000,0.000,44.679,1.001
88.500,11.372,2500.000,2501.515,1.000,0.000,44.841,1.001
88.750,11.325,2500.000,2501.515,1.000,0.000,45.004,1.001
89.000,11.278,2500.000,2501.515,1.000,0.000,45.166,1.001
89.250,11.232,2500.000,2501.515,1.000,0.000,45.328,1.001
89.500,11.186,2500.000,2501.515,1.000,0.000,45.489,1.001
89.750,11.140,2500.000,2501.515,1.000,0.000,45.650,1.001
90.000,11.095,2500.000,2501.515,1.000,0.000,45.811,1.001
90.250,11.050,2500.000,2501.515,1.000,0.000,45.971,1.001
90.500,11.006,2500.000,2501.515,1.000,0.000,46.131,1.001
90.750,10.961,2500.000,2501.515,1.000,0.000,46.291,1.001
91.000,10.918,2500.000,2501.515,1.000,0.000,46.450,1.001
91.250,10.874,2500.000,2501.515,1.000,0.000,46.609,1.001
91.500,10.831,2500.000,2501.515,1.000,0.000,46.768,1.001
91.750,10.788,2500.000,2501.515,1.000,0.000,46.926,1.001
92.000,10.746,2500.000,2501.515,1.000,0.000,47.085,1.001
92.250,10.704,2500.000,2501.515,1.000,0.000,47.242,1.001
92.500,10.662,2500.000,2501.515,1.000,0.000,47.400,1.001
92.750,10.621,2500.000,2501.515,1.000,0.000,47.557,1.001
93.000,10.580,2500.000,2501.515,1.000,0.000,47.714,1.001
93.250,10.539,2500.000,2501.515,1.000,0.000,47.871,1.001
93.500,10.499,2500.000,2501.515,1.000,0.000,48.027,1.001
93.750,10.459,2500.000,2501.515,1.000,0.000,48.183,1.001
94.000,10.419,2500.000,2501.515,1.000,0.000,48.339,1.001
94.250,10.380,2500.000,2501.515,1.000,0.000,48.494,1.001
94.500,10.341,2500.000,2501.515,1.000,0.000,48.649,1.001
94.750,10.302,2500.000,2501.515,1.000,0.000,48.804,1.001
95.000,10.263,2500.000,2501.515,1.000,0.000,48.959,1.001
95.250,10.225,2500.000,2501.515,1.000,0.000,49.113,1.001
95.500,10.187,2500.000,2501.515,1.000,0.000,49.267,1.001
95.750,10.150,2500.000,2501.515,1.000,0.000,49.420,1.001
96.000,10.113,2500.000,2501.515,1.000,0.000,49.574,1.001
96.250,10.076,2500.000,2501.515,1.000,0.000,49.727,1.001
96.500,10.039,2500.000,2501.515,1.000,0.000,49.880,1.001
96.750,10.003,2500.000,2501.515,1.000,0.000,50.032,1.001
97.000,9.967,2500.000,2501.515,1.000,0.000,50.185,1.001
97.250,9.931,2500.000,2501.515,1.000,0.000,50.337,1.001
97.500,9.895,2500.000,2501.515,1.000,0.000,50.489,1.001
97.750,9.860,2500.000,2501.515,1.000,0.000,50.640,1.001
98.000,9.825,2500.000,2501.515,1.000,0.000,50.791,1.001
98.250,9.791,2500.000,2501.515,1.000,0.000,50.942,1.001
98.500,9.756,2500.000,2501.515,1.000,0.000,51.093,1.001
98.750,9.722,2500.000,2501.515,1.000,0.000,51.243,1.001
99.000,9.688,2500.000,2501.515,1.000,0.000,51.393,1.001
99.250,9.655,2500.000,2501.515,1.000,0.000,51.543,1.001
99.500,9.621,2500.000,2501.515,1.000,0.000,51.693,1.001
99.750,9.588,2500.000,2501.515,1.000,0.000,51.842,1.001
100.000,9.556,2500.000,2501.515,1.000,0.000,51.991,1.001
100.250,9.523,2500.000,2501.515,1.000,0.000,52.140,1.001
100.500,9.491,2500.000,2501.515,1.000,0.000,52.289,1.001
100.750,9.459,2500.000,2501.515,1.000,0.000,52.437,1.001
101.000,9.427,2500.000,2501.515,1.000,0.000,52.585,1.001
101.250,9.396,2500.000,2501.515,1.000,0.000,52.733,1.001
101.500,9.364,2500.000,2501.515,1.000,0.000,52.881,1.001
101.750,9.333,2500.000,2501.515,1.000,0.000,53.028,1.001
102.000,9.302,2500.000,2501.515,1.000,0.000,53.175,1.001
102.250,9.272,2500.000,2501.515,1.000,0.000,53.322,1.001
102.500,9.242,2500.000,2501.515,1.000,0.000,53.469,1.001
102.750,9.212,2500.000,2501.515,1.000,0.000,53.615,1.001
103.000,9.182,2500.000,2501.515,1.000,0.000,53.762,1.001
103.250,9.152,2500.000,2501.515,1.000,0.000,53.908,1.001
103.500,9.123,2500.000,2501.515,1.000,0.000,54.053,1.001
103.750,9.094,2500.000,2501.515,1.000,0.000,54.199,1.001
104.000,9.065,2500.000,2501.515,1.000,0.000,54.344,1.001
104.250,9.036,2500.000,2501.515,1.000,0.000,54.489,1.001
104.500,9.007,2500.000,2501.515,1.000,0.000,54.634,1.001
104.750,8.979,2500.000,2501.515,1.000,0.000,54.778,1.001
105.000,8.951,2500.000,2501.515,1.000,0.000,54.923,1.001
105.250,8.923,2500.000,2501.515,1.000,0.000,55.067,1.001
105.500,8.896,2500.000,2501.515,1.000,0.000,55.211,1.001
105.750,8.868,2500.000,2501.515,1.000,0.000,55.354,1.001
106.000,8.841,2500.000,2501.515,1.000,0.000,55.498,1.001
106.250,8.814,2500.000,2501.515,1.000,0.000,55.641,1.001
106.500,8.787,2500.000,2501.515,1.000,0.000,55.784,1.001
106.750,8.761,2500.000,2501.515,1.000,0.000,55.927,1.001
107.000,8.734,2500.000,2501.515,1.000,0.000,56.069,1.001
107.250,8.708,2500.000,2501.515,1.000,0.000,56.212,1.001
107.500,8.682,2500.000,2501.515,1.000,0.000,56.354,1.001
107.750,8.656,2500.000,2501.515,1.000,0.000,56.496,1.001
108.000,8.631,2500.000,2501.515,1.000,0.000,56.637,1.001
108.250,8.605,2500.000,2501.515,1.000,0.000,56.779,1.001
108.500,8.580,2500.000,2501.515,1.000,0.000,56.920,1.001
108.750,8.555,2500.000,2501.515,1.000,0.000,57.061,1.001
109.000,8.530,2500.000,2501.515,1.000,0.000,57.202,1.001
109.250,8.506,2500.000,2501.515,1.000,0.000,57.343,1.001
109.500,8.481,2500.000,2501.515,1.000,0.000,57.483,1.001
109.750,8.457,2500.000,2501.515,1.000,0.000,57.624,1.001
110.000,8.433,2500.000,2501.515,1.000,0.000,57.764,1.001
110.250,8.409,2500.000,2501.515,1.000,0.000,57.904,1.001
110.500,8.386,2500.000,2501.515,1.000,0.000,58.043,1.001
110.750,8.362,2500.000,2501.515,1.000,0.000,58.183,1.001
111.000,8.339,2500.000,2501.515,1.000,0.000,58.322,1.001
111.250,8.315,2500.000,2501.515,1.000,0.000,58.461,1.001
111.500,8.293,2500.000,2501.515,1.000,0.000,58.600,1.001
111.750,8.270,2500.000,2501.515,1.000,0.000,58.739,1.001
112.000,8.247,2500.000,2501.515,1.000,0.000,58.878,1.001
112.250,8.225,2500.000,2501.515,1.000,0.000,59.016,1.001
112.500,8.202,2500.000,2501.515,1.000,0.000,59.154,1.001
112.750,8.180,2500.000,2501.515,1.000,0.000,59.292,1.001
113.000,8.158,2500.000,2501.515,1.000,0.000,59.430,1.001
113.250,8.136,2500.000,2501.515,1.000,0.000,59.567,1.001
113.500,8.115,2500.000,2501.515,1.000,0.000,59.705,1.001
113.750,8.093,2500.000,2501.515,1.000,0.000,59.842,1.001
114.000,8.072,2500.000,2501.515,1.000,0.000,59.979,1.001
114.250,8.051,2500.000,2501.515,1.000,0.000,60.116,1.001
114.500,8.030,2500.000,2501.515,1.000,0.000,60.253,1.001
114.750,8.009,2500.000,2501.515,1.000,0.000,60.389,1.001
115.000,7.988,2500.000,2501.515,1.000,0.000,60.526,1.001
115.250,7.968,2500.000,2501.515,1.000,0.000,60.662,1.001
115.500,7.947,2500.000,2501.515,1.000,0.000,60.798,1.001
115.750,7.927,2500.000,2501.515,1.000,0.000,60.934,1.001
116.000,7.907,2500.000,2501.515,1.000,0.000,61.069,1.001
116.250,7.887,2500.000,2501.515,1.000,0.000,61.205,1.001
116.500,7.867,2500.000,2501.515,1.000,0.000,61.340,1.001
116.750,7.848,2500.000,2501.515,1.000,0.000,61.475,1.001
117.000,7.828,2500.000,2501.515,1.000,0.000,61.610,1.001
117.250,7.809,2500.000,2501.515,1.000,0.000,61.745,1.001
117.500,7.790,2500.000,2501.515,1.000,0.000,61.880,1.001
117.750,7.771,2500.000,2501.515,1.000,0.000,62.014,1.001
118.000,7.752,2500.000,2501.515,1.000,0.000,62.148,1.001
118.250,7.733,2500.000,2501.515,1.000,0.000,62.282,1.001
118.500,7.714,2500.000,2501.515,1.000,0.000,62.416,1.001
118.750,7.696,2500.000,2501.515,1.000,0.000,62.550,1.001
119.000,7.677,2500.000,2501.515,1.000,0.000,62.684,1.001
119.250,7.659,2500.000,2501.515,1.000,0.000,62.817,1.001
119.500,7.641,2500.000,2501.515,1.000,0.000,62.951,1.001
119.750,7.623,2500.000,2501.515,1.000,0.000,63.084,1.001
120.000,7.605,2500.000,2501.515,1.000,0.000,63.217,1.001
120.250,7.588,2500.000,2501.515,1.000,0.000,63.350,1.001
120.500,7.570,2500.000,2501.515,1.000,0.000,63.483,1.001
120.750,7.553,2500.000,2501.515,1.000,0.000,63.615,1.001
121.000,7.535,2500.000,2501.515,1.000,0.000,63.748,1.001
121.250,7.518,2500.000,2501.515,1.000,0.000,63.880,1.001
121.500,7.501,2500.000,2501.515,1.000,0.000,64.012,1.001
121.750,7.484,2500.000,2501.515,1.000,0.000,64.144,1.001
122.000,7.467,2500.000,2501.515,1.000,0.000,64.276,1.001
122.250,7.451,2500.000,2501.515,1.000,0.000,64.408,1.001
122.500,7.434,2500.000,2501.515,1.000,0.000,64.539,1.001
122.750,7.418,2500.000,2501.515,1.000,0.000,64.670,1.001
123.000,7.402,2500.000,2501.515,1.000,0.000,64.802,1.001
123.250,7.385,2500.000,2501.515,1.000,0.000,64.933,1.001
123.500,7.369,2500.000,2501.515,1.000,0.000,65.064,1.001
123.750,7.353,2500.000,2501.515,1.000,0.000,65.195,1.001
124.000,7.338,2500.000,2501.515,1.000,0.000,65.325,1.001
124.250,7.322,2500.000,2501.515,1.000,0.000,65.456,1.001
124.500,7.306,2500.000,2501.515,1.000,0.000,65.586,1.001
124.750,7.291,2500.000,2501.515,1.000,0.000,65.716,1.001
125.000,7.276,2500.000,2501.515,1.000,0.000,65.847,1.001
125.250,7.260,2500.000,2501.515,1.000,0.000,65.977,1.001
125.500,7.245,2500.000,2501.515,1.000,0.000,66.106,1.001
125.750,7.230,2500.000,2501.515,1.000,0.000,66.236,1.001
126.000,7.215,2500.000,2501.515,1.000,0.000,66.366,1.001
126.250,7.200,2500.000,2501.515,1.000,0.000,66.495,1.001
126.500,7.186,2500.000,2501.515,1.000,0.000,66.624,1.001
126.750,7.171,2500.000,2501.515,1.000,0.000,66.754,1.001
127.000,7.157,2500.000,2501.515,1.000,0.000,66.883,1.001
127.250,7.142,2500.000,2501.515,1.000,0.000,67.012,1.001
127.500,7.128,2500.000,2501.515,1.000,0.000,67.140,1.001
127.750,7.114,2500.000,2501.515,1.000,0.000,67.269,1.001
128.000,7.100,2500.000,2501.515,1.000,0.000,67.398,1.001
128.250,7.086,2500.000,2501.515,1.000,0.000,67.526,1.001
128.500,7.072,2500.000,2501.515,1.000,0.000,67.654,1.001
128.750,7.059,2500.000,2501.515,1.000,0.000,67.783,1.001
129.000,7.045,2500.000,2501.515,1.000,0.000,67.911,1.001
129.250,7.031,2500.000,2501.515,1.000,0.000,68.038,1.001
129.500,7.018,2500.000,2501.515,1.000,0.000,68.166,1.001
129.750,7.005,2500.000,2501.515,1.000,0.000,68.294,1.001
130.000,6.991,2500.000,2501.515,1.000,0.000,68.422,1.001
130.250,6.978,2500.000,2501.515,1.000,0.000,68.549,1.001
130.500,6.965,2500.000,2501.515,1.000,0.000,68.676,1.001
130.750,6.952,2500.000,2501.515,1.000,0.000,68.803,1.001
131.000,6.940,2500.000,2501.515,1.000,0.000,68.931,1.001
131.250,6.927,2500.000,2501.515,1.000,0.000,69.058,1.001
131.500,6.914,2500.000,2501.515,1.000,0.000,69.184,1.001
131.750,6.902,2500.000,2501.515,1.000,0.000,69.311,1.001
132.000,6.889,2500.000,2501.515,1.000,0.000,69.438,1.001
132.250,6.877,2500.000,2501.515,1.000,0.000,69.564,1.001
132.500,6.865,2500.000,2501.515,1.000,0.000,69.691,1.001
132.750,6.853,2500.000,2501.515,1.000,0.000,69.817,1.001
133.000,6.840,2500.000,2501.515,1.000,0.000,69.943,1.001
133.250,6.828,2500.000,2501.515,1.000,0.000,70.069,1.001
133.500,6.817,2500.000,2501.515,1.000,0.000,70.195,1.001
133.750,6.805,2500.000,2501.515,1.000,0.000,70.321,1.001
134.000,6.793,2500.000,2501.515,1.000,0.000,70.447,1.001
134.250,6.781,2500.000,2501.515,1.000,0.000,70.572,1.001
134.500,6.770,2500.000,2501.515,1.000,0.000,70.698,1.001
134.750,6.758,2500.000,2501.515,1.000,0.000,70.823,1.001
135.000,6.747,2500.000,2501.515,1.000,0.000,70.949,1.001
135.250,6.736,2500.000,2501.515,1.000,0.000,71.074,1.001
135.500,6.725,2500.000,2501.515,1.000,0.000,71.199,1.001
135.750,6.714,2500.000,2501.515,1.000,0.000,71.324,1.001
136.000,6.703,2500.000,2501.515,1.000,0.000,71.449,1.001
136.250,6.692,2500.000,2501.515,1.000,0.000,71.574,1.001
136.500,6.681,2500.000,2501.515,1.000,0.000,71.698,1.001
136.750,6.670,2500.000,2501.515,1.000,0.000,71.823,1.001
137.000,6.659,2500.000,2501.515,1.000,0.000,71.947,1.001
137.250,6.649,2500.000,2501.515,1.000,0.000,72.072,1.001
137.500,6.638,2500.000,2501.515,1.000,0.000,72.196,1.001
137.750,6.628,2500.000,2501.515,1.000,0.000,72.320,1.001
138.000,6.617,2500.000,2501.515,1.000,0.000,72.444,1.001
138.250,6.607,2500.000,2501.515,1.000,0.000,72.568,1.001
138.500,6.597,2500.000,2501.515,1.000,0.000,72.692,1.001
138.750,6.587,2500.000,2501.515,1.000,0.000,72.816,1.001
139.000,6.577,2500.000,2501.515,1.000,0.000,72.940,1.001
139.250,6.567,2500.000,2501.515,1.000,0.000,73.063,1.001
139.500,6.557,2500.000,2501.515,1.000,0.000,73.187,1.001
139.750,6.547,2500.000,2501.515,1.000,0.000,73.310,1.001
140.000,6.538,2500.000,2501.515,1.000,0.000,73.434,1.001
140.250,6.528,2500.000,2501.515,1.000,0.000,73.557,1.001
140.500,6.518,2500.000,2501.515,1.000,0.000,73.680,1.001
140.750,6.509,2500.000,2501.515,1.000,0.000,73.803,1.001
141.000,6.499,2500.000,2501.515,1.000,0.000,73.926,1.001
141.250,6.490,2500.000,2501.515,1.000,0.000,74.049,1.001
141.500,6.481,2500.000,2501.515,1.000,0.000,74.172,1.001
141.750,6.472,2500.000,2501.515,1.000,0.000,74.295,1.001
142.000,6.462,2500.000,2501.515,1.000,0.000,74.417,1.001
142.250,6.453,2500.000,2501.515,1.000,0.000,74.540,1.001
142.500,6.444,2500.000,2501.515,1.000,0.000,74.662,1.001
142.750,6.436,2500.000,2501.515,1.000,0.000,74.785,1.001
143.000,6.427,2500.000,2501.515,1.000,0.000,74.907,1.001
143.250,6.418,2500.000,2501.515,1.000,0.000,75.029,1.001
143.500,6.409,2500.000,2501.515,1.000,0.000,75.151,1.001
143.750,6.401,2500.000,2501.515,1.000,0.000,75.273,1.001
144.000,6.392,2500.000,2501.515,1.000,0.000,75.395,1.001
144.250,6.384,2500.000,2501.515,1.000,0.000,75.517,1.001
144.500,6.375,2500.000,2501.515,1.000,0.000,75.639,1.001
144.750,6.367,2500.000,2501.515,1.000,0.000,75.761,1.001
145.000,6.359,2500.000,2501.515,1.000,0.000,75.882,1.001
145.250,6.350,2500.000,2501.515,1.000,0.000,76.004,1.001
145.500,6.342,2500.000,2501.515,1.000,0.000,76.125,1.001
145.750,6.334,2500.000,2501.515,1.000,0.000,76.247,1.001
146.000,6.326,2500.000,2501.515,1.000,0.000,76.368,1.001
146.250,6.318,2500.000,2501.515,1.000,0.000,76.489,1.001
146.500,6.310,2500.000,2501.515,1.000,0.000,76.611,1.001
146.750,6.303,2500.000,2501.515,1.000,0.000,76.732,1.001
147.000,6.295,2500.000,2501.515,1.000,0.000,76.853,1.001
147.250,6.287,2500.000,2501.515,1.000,0.000,76.974,1.001
147.500,6.279,2500.000,2501.515,1.000,0.000,77.095,1.001
147.750,6.272,2500.000,2501.515,1.000,0.000,77.215,1.001
148.000,6.264,2500.000,2501.515,1.000,0.000,77.336,1.001
148.250,6.257,2500.000,2501.515,1.000,0.000,77.457,1.001
148.500,6.250,2500.000,2501.515,1.000,0.000,77.577,1.001
148.750,6.242,2500.000,2501.515,1.000,0.000,77.698,1.001
149.000,6.235,2500.000,2501.515,1.000,0.000,77.818,1.001
149.250,6.228,2500.000,2501.515,1.000,0.000,77.939,1.001
149.500,6.221,2500.000,2501.515,1.000,0.000,78.059,1.001
149.750,6.214,2500.000,2501.515,1.000,0.000,78.179,1.001
150.000,6.207,2500.000,2501.515,1.000,0.000,78.299,1.001
150.250,6.200,2500.000,2501.515,1.000,0.000,78.420,1.001
150.500,6.193,2500.000,2501.515,1.000,0.000,78.540,1.001
150.750,6.186,2500.000,2501.515,1.000,0.000,78.660,1.001
151.000,6.180,2500.000,2501.515,1.000,0.000,78.780,1.001
151.250,6.173,2500.000,2501.515,1.000,0.000,78.899,1.001
151.500,6.166,2500.000,2501.515,1.000,0.000,79.019,1.001
151.750,6.160,2500.000,2501.515,1.000,0.000,79.139,1.001
152.000,6.153,2500.000,2501.515,1.000,0.000,79.259,1.001
152.250,6.147,2500.000,2501.515,1.000,0.000,79.378,1.001
152.500,6.140,2500.000,2501.515,1.000,0.000,79.498,1.001
152.750,6.134,2500.000,2501.515,1.000,0.000,79.617,1.001
153.000,6.128,2500.000,2501.515,1.000,0.000,79.737,1.001
153.250,6.122,2500.000,2501.515,1.000,0.000,79.856,1.001
153.500,6.116,2500.000,2501.515,1.000,0.000,79.975,1.001
153.750,6.109,2500.000,2501.515,1.000,0.000,80.095,1.001
154.000,6.103,2500.000,2501.515,1.000,0.000,80.214,1.001
154.250,6.097,2500.000,2501.515,1.000,0.000,80.333,1.001
154.500,6.092,2500.000,2501.515,1.000,0.000,80.452,1.001
154.750,6.086,2500.000,2501.515,1.000,0.000,80.571,1.001
155.000,6.080,2500.000,2501.515,1.000,0.000,80.690,1.001
155.250,6.074,2500.000,2501.515,1.000,0.000,80.809,1.001
155.500,6.068,2500.000,2501.515,1.000,0.000,80.928,1.001
155.750,6.063,2500.000,2501.515,1.000,0.000,81.046,1.001
156.000,6.057,2500.000,2501.515,1.000,0.000,81.165,1.001
156.250,6.052,2500.000,2501.515,1.000,0.000,81.284,1.001
156.500,6.046,2500.000,2501.515,1.000,0.000,81.402,1.001
156.750,6.041,2500.000,2501.515,1.000,0.000,81.521,1.001
157.000,6.035,2500.000,2501.515,1.000,0.000,81.639,1.001
157.250,6.030,2500.000,2501.515,1.000,0.000,81.758,1.001
157.500,6.025,2500.000,2501.515,1.000,0.000,81.876,1.001
157.750,6.020,2500.000,2501.515,1.000,0.000,81.995,1.001
158.000,6.015,2500.000,2501.515,1.000,0.000,82.113,1.001
158.250,6.009,2500.000,2501.515,1.000,0.000,82.231,1.001
158.500,6.004,2500.000,2501.515,1.000,0.000,82.350,1.001
158.750,5.999,2500.000,2501.515,1.000,0.000,82.468,1.001
159.000,5.995,2500.000,2501.515,1.000,0.000,82.586,1.001
159.250,5.990,2500.000,2501.515,1.000,0.000,82.704,1.001
159.500,5.985,2500.000,2501.515,1.000,0.000,82.822,1.001
159.750,5.980,2500.000,2501.515,1.000,0.000,82.940,1.001
160.000,5.975,2500.000,2501.515,1.000,0.000,83.058,1.001
160.250,5.971,2500.000,2501.515,1.000,0.000,83.176,1.001
160.500,5.966,2500.000,2501.515,1.000,0.000,83.293,1.001
160.750,5.961,2500.000,2501.515,1.000,0.000,83.411,1.001
161.000,5.957,2500.000,2501.515,1.000,0.000,83.529,1.001
161.250,5.952,2500.000,2501.515,1.000,0.000,83.647,1.001
161.500,5.948,2500.000,2501.515,1.000,0.000,83.764,1.001
161.750,5.944,2500.000,2501.515,1.000,0.000,83.882,1.001
162.000,5.939,2500.000,2501.515,1.000,0.000,84.000,1.001
162.250,5.935,2500.000,2501.515,1.000,0.000,84.117,1.001
162.500,5.931,2500.000,2501.515,1.000,0.000,84.235,1.001
162.750,5.927,2500.000,2501.515,1.000,0.000,84.352,1.001
163.000,5.923,2500.000,2501.515,1.000,0.000,84.469,1.001
163.250,5.919,2500.000,2501.515,1.000,0.000,84.587,1.001
163.500,5.914,2500.000,2501.515,1.000,0.000,84.704,1.001
163.750,5.911,2500.000,2501.515,1.000,0.000,84.821,1.001
164.000,5.907,2500.000,2501.515,1.000,0.000,84.939,1.001
164.250,5.903,2500.000,2501.515,1.000,0.000,85.056,1.001
164.500,5.899,2500.000,2501.515,1.000,0.000,85.173,1.001
164.750,5.895,2500.000,2501.515,1.000,0.000,85.290,1.001
165.000,5.891,2500.000,2501.515,1.000,0.000,85.407,1.001
165.250,5.888,2500.000,2501.515,1.000,0.000,85.524,1.001
165.500,5.884,2500.000,2501.515,1.000,0.000,85.641,1.001
165.750,5.881,2500.000,2501.515,1.000,0.000,85.758,1.001
166.000,5.877,2500.000,2501.515,1.000,0.000,85.875,1.001
166.250,5.874,2500.000,2501.515,1.000,0.000,85.992,1.001
166.500,5.870,2500.000,2501.515,1.000,0.000,86.109,1.001
166.750,5.867,2500.000,2501.515,1.000,0.000,86.226,1.001
167.000,5.863,2500.000,2501.515,1.000,0.000,86.343,1.001
167.250,5.860,2500.000,2501.515,1.000,0.000,86.459,1.001
167.500,5.857,2500.000,2501.515,1.000,0.000,86.576,1.001
167.750,5.854,2500.000,2501.515,1.000,0.000,86.693,1.001
168.000,5.850,2500.000,2501.515,1.000,0.000,86.810,1.001
168.250,5.847,2500.000,2501.515,1.000,0.000,86.926,1.001
168.500,5.844,2500.000,2501.515,1.000,0.000,87.043,1.001
168.750,5.841,2500.000,2501.515,1.000,0.000,87.159,1.001
169.000,5.838,2500.000,2501.515,1.000,0.000,87.276,1.001
169.250,5.835,2500.000,2501.515,1.000,0.000,87.393,1.001
169.500,5.833,2500.000,2501.515,1.000,0.000,87.509,1.001
169.750,5.830,2500.000,2501.515,1.000,0.000,87.625,1.001
170.000,5.827,2500.000,2501.515,1.000,0.000,87.742,1.001
170.250,5.824,2500.000,2501.515,1.000,0.000,87.858,1.001
170.500,5.821,2500.000,2501.515,1.000,0.000,87.975,1.001
170.750,5.819,2500.000,2501.515,1.000,0.000,88.091,1.001
171.000,5.816,2500.000,2501.515,1.000,0.000,88.207,1.001
171.250,5.814,2500.000,2501.515,1.000,0.000,88.324,1.001
171.500,5.811,2500.000,2501.515,1.000,0.000,88.440,1.001
171.750,5.809,2500.000,2501.515,1.000,0.000,88.556,1.001
172.000,5.806,2500.000,2501.515,1.000,0.000,88.673,1.001
172.250,5.804,2500.000,2501.515,1.000,0.000,88.789,1.001
172.500,5.802,2500.000,2501.515,1.000,0.000,88.905,1.001
172.750,5.799,2500.000,2501.515,1.000,0.000,89.021,1.001
173.000,5.797,2500.000,2501.515,1.000,0.000,89.137,1.001
173.250,5.795,2500.000,2501.515,1.000,0.000,89.253,1.001
173.500,5.793,2500.000,2501.515,1.000,0.000,89.370,1.001
173.750,5.791,2500.000,2501.515,1.000,0.000,89.486,1.001
174.000,5.789,2500.000,2501.515,1.000,0.000,89.602,1.001
174.250,5.787,2500.000,2501.515,1.000,0.000,89.718,1.001
174.500,5.785,2500.000,2501.515,1.000,0.000,89.834,1.001
174.750,5.783,2500.000,2501.515,1.000,0.000,89.950,1.001
175.000,5.781,2500.000,2501.515,1.000,0.000,90.066,1.001
175.250,5.779,2500.000,2501.515,1.000,0.000,90.182,1.001
175.500,5.777,2500.000,2501.515,1.000,0.000,90.298,1.001
175.750,5.775,2500.000,2501.515,1.000,0.000,90.414,1.001
176.000,5.774,2500.000,2501.515,1.000,0.000,90.530,1.001
176.250,5.772,2500.000,2501.515,1.000,0.000,90.645,1.001
176.500,5.770,2500.000,2501.515,1.000,0.000,90.761,1.001
176.750,5.769,2500.000,2501.515,1.000,0.000,90.877,1.001
177.000,5.767,2500.000,2501.515,1.000,0.000,90.993,1.001
177.250,5.766,2500.000,2501.515,1.000,0.000,91.109,1.001
177.500,5.764,2500.000,2501.515,1.000,0.000,91.225,1.001
177.750,5.763,2500.000,2501.515,1.000,0.000,91.341,1.001
178.000,5.762,2500.000,2501.515,1.000,0.000,91.456,1.001
178.250,5.760,2500.000,2501.515,1.000,0.000,91.572,1.001
178.500,5.759,2500.000,2501.515,1.000,0.000,91.688,1.001
178.750,5.758,2500.000,2501.515,1.000,0.000,91.804,1.001
179.000,5.757,2500.000,2501.515,1.000,0.000,91.919,1.001
179.250,5.756,2500.000,2501.515,1.000,0.000,92.035,1.001
179.500,5.755,2500.000,2501.515,1.000,0.000,92.151,1.001
179.750,5.753,2500.000,2501.515,1.000,0.000,92.267,1.001
180.000,5.752,2500.000,2501.515,1.000,0.000,92.382,1.001
