CA_deg,P_bar,T_u_K,T_b_K,xb,ROHR_J_deg,NOx_ppm,knock_integral
-359.750,10.588,662.560,320.000,0.000,0.000,0.000,0.000
-359.500,10.585,662.530,320.000,0.000,0.000,0.000,0.000
-359.250,10.580,662.480,320.000,0.000,0.000,0.000,0.000
-359.000,10.574,662.410,320.000,0.000,0.000,0.000,0.000
-358.750,10.567,662.320,320.000,0.000,0.000,0.000,0.000
-358.500,10.559,662.211,320.000,0.000,0.000,0.000,0.000
-358.250,10.549,662.081,320.000,0.000,0.000,0.000,0.000
-358.000,10.539,661.932,320.000,0.000,0.000,0.000,0.000
-357.750,10.527,661.763,320.000,0.000,0.000,0.000,0.000
-357.500,10.514,661.574,320.000,0.000,0.000,0.000,0.000
-357.250,10.499,661.366,320.000,0.000,0.000,0.000,0.000
-357.000,10.484,661.138,320.000,0.000,0.000,0.000,0.000
-356.750,10.467,660.891,320.000,0.000,0.000,0.000,0.000
-356.500,10.450,660.625,320.000,0.000,0.000,0.000,0.000
-356.250,10.431,660.339,320.000,0.000,0.000,0.000,0.000
-356.000,10.410,660.034,320.000,0.000,0.000,0.000,0.000
-355.750,10.389,659.711,320.000,0.000,0.000,0.000,0.000
-355.500,10.367,659.368,320.000,0.000,0.000,0.000,0.000
-355.250,10.344,659.006,320.000,0.000,0.000,0.000,0.000
-355.000,10.319,658.626,320.000,0.000,0.000,0.000,0.000
-354.750,10.293,658.227,320.000,0.000,0.000,0.000,0.000
-354.500,10.267,657.810,320.000,0.000,0.000,0.000,0.000
-354.250,10.239,657.375,320.000,0.000,0.000,0.000,0.000
-354.000,10.210,656.922,320.000,0.000,0.000,0.000,0.000
-353.750,10.181,656.451,320.000,0.000,0.000,0.000,0.000
-353.500,10.150,655.962,320.000,0.000,0.000,0.000,0.000
-353.250,10.118,655.455,320.000,0.000,0.000,0.000,0.000
-353.000,10.086,654.932,320.000,0.000,0.000,0.000,0.000
-352.750,10.052,654.390,320.000,0.000,0.000,0.000,0.000
-352.500,10.018,653.832,320.000,0.000,0.000,0.000,0.000
-352.250,9.982,653.258,320.000,0.000,0.000,0.000,0.000
-352.000,9.946,652.666,320.000,0.000,0.000,0.000,0.000
-351.750,9.909,652.058,320.000,0.000,0.000,0.000,0.000
-351.500,9.871,651.434,320.000,0.000,0.000,0.000,0.000
-351.250,9.832,650.794,320.000,0.000,0.000,0.000,0.000
-351.000,9.793,650.138,320.000,0.000,0.000,0.000,0.000
-350.750,9.753,649.467,320.000,0.000,0.000,0.000,0.000
-350.500,9.711,648.780,320.000,0.000,0.000,0.000,0.000
-350.250,9.670,648.078,320.000,0.000,0.000,0.000,0.000
-350.000,9.627,647.361,320.000,0.000,0.000,0.000,0.000
-349.750,9.584,646.630,320.000,0.000,0.000,0.000,0.000
-349.500,9.540,645.884,320.000,0.000,0.000,0.000,0.000
-349.250,9.495,645.123,320.000,0.000,0.000,0.000,0.000
-349.000,9.450,644.349,320.000,0.000,0.000,0.000,0.000
-348.750,9.404,643.561,320.000,0.000,0.000,0.000,0.000
-348.500,9.358,642.760,320.000,0.000,0.000,0.000,0.000
-348.250,9.311,641.945,320.000,0.000,0.000,0.000,0.000
-348.000,9.264,641.117,320.000,0.000,0.000,0.000,0.000
-347.750,9.216,640.277,320.000,0.000,0.000,0.000,0.000
-347.500,9.167,639.424,320.000,0.000,0.000,0.000,0.000
-347.250,9.118,638.558,320.000,0.000,0.000,0.000,0.000
-347.000,9.069,637.681,320.000,0.000,0.000,0.000,0.000
-346.750,9.019,636.792,320.000,0.000,0.000,0.000,0.000
-346.500,8.968,635.891,320.000,0.000,0.000,0.000,0.000
-346.250,8.918,634.979,320.000,0.000,0.000,0.000,0.000
-346.000,8.867,634.056,320.000,0.000,0.000,0.000,0.000
-345.750,8.815,633.122,320.000,0.000,0.000,0.000,0.000
-345.500,8.763,632.178,320.000,0.000,0.000,0.000,0.000
-345.250,8.711,631.223,320.000,0.000,0.000,0.000,0.000
-345.000,8.659,630.258,320.000,0.000,0.000,0.000,0.000
-344.750,8.606,629.284,320.000,0.000,0.000,0.000,0.000
-344.500,8.553,628.300,320.000,0.000,0.000,0.000,0.000
-344.250,8.500,627.306,320.000,0.000,0.000,0.000,0.000
-344.000,8.447,626.304,320.000,0.000,0.000,0.000,0.000
-343.750,8.393,625.292,320.000,0.000,0.000,0.000,0.000
-343.500,8.339,624.272,320.000,0.000,0.000,0.000,0.000
-343.250,8.285,623.244,320.000,0.000,0.000,0.000,0.000
-343.000,8.231,622.208,320.000,0.000,0.000,0.000,0.000
-342.750,8.177,621.163,320.000,0.000,0.000,0.000,0.000
-342.500,8.123,620.112,320.000,0.000,0.000,0.000,0.000
-342.250,8.068,619.052,320.000,0.000,0.000,0.000,0.000
-342.000,8.014,617.986,320.000,0.000,0.000,0.000,0.000
-341.750,7.959,616.913,320.000,0.000,0.000,0.000,0.000
-341.500,7.905,615.833,320.000,0.000,0.000,0.000,0.000
-341.250,7.850,614.746,320.000,0.000,0.000,0.000,0.000
-341.000,7.795,613.654,320.000,0.000,0.000,0.000,0.000
-340.750,7.741,612.555,320.000,0.000,0.000,0.000,0.000
-340.500,7.686,611.451,320.000,0.000,0.000,0.000,0.000
-340.250,7.631,610.340,320.000,0.000,0.000,0.000,0.000
-340.000,7.577,609.225,320.000,0.000,0.000,0.000,0.000
-339.750,7.522,608.105,320.000,0.000,0.000,0.000,0.000
-339.500,7.468,606.979,320.000,0.000,0.000,0.000,0.000
-339.250,7.414,605.849,320.000,0.000,0.000,0.000,0.000
-339.000,7.359,604.714,320.000,0.000,0.000,0.000,0.000
-338.750,7.305,603.575,320.000,0.000,0.000,0.000,0.000
-338.500,7.251,602.432,320.000,0.000,0.000,0.000,0.000
-338.250,7.197,601.285,320.000,0.000,0.000,0.000,0.000
-338.000,7.143,600.135,320.000,0.000,0.000,0.000,0.000
-337.750,7.089,598.981,320.000,0.000,0.000,0.000,0.000
-337.500,7.036,597.823,320.000,0.000,0.000,0.000,0.000
-337.250,6.983,596.662,320.000,0.000,0.000,0.000,0.000
-337.000,6.929,595.499,320.000,0.000,0.000,0.000,0.000
-336.750,6.876,594.333,320.000,0.000,0.000,0.000,0.000
-336.500,6.824,593.164,320.000,0.000,0.000,0.000,0.000
-336.250,6.771,591.992,320.000,0.000,0.000,0.000,0.000
-336.000,6.719,590.819,320.000,0.000,0.000,0.000,0.000
-335.750,6.666,589.643,320.000,0.000,0.000,0.000,0.000
-335.500,6.615,588.466,320.000,0.000,0.000,0.000,0.000
-335.250,6.563,587.287,320.000,0.000,0.000,0.000,0.000
-335.000,6.511,586.106,320.000,0.000,0.000,0.000,0.000
-334.750,6.460,584.924,320.000,0.000,0.000,0.000,0.000
-334.500,6.409,583.740,320.000,0.000,0.000,0.000,0.000
-334.250,6.358,582.556,320.000,0.000,0.000,0.000,0.000
-334.000,6.308,581.371,320.000,0.000,0.000,0.000,0.000
-333.750,6.258,580.184,320.000,0.000,0.000,0.000,0.000
-333.500,6.208,578.998,320.000,0.000,0.000,0.000,0.000
-333.250,6.158,577.810,320.000,0.000,0.000,0.000,0.000
-333.000,6.109,576.623,320.000,0.000,0.000,0.000,0.000
-332.750,6.060,575.435,320.000,0.000,0.000,0.000,0.000
-332.500,6.011,574.247,320.000,0.000,0.000,0.000,0.000
-332.250,5.963,573.059,320.000,0.000,0.000,0.000,0.000
-332.000,5.915,571.871,320.000,0.000,0.000,0.000,0.000
-331.750,5.867,570.683,320.000,0.000,0.000,0.000,0.000
-331.500,5.819,569.496,320.000,0.000,0.000,0.000,0.000
-331.250,5.772,568.310,320.000,0.000,0.000,0.000,0.000
-331.000,5.725,567.124,320.000,0.000,0.000,0.000,0.000
-330.750,5.678,565.939,320.000,0.000,0.000,0.000,0.000
-330.500,5.632,564.755,320.000,0.000,0.000,0.000,0.000
-330.250,5.586,563.571,320.000,0.000,0.000,0.000,0.000
-330.000,5.541,562.389,320.000,0.000,0.000,0.000,0.000
-329.750,5.495,561.208,320.000,0.000,0.000,0.000,0.000
-329.500,5.450,560.029,320.000,0.000,0.000,0.000,0.000
-329.250,5.406,558.851,320.000,0.000,0.000,0.000,0.000
-329.000,5.361,557.674,320.000,0.000,0.000,0.000,0.000
-328.750,5.317,556.499,320.000,0.000,0.000,0.000,0.000
-328.500,5.274,555.326,320.000,0.000,0.000,0.000,0.000
-328.250,5.231,554.154,320.000,0.000,0.000,0.000,0.000
-328.000,5.188,552.984,320.000,0.000,0.000,0.000,0.000
-327.750,5.145,551.817,320.000,0.000,0.000,0.000,0.000
-327.500,5.103,550.651,320.000,0.000,0.000,0.000,0.000
-327.250,5.061,549.488,320.000,0.000,0.000,0.000,0.000
-327.000,5.019,548.326,320.000,0.000,0.000,0.000,0.000
-326.750,4.978,547.167,320.000,0.000,0.000,0.000,0.000
-326.500,4.937,546.011,320.000,0.000,0.000,0.000,0.000
-326.250,4.896,544.856,320.000,0.000,0.000,0.000,0.000
-326.000,4.856,543.705,320.000,0.000,0.000,0.000,0.000
-325.750,4.816,542.555,320.000,0.000,0.000,0.000,0.000
-325.500,4.777,541.409,320.000,0.000,0.000,0.000,0.000
-325.250,4.737,540.265,320.000,0.000,0.000,0.000,0.000
-325.000,4.699,539.124,320.000,0.000,0.000,0.000,0.000
-324.750,4.660,537.986,320.000,0.000,0.000,0.000,0.000
-324.500,4.622,536.850,320.000,0.000,0.000,0.000,0.000
-324.250,4.584,535.718,320.000,0.000,0.000,0.000,0.000
-324.000,4.546,534.589,320.000,0.000,0.000,0.000,0.000
-323.750,4.509,533.462,320.000,0.000,0.000,0.000,0.000
-323.500,4.472,532.339,320.000,0.000,0.000,0.000,0.000
-323.250,4.436,531.219,320.000,0.000,0.000,0.000,0.000
-323.000,4.399,530.102,320.000,0.000,0.000,0.000,0.000
-322.750,4.364,528.989,320.000,0.000,0.000,0.000,0.000
-322.500,4.328,527.878,320.000,0.000,0.000,0.000,0.000
-322.250,4.293,526.772,320.000,0.000,0.000,0.000,0.000
-322.000,4.258,525.668,320.000,0.000,0.000,0.000,0.000
-321.750,4.223,524.568,320.000,0.000,0.000,0.000,0.000
-321.500,4.189,523.471,320.000,0.000,0.000,0.000,0.000
-321.250,4.155,522.378,320.000,0.000,0.000,0.000,0.000
-321.000,4.121,521.288,320.000,0.000,0.000,0.000,0.000
-320.750,4.088,520.202,320.000,0.000,0.000,0.000,0.000
-320.500,4.055,519.120,320.000,0.000,0.000,0.000,0.000
-320.250,4.022,518.041,320.000,0.000,0.000,0.000,0.000
-320.000,3.990,516.966,320.000,0.000,0.000,0.000,0.000
-319.750,3.958,515.895,320.000,0.000,0.000,0.000,0.000
-319.500,3.926,514.827,320.000,0.000,0.000,0.000,0.000
-319.250,3.894,513.763,320.000,0.000,0.000,0.000,0.000
-319.000,3.863,512.703,320.000,0.000,0.000,0.000,0.000
-318.750,3.832,511.647,320.000,0.000,0.000,0.000,0.000
-318.500,3.802,510.594,320.000,0.000,0.000,0.000,0.000
-318.250,3.771,509.546,320.000,0.000,0.000,0.000,0.000
-318.000,3.741,508.501,320.000,0.000,0.000,0.000,0.000
-317.750,3.712,507.460,320.000,0.000,0.000,0.000,0.000
-317.500,3.682,506.423,320.000,0.000,0.000,0.000,0.000
-317.250,3.653,505.390,320.000,0.000,0.000,0.000,0.000
-317.000,3.624,504.361,320.000,0.000,0.000,0.000,0.000
-316.750,3.595,503.336,320.000,0.000,0.000,0.000,0.000
-316.500,3.567,502.315,320.000,0.000,0.000,0.000,0.000
-316.250,3.539,501.298,320.000,0.000,0.000,0.000,0.000
-316.000,3.511,500.285,320.000,0.000,0.000,0.000,0.000
-315.750,3.484,499.276,320.000,0.000,0.000,0.000,0.000
-315.500,3.457,498.271,320.000,0.000,0.000,0.000,0.000
-315.250,3.430,497.270,320.000,0.000,0.000,0.000,0.000
-315.000,3.403,496.273,320.000,0.000,0.000,0.000,0.000
-314.750,3.377,495.280,320.000,0.000,0.000,0.000,0.000
-314.500,3.351,494.292,320.000,0.000,0.000,0.000,0.000
-314.250,3.325,493.307,320.000,0.000,0.000,0.000,0.000
-314.000,3.299,492.327,320.000,0.000,0.000,0.000,0.000
-313.750,3.274,491.350,320.000,0.000,0.000,0.000,0.000
-313.500,3.248,490.378,320.000,0.000,0.000,0.000,0.000
-313.250,3.224,489.410,320.000,0.000,0.000,0.000,0.000
-313.000,3.199,488.446,320.000,0.000,0.000,0.000,0.000
-312.750,3.175,487.486,320.000,0.000,0.000,0.000,0.000
-312.500,3.150,486.530,320.000,0.000,0.000,0.000,0.000
-312.250,3.127,485.578,320.000,0.000,0.000,0.000,0.000
-312.000,3.103,484.631,320.000,0.000,0.000,0.000,0.000
-311.750,3.079,483.687,320.000,0.000,0.000,0.000,0.000
-311.500,3.056,482.748,320.000,0.000,0.000,0.000,0.000
-311.250,3.033,481.813,320.000,0.000,0.000,0.000,0.000
-311.000,3.011,480.882,320.000,0.000,0.000,0.000,0.000
-310.750,2.988,479.955,320.000,0.000,0.000,0.000,0.000
-310.500,2.966,479.033,320.000,0.000,0.000,0.000,0.000
-310.250,2.944,478.114,320.000,0.000,0.000,0.000,0.000
-310.000,2.922,477.199,320.000,0.000,0.000,0.000,0.000
-309.750,2.900,476.289,320.000,0.000,0.000,0.000,0.000
-309.500,2.879,475.383,320.000,0.000,0.000,0.000,0.000
-309.250,2.858,474.481,320.000,0.000,0.000,0.000,0.000
-309.000,2.837,473.583,320.000,0.000,0.000,0.000,0.000
-308.750,2.816,472.689,320.000,0.000,0.000,0.000,0.000
-308.500,2.795,471.799,320.000,0.000,0.000,0.000,0.000
-308.250,2.775,470.914,320.000,0.000,0.000,0.000,0.000
-308.000,2.755,470.032,320.000,0.000,0.000,0.000,0.000
-307.750,2.735,469.154,320.000,0.000,0.000,0.000,0.000
-307.500,2.715,468.281,320.000,0.000,0.000,0.000,0.000
-307.250,2.696,467.412,320.000,0.000,0.000,0.000,0.000
-307.000,2.676,466.547,320.000,0.000,0.000,0.000,0.000
-306.750,2.657,465.685,320.000,0.000,0.000,0.000,0.000
-306.500,2.638,464.828,320.000,0.000,0.000,0.000,0.000
-306.250,2.620,463.975,320.000,0.000,0.000,0.000,0.000
-306.000,2.601,463.126,320.000,0.000,0.000,0.000,0.000
-305.750,2.583,462.281,320.000,0.000,0.000,0.000,0.000
-305.500,2.564,461.440,320.000,0.000,0.000,0.000,0.000
-305.250,2.546,460.603,320.000,0.000,0.000,0.000,0.000
-305.000,2.528,459.770,320.000,0.000,0.000,0.000,0.000
-304.750,2.511,458.941,320.000,0.000,0.000,0.000,0.000
-304.500,2.493,458.116,320.000,0.000,0.000,0.000,0.000
-304.250,2.476,457.295,320.000,0.000,0.000,0.000,0.000
-304.000,2.459,456.478,320.000,0.000,0.000,0.000,0.000
-303.750,2.442,455.665,320.000,0.000,0.000,0.000,0.000
-303.500,2.425,454.856,320.000,0.000,0.000,0.000,0.000
-303.250,2.408,454.051,320.000,0.000,0.000,0.000,0.000
-303.000,2.392,453.249,320.000,0.000,0.000,0.000,0.000
-302.750,2.376,452.452,320.000,0.000,0.000,0.000,0.000
-302.500,2.360,451.658,320.000,0.000,0.000,0.000,0.000
-302.250,2.344,450.869,320.000,0.000,0.000,0.000,0.000
-302.000,2.328,450.083,320.000,0.000,0.000,0.000,0.000
-301.750,2.312,449.301,320.000,0.000,0.000,0.000,0.000
-301.500,2.297,448.523,320.000,0.000,0.000,0.000,0.000
-301.250,2.281,447.749,320.000,0.000,0.000,0.000,0.000
-301.000,2.266,446.978,320.000,0.000,0.000,0.000,0.000
-300.750,2.251,446.212,320.000,0.000,0.000,0.000,0.000
-300.500,2.236,445.449,320.000,0.000,0.000,0.000,0.000
-300.250,2.221,444.690,320.000,0.000,0.000,0.000,0.000
-300.000,2.207,443.935,320.000,0.000,0.000,0.000,0.000
-299.750,2.192,443.184,320.000,0.000,0.000,0.000,0.000
-299.500,2.178,442.436,320.000,0.000,0.000,0.000,0.000
-299.250,2.164,441.692,320.000,0.000,0.000,0.000,0.000
-299.000,2.150,440.952,320.000,0.000,0.000,0.000,0.000
-298.750,2.136,440.215,320.000,0.000,0.000,0.000,0.000
-298.500,2.122,439.482,320.000,0.000,0.000,0.000,0.000
-298.250,2.108,438.753,320.000,0.000,0.000,0.000,0.000
-298.000,2.095,438.028,320.000,0.000,0.000,0.000,0.000
-297.750,2.081,437.306,320.000,0.000,0.000,0.000,0.000
-297.500,2.068,436.588,320.000,0.000,0.000,0.000,0.000
-297.250,2.055,435.873,320.000,0.000,0.000,0.000,0.000
-297.000,2.042,435.162,320.000,0.000,0.000,0.000,0.000
-296.750,2.029,434.455,320.000,0.000,0.000,0.000,0.000
-296.500,2.017,433.751,320.000,0.000,0.000,0.000,0.000
-296.250,2.004,433.051,320.000,0.000,0.000,0.000,0.000
-296.000,1.991,432.354,320.000,0.000,0.000,0.000,0.000
-295.750,1.979,431.661,320.000,0.000,0.000,0.000,0.000
-295.500,1.967,430.972,320.000,0.000,0.000,0.000,0.000
-295.250,1.955,430.286,320.000,0.000,0.000,0.000,0.000
-295.000,1.943,429.603,320.000,0.000,0.000,0.000,0.000
-294.750,1.931,428.924,320.000,0.000,0.000,0.000,0.000
-294.500,1.919,428.249,320.000,0.000,0.000,0.000,0.000
-294.250,1.907,427.577,320.000,0.000,0.000,0.000,0.000
-294.000,1.896,426.908,320.000,0.000,0.000,0.000,0.000
-293.750,1.884,426.243,320.000,0.000,0.000,0.000,0.000
-293.500,1.873,425.581,320.000,0.000,0.000,0.000,0.000
-293.250,1.862,424.923,320.000,0.000,0.000,0.000,0.000
-293.000,1.851,424.268,320.000,0.000,0.000,0.000,0.000
-292.750,1.840,423.616,320.000,0.000,0.000,0.000,0.000
-292.500,1.829,422.968,320.000,0.000,0.000,0.000,0.000
-292.250,1.818,422.323,320.000,0.000,0.000,0.000,0.000
-292.000,1.807,421.681,320.000,0.000,0.000,0.000,0.000
-291.750,1.797,421.043,320.000,0.000,0.000,0.000,0.000
-291.500,1.786,420.408,320.000,0.000,0.000,0.000,0.000
-291.250,1.776,419.776,320.000,0.000,0.000,0.000,0.000
-291.000,1.766,419.148,320.000,0.000,0.000,0.000,0.000
-290.750,1.755,418.522,320.000,0.000,0.000,0.000,0.000
-290.500,1.745,417.900,320.000,0.000,0.000,0.000,0.000
-290.250,1.735,417.282,320.000,0.000,0.000,0.000,0.000
-290.000,1.725,416.666,320.000,0.000,0.000,0.000,0.000
-289.750,1.716,416.054,320.000,0.000,0.000,0.000,0.000
-289.500,1.706,415.445,320.000,0.000,0.000,0.000,0.000
-289.250,1.696,414.839,320.000,0.000,0.000,0.000,0.000
-289.000,1.687,414.236,320.000,0.000,0.000,0.000,0.000
-288.750,1.677,413.636,320.000,0.000,0.000,0.000,0.000
-288.500,1.668,413.040,320.000,0.000,0.000,0.000,0.000
-288.250,1.659,412.446,320.000,0.000,0.000,0.000,0.000
-288.000,1.649,411.856,320.000,0.000,0.000,0.000,0.000
-287.750,1.640,411.269,320.000,0.000,0.000,0.000,0.000
-287.500,1.631,410.685,320.000,0.000,0.000,0.000,0.000
-287.250,1.622,410.104,320.000,0.000,0.000,0.000,0.000
-287.000,1.614,409.525,320.000,0.000,0.000,0.000,0.000
-286.750,1.605,408.950,320.000,0.000,0.000,0.000,0.000
-286.500,1.596,408.378,320.000,0.000,0.000,0.000,0.000
-286.250,1.587,407.809,320.000,0.000,0.000,0.000,0.000
-286.000,1.579,407.243,320.000,0.000,0.000,0.000,0.000
-285.750,1.571,406.680,320.000,0.000,0.000,0.000,0.000
-285.500,1.562,406.120,320.000,0.000,0.000,0.000,0.000
-285.250,1.554,405.563,320.000,0.000,0.000,0.000,0.000
-285.000,1.546,405.009,320.000,0.000,0.000,0.000,0.000
-284.750,1.537,404.458,320.000,0.000,0.000,0.000,0.000
-284.500,1.529,403.909,320.000,0.000,0.000,0.000,0.000
-284.250,1.521,403.364,320.000,0.000,0.000,0.000,0.000
-284.000,1.514,402.821,320.000,0.000,0.000,0.000,0.000
-283.750,1.506,402.281,320.000,0.000,0.000,0.000,0.000
-283.500,1.498,401.744,320.000,0.000,0.000,0.000,0.000
-283.250,1.490,401.210,320.000,0.000,0.000,0.000,0.000
-283.000,1.483,400.679,320.000,0.000,0.000,0.000,0.000
-282.750,1.475,400.150,320.000,0.000,0.000,0.000,0.000
-282.500,1.468,399.625,320.000,0.000,0.000,0.000,0.000
-282.250,1.460,399.102,320.000,0.000,0.000,0.000,0.000
-282.000,1.453,398.582,320.000,0.000,0.000,0.000,0.000
-281.750,1.445,398.064,320.000,0.000,0.000,0.000,0.000
-281.500,1.438,397.550,320.000,0.000,0.000,0.000,0.000
-281.250,1.431,397.038,320.000,0.000,0.000,0.000,0.000
-281.000,1.424,396.529,320.000,0.000,0.000,0.000,0.000
-280.750,1.417,396.022,320.000,0.000,0.000,0.000,0.000
-280.500,1.410,395.518,320.000,0.000,0.000,0.000,0.000
-280.250,1.403,395.017,320.000,0.000,0.000,0.000,0.000
-280.000,1.396,394.519,320.000,0.000,0.000,0.000,0.000
-279.750,1.389,394.023,320.000,0.000,0.000,0.000,0.000
-279.500,1.383,393.530,320.000,0.000,0.000,0.000,0.000
-279.250,1.376,393.039,320.000,0.000,0.000,0.000,0.000
-279.000,1.369,392.551,320.000,0.000,0.000,0.000,0.000
-278.750,1.363,392.066,320.000,0.000,0.000,0.000,0.000
-278.500,1.356,391.583,320.000,0.000,0.000,0.000,0.000
-278.250,1.350,391.103,320.000,0.000,0.000,0.000,0.000
-278.000,1.344,390.626,320.000,0.000,0.000,0.000,0.000
-277.750,1.337,390.151,320.000,0.000,0.000,0.000,0.000
-277.500,1.331,389.678,320.000,0.000,0.000,0.000,0.000
-277.250,1.325,389.208,320.000,0.000,0.000,0.000,0.000
-277.000,1.319,388.741,320.000,0.000,0.000,0.000,0.000
-276.750,1.313,388.276,320.000,0.000,0.000,0.000,0.000
-276.500,1.306,387.813,320.000,0.000,0.000,0.000,0.000
-276.250,1.301,387.353,320.000,0.000,0.000,0.000,0.000
-276.000,1.295,386.896,320.000,0.000,0.000,0.000,0.000
-275.750,1.289,386.441,320.000,0.000,0.000,0.000,0.000
-275.500,1.283,385.988,320.000,0.000,0.000,0.000,0.000
-275.250,1.277,385.538,320.000,0.000,0.000,0.000,0.000
-275.000,1.271,385.090,320.000,0.000,0.000,0.000,0.000
-274.750,1.266,384.644,320.000,0.000,0.000,0.000,0.000
-274.500,1.260,384.201,320.000,0.000,0.000,0.000,0.000
-274.250,1.254,383.761,320.000,0.000,0.000,0.000,0.000
-274.000,1.249,383.323,320.000,0.000,0.000,0.000,0.000
-273.750,1.243,382.887,320.000,0.000,0.000,0.000,0.000
-273.500,1.238,382.453,320.000,0.000,0.000,0.000,0.000
-273.250,1.233,382.022,320.000,0.000,0.000,0.000,0.000
-273.000,1.227,381.593,320.000,0.000,0.000,0.000,0.000
-272.750,1.222,381.166,320.000,0.000,0.000,0.000,0.000
-272.500,1.217,380.742,320.000,0.000,0.000,0.000,0.000
-272.250,1.211,380.320,320.000,0.000,0.000,0.000,0.000
-272.000,1.206,379.900,320.000,0.000,0.000,0.000,0.000
-271.750,1.201,379.483,320.000,0.000,0.000,0.000,0.000
-271.500,1.196,379.068,320.000,0.000,0.000,0.000,0.000
-271.250,1.191,378.655,320.000,0.000,0.000,0.000,0.000
-271.000,1.186,378.244,320.000,0.000,0.000,0.000,0.000
-270.750,1.181,377.835,320.000,0.000,0.000,0.000,0.000
-270.500,1.176,377.429,320.000,0.000,0.000,0.000,0.000
-270.250,1.171,377.025,320.000,0.000,0.000,0.000,0.000
-270.000,1.167,376.623,320.000,0.000,0.000,0.000,0.000
-269.750,1.162,376.223,320.000,0.000,0.000,0.000,0.000
-269.500,1.157,375.826,320.000,0.000,0.000,0.000,0.000
-269.250,1.152,375.431,320.000,0.000,0.000,0.000,0.000
-269.000,1.148,375.037,320.000,0.000,0.000,0.000,0.000
-268.750,1.143,374.646,320.000,0.000,0.000,0.000,0.000
-268.500,1.138,374.257,320.000,0.000,0.000,0.000,0.000
-268.250,1.134,373.870,320.000,0.000,0.000,0.000,0.000
-268.000,1.129,373.486,320.000,0.000,0.000,0.000,0.000
-267.750,1.125,373.103,320.000,0.000,0.000,0.000,0.000
-267.500,1.120,372.722,320.000,0.000,0.000,0.000,0.000
-267.250,1.116,372.344,320.000,0.000,0.000,0.000,0.000
-267.000,1.112,371.967,320.000,0.000,0.000,0.000,0.000
-266.750,1.107,371.593,320.000,0.000,0.000,0.000,0.000
-266.500,1.103,371.221,320.000,0.000,0.000,0.000,0.000
-266.250,1.099,370.850,320.000,0.000,0.000,0.000,0.000
-266.000,1.095,370.482,320.000,0.000,0.000,0.000,0.000
-265.750,1.090,370.116,320.000,0.000,0.000,0.000,0.000
-265.500,1.086,369.752,320.000,0.000,0.000,0.000,0.000
-265.250,1.082,369.389,320.000,0.000,0.000,0.000,0.000
-265.000,1.078,369.029,320.000,0.000,0.000,0.000,0.000
-264.750,1.074,368.671,320.000,0.000,0.000,0.000,0.000
-264.500,1.070,368.314,320.000,0.000,0.000,0.000,0.000
-264.250,1.066,367.960,320.000,0.000,0.000,0.000,0.000
-264.000,1.062,367.608,320.000,0.000,0.000,0.000,0.000
-263.750,1.058,367.257,320.000,0.000,0.000,0.000,0.000
-263.500,1.054,366.909,320.000,0.000,0.000,0.000,0.000
-263.250,1.051,366.562,320.000,0.000,0.000,0.000,0.000
-263.000,1.047,366.217,320.000,0.000,0.000,0.000,0.000
-262.750,1.043,365.874,320.000,0.000,0.000,0.000,0.000
-262.500,1.039,365.533,320.000,0.000,0.000,0.000,0.000
-262.250,1.035,365.194,320.000,0.000,0.000,0.000,0.000
-262.000,1.032,364.857,320.000,0.000,0.000,0.000,0.000
-261.750,1.028,364.522,320.000,0.000,0.000,0.000,0.000
-261.500,1.024,364.188,320.000,0.000,0.000,0.000,0.000
-261.250,1.021,363.857,320.000,0.000,0.000,0.000,0.000
-261.000,1.017,363.527,320.000,0.000,0.000,0.000,0.000
-260.750,1.014,363.199,320.000,0.000,0.000,0.000,0.000
-260.500,1.010,362.873,320.000,0.000,0.000,0.000,0.000
-260.250,1.007,362.548,320.000,0.000,0.000,0.000,0.000
-260.000,1.003,362.226,320.000,0.000,0.000,0.000,0.000
-259.750,1.000,361.905,320.000,0.000,0.000,0.000,0.000
-259.500,0.996,361.586,320.000,0.000,0.000,0.000,0.000
-259.250,0.993,361.269,320.000,0.000,0.000,0.000,0.000
-259.000,0.990,360.954,320.000,0.000,0.000,0.000,0.000
-258.750,0.986,360.640,320.000,0.000,0.000,0.000,0.000
-258.500,0.983,360.328,320.000,0.000,0.000,0.000,0.000
-258.250,0.980,360.018,320.000,0.000,0.000,0.000,0.000
-258.000,0.977,359.710,320.000,0.000,0.000,0.000,0.000
-257.750,0.973,359.403,320.000,0.000,0.000,0.000,0.000
-257.500,0.970,359.098,320.000,0.000,0.000,0.000,0.000
-257.250,0.967,358.795,320.000,0.000,0.000,0.000,0.000
-257.000,0.964,358.493,320.000,0.000,0.000,0.000,0.000
-256.750,0.961,358.193,320.000,0.000,0.000,0.000,0.000
-256.500,0.958,357.895,320.000,0.000,0.000,0.000,0.000
-256.250,0.955,357.598,320.000,0.000,0.000,0.000,0.000
-256.000,0.952,357.304,320.000,0.000,0.000,0.000,0.000
-255.750,0.949,357.010,320.000,0.000,0.000,0.000,0.000
-255.500,0.946,356.719,320.000,0.000,0.000,0.000,0.000
-255.250,0.943,356.429,320.000,0.000,0.000,0.000,0.000
-255.000,0.940,356.141,320.000,0.000,0.000,0.000,0.000
-254.750,0.937,355.854,320.000,0.000,0.000,0.000,0.000
-254.500,0.934,355.569,320.000,0.000,0.000,0.000,0.000
-254.250,0.931,355.286,320.000,0.000,0.000,0.000,0.000
-254.000,0.928,355.004,320.000,0.000,0.000,0.000,0.000
-253.750,0.925,354.724,320.000,0.000,0.000,0.000,0.000
-253.500,0.923,354.445,320.000,0.000,0.000,0.000,0.000
-253.250,0.920,354.168,320.000,0.000,0.000,0.000,0.000
-253.000,0.917,353.893,320.000,0.000,0.000,0.000,0.000
-252.750,0.914,353.619,320.000,0.000,0.000,0.000,0.000
-252.500,0.912,353.346,320.000,0.000,0.000,0.000,0.000
-252.250,0.909,353.076,320.000,0.000,0.000,0.000,0.000
-252.000,0.906,352.806,320.000,0.000,0.000,0.000,0.000
-251.750,0.904,352.539,320.000,0.000,0.000,0.000,0.000
-251.500,0.901,352.273,320.000,0.000,0.000,0.000,0.000
-251.250,0.898,352.008,320.000,0.000,0.000,0.000,0.000
-251.000,0.896,351.745,320.000,0.000,0.000,0.000,0.000
-250.750,0.893,351.483,320.000,0.000,0.000,0.000,0.000
-250.500,0.891,351.223,320.000,0.000,0.000,0.000,0.000
-250.250,0.888,350.965,320.000,0.000,0.000,0.000,0.000
-250.000,0.886,350.707,320.000,0.000,0.000,0.000,0.000
-249.750,0.883,350.452,320.000,0.000,0.000,0.000,0.000
-249.500,0.881,350.198,320.000,0.000,0.000,0.000,0.000
-249.250,0.878,349.945,320.000,0.000,0.000,0.000,0.000
-249.000,0.876,349.694,320.000,0.000,0.000,0.000,0.000
-248.750,0.873,349.444,320.000,0.000,0.000,0.000,0.000
-248.500,0.871,349.196,320.000,0.000,0.000,0.000,0.000
-248.250,0.869,348.949,320.000,0.000,0.000,0.000,0.000
-248.000,0.866,348.703,320.000,0.000,0.000,0.000,0.000
-247.750,0.864,348.459,320.000,0.000,0.000,0.000,0.000
-247.500,0.862,348.217,320.000,0.000,0.000,0.000,0.000
-247.250,0.859,347.976,320.000,0.000,0.000,0.000,0.000
-247.000,0.857,347.736,320.000,0.000,0.000,0.000,0.000
-246.750,0.855,347.498,320.000,0.000,0.000,0.000,0.000
-246.500,0.853,347.261,320.000,0.000,0.000,0.000,0.000
-246.250,0.850,347.025,320.000,0.000,0.000,0.000,0.000
-246.000,0.848,346.791,320.000,0.000,0.000,0.000,0.000
-245.750,0.846,346.558,320.000,0.000,0.000,0.000,0.000
-245.500,0.844,346.327,320.000,0.000,0.000,0.000,0.000
-245.250,0.842,346.096,320.000,0.000,0.000,0.000,0.000
-245.000,0.839,345.868,320.000,0.000,0.000,0.000,0.000
-244.750,0.837,345.640,320.000,0.000,0.000,0.000,0.000
-244.500,0.835,345.414,320.000,0.000,0.000,0.000,0.000
-244.250,0.833,345.190,320.000,0.000,0.000,0.000,0.000
-244.000,0.831,344.966,320.000,0.000,0.000,0.000,0.000
-243.750,0.829,344.744,320.000,0.000,0.000,0.000,0.000
-243.500,0.827,344.524,320.000,0.000,0.000,0.000,0.000
-243.250,0.825,344.304,320.000,0.000,0.000,0.000,0.000
-243.000,0.823,344.086,320.000,0.000,0.000,0.000,0.000
-242.750,0.821,343.869,320.000,0.000,0.000,0.000,0.000
-242.500,0.819,343.654,320.000,0.000,0.000,0.000,0.000
-242.250,0.817,343.440,320.000,0.000,0.000,0.000,0.000
-242.000,0.815,343.227,320.000,0.000,0.000,0.000,0.000
-241.750,0.813,343.015,320.000,0.000,0.000,0.000,0.000
-241.500,0.811,342.805,320.000,0.000,0.000,0.000,0.000
-241.250,0.809,342.596,320.000,0.000,0.000,0.000,0.000
-241.000,0.807,342.388,320.000,0.000,0.000,0.000,0.000
-240.750,0.806,342.181,320.000,0.000,0.000,0.000,0.000
-240.500,0.804,341.976,320.000,0.000,0.000,0.000,0.000
-240.250,0.802,341.772,320.000,0.000,0.000,0.000,0.000
-240.000,0.800,341.569,320.000,0.000,0.000,0.000,0.000
-239.750,0.798,341.368,320.000,0.000,0.000,0.000,0.000
-239.500,0.796,341.167,320.000,0.000,0.000,0.000,0.000
-239.250,0.795,340.968,320.000,0.000,0.000,0.000,0.000
-239.000,0.793,340.770,320.000,0.000,0.000,0.000,0.000
-238.750,0.791,340.574,320.000,0.000,0.000,0.000,0.000
-238.500,0.789,340.378,320.000,0.000,0.000,0.000,0.000
-238.250,0.788,340.184,320.000,0.000,0.000,0.000,0.000
-238.000,0.786,339.991,320.000,0.000,0.000,0.000,0.000
-237.750,0.784,339.799,320.000,0.000,0.000,0.000,0.000
-237.500,0.782,339.608,320.000,0.000,0.000,0.000,0.000
-237.250,0.781,339.419,320.000,0.000,0.000,0.000,0.000
-237.000,0.779,339.231,320.000,0.000,0.000,0.000,0.000
-236.750,0.777,339.044,320.000,0.000,0.000,0.000,0.000
-236.500,0.776,338.858,320.000,0.000,0.000,0.000,0.000
-236.250,0.774,338.673,320.000,0.000,0.000,0.000,0.000
-236.000,0.773,338.489,320.000,0.000,0.000,0.000,0.000
-235.750,0.771,338.307,320.000,0.000,0.000,0.000,0.000
-235.500,0.769,338.125,320.000,0.000,0.000,0.000,0.000
-235.250,0.768,337.945,320.000,0.000,0.000,0.000,0.000
-235.000,0.766,337.766,320.000,0.000,0.000,0.000,0.000
-234.750,0.765,337.588,320.000,0.000,0.000,0.000,0.000
-234.500,0.763,337.411,320.000,0.000,0.000,0.000,0.000
-234.250,0.762,337.236,320.000,0.000,0.000,0.000,0.000
-234.000,0.760,337.061,320.000,0.000,0.000,0.000,0.000
-233.750,0.759,336.888,320.000,0.000,0.000,0.000,0.000
-233.500,0.757,336.715,320.000,0.000,0.000,0.000,0.000
-233.250,0.756,336.544,320.000,0.000,0.000,0.000,0.000
-233.000,0.754,336.374,320.000,0.000,0.000,0.000,0.000
-232.750,0.753,336.205,320.000,0.000,0.000,0.000,0.000
-232.500,0.751,336.037,320.000,0.000,0.000,0.000,0.000
-232.250,0.750,335.870,320.000,0.000,0.000,0.000,0.000
-232.000,0.748,335.704,320.000,0.000,0.000,0.000,0.000
-231.750,0.747,335.540,320.000,0.000,0.000,0.000,0.000
-231.500,0.746,335.376,320.000,0.000,0.000,0.000,0.000
-231.250,0.744,335.214,320.000,0.000,0.000,0.000,0.000
-231.000,0.743,335.052,320.000,0.000,0.000,0.000,0.000
-230.750,0.741,334.892,320.000,0.000,0.000,0.000,0.000
-230.500,0.740,334.732,320.000,0.000,0.000,0.000,0.000
-230.250,0.739,334.574,320.000,0.000,0.000,0.000,0.000
-230.000,0.737,334.417,320.000,0.000,0.000,0.000,0.000
-229.750,0.736,334.261,320.000,0.000,0.000,0.000,0.000
-229.500,0.735,334.105,320.000,0.000,0.000,0.000,0.000
-229.250,0.734,333.951,320.000,0.000,0.000,0.000,0.000
-229.000,0.732,333.798,320.000,0.000,0.000,0.000,0.000
-228.750,0.731,333.646,320.000,0.000,0.000,0.000,0.000
-228.500,0.730,333.495,320.000,0.000,0.000,0.000,0.000
-228.250,0.728,333.345,320.000,0.000,0.000,0.000,0.000
-228.000,0.727,333.196,320.000,0.000,0.000,0.000,0.000
-227.750,0.726,333.048,320.000,0.000,0.000,0.000,0.000
-227.500,0.725,332.901,320.000,0.000,0.000,0.000,0.000
-227.250,0.723,332.755,320.000,0.000,0.000,0.000,0.000
-227.000,0.722,332.610,320.000,0.000,0.000,0.000,0.000
-226.750,0.721,332.466,320.000,0.000,0.000,0.000,0.000
-226.500,0.720,332.323,320.000,0.000,0.000,0.000,0.000
-226.250,0.719,332.181,320.000,0.000,0.000,0.000,0.000
-226.000,0.718,332.040,320.000,0.000,0.000,0.000,0.000
-225.750,0.716,331.900,320.000,0.000,0.000,0.000,0.000
-225.500,0.715,331.761,320.000,0.000,0.000,0.000,0.000
-225.250,0.714,331.623,320.000,0.000,0.000,0.000,0.000
-225.000,0.713,331.486,320.000,0.000,0.000,0.000,0.000
-224.750,0.712,331.349,320.000,0.000,0.000,0.000,0.000
-224.500,0.711,331.214,320.000,0.000,0.000,0.000,0.000
-224.250,0.710,331.080,320.000,0.000,0.000,0.000,0.000
-224.000,0.709,330.947,320.000,0.000,0.000,0.000,0.000
-223.750,0.707,330.814,320.000,0.000,0.000,0.000,0.000
-223.500,0.706,330.683,320.000,0.000,0.000,0.000,0.000
-223.250,0.705,330.553,320.000,0.000,0.000,0.000,0.000
-223.000,0.704,330.423,320.000,0.000,0.000,0.000,0.000
-222.750,0.703,330.295,320.000,0.000,0.000,0.000,0.000
-222.500,0.702,330.167,320.000,0.000,0.000,0.000,0.000
-222.250,0.701,330.040,320.000,0.000,0.000,0.000,0.000
-222.000,0.700,329.914,320.000,0.000,0.000,0.000,0.000
-221.750,0.699,329.790,320.000,0.000,0.000,0.000,0.000
-221.500,0.698,329.666,320.000,0.000,0.000,0.000,0.000
-221.250,0.697,329.543,320.000,0.000,0.000,0.000,0.000
-221.000,0.696,329.421,320.000,0.000,0.000,0.000,0.000
-220.750,0.695,329.299,320.000,0.000,0.000,0.000,0.000
-220.500,0.694,329.179,320.000,0.000,0.000,0.000,0.000
-220.250,0.693,329.060,320.000,0.000,0.000,0.000,0.000
-220.000,0.692,328.941,320.000,0.000,0.000,0.000,0.000
-219.750,0.691,328.824,320.000,0.000,0.000,0.000,0.000
-219.500,0.690,328.707,320.000,0.000,0.000,0.000,0.000
-219.250,0.689,328.591,320.000,0.000,0.000,0.000,0.000
-219.000,0.688,328.476,320.000,0.000,0.000,0.000,0.000
-218.750,0.688,328.362,320.000,0.000,0.000,0.000,0.000
-218.500,0.687,328.249,320.000,0.000,0.000,0.000,0.000
-218.250,0.686,328.137,320.000,0.000,0.000,0.000,0.000
-218.000,0.685,328.026,320.000,0.000,0.000,0.000,0.000
-217.750,0.684,327.915,320.000,0.000,0.000,0.000,0.000
-217.500,0.683,327.805,320.000,0.000,0.000,0.000,0.000
-217.250,0.682,327.697,320.000,0.000,0.000,0.000,0.000
-217.000,0.681,327.589,320.000,0.000,0.000,0.000,0.000
-216.750,0.681,327.482,320.000,0.000,0.000,0.000,0.000
-216.500,0.680,327.376,320.000,0.000,0.000,0.000,0.000
-216.250,0.679,327.270,320.000,0.000,0.000,0.000,0.000
-216.000,0.678,327.166,320.000,0.000,0.000,0.000,0.000
-215.750,0.677,327.062,320.000,0.000,0.000,0.000,0.000
-215.500,0.676,326.959,320.000,0.000,0.000,0.000,0.000
-215.250,0.676,326.857,320.000,0.000,0.000,0.000,0.000
-215.000,0.675,326.756,320.000,0.000,0.000,0.000,0.000
-214.750,0.674,326.656,320.000,0.000,0.000,0.000,0.000
-214.500,0.673,326.557,320.000,0.000,0.000,0.000,0.000
-214.250,0.672,326.458,320.000,0.000,0.000,0.000,0.000
-214.000,0.672,326.360,320.000,0.000,0.000,0.000,0.000
-213.750,0.671,326.263,320.000,0.000,0.000,0.000,0.000
-213.500,0.670,326.167,320.000,0.000,0.000,0.000,0.000
-213.250,0.669,326.072,320.000,0.000,0.000,0.000,0.000
-213.000,0.669,325.978,320.000,0.000,0.000,0.000,0.000
-212.750,0.668,325.884,320.000,0.000,0.000,0.000,0.000
-212.500,0.667,325.791,320.000,0.000,0.000,0.000,0.000
-212.250,0.667,325.699,320.000,0.000,0.000,0.000,0.000
-212.000,0.666,325.608,320.000,0.000,0.000,0.000,0.000
-211.750,0.665,325.518,320.000,0.000,0.000,0.000,0.000
-211.500,0.664,325.428,320.000,0.000,0.000,0.000,0.000
-211.250,0.664,325.339,320.000,0.000,0.000,0.000,0.000
-211.000,0.663,325.251,320.000,0.000,0.000,0.000,0.000
-210.750,0.662,325.164,320.000,0.000,0.000,0.000,0.000
-210.500,0.662,325.078,320.000,0.000,0.000,0.000,0.000
-210.250,0.661,324.992,320.000,0.000,0.000,0.000,0.000
-210.000,0.660,324.908,320.000,0.000,0.000,0.000,0.000
-209.750,0.660,324.824,320.000,0.000,0.000,0.000,0.000
-209.500,0.659,324.740,320.000,0.000,0.000,0.000,0.000
-209.250,0.658,324.658,320.000,0.000,0.000,0.000,0.000
-209.000,0.658,324.576,320.000,0.000,0.000,0.000,0.000
-208.750,0.657,324.496,320.000,0.000,0.000,0.000,0.000
-208.500,0.657,324.415,320.000,0.000,0.000,0.000,0.000
-208.250,0.656,324.336,320.000,0.000,0.000,0.000,0.000
-208.000,0.655,324.258,320.000,0.000,0.000,0.000,0.000
-207.750,0.655,324.180,320.000,0.000,0.000,0.000,0.000
-207.500,0.654,324.103,320.000,0.000,0.000,0.000,0.000
-207.250,0.654,324.027,320.000,0.000,0.000,0.000,0.000
-207.000,0.653,323.951,320.000,0.000,0.000,0.000,0.000
-206.750,0.652,323.877,320.000,0.000,0.000,0.000,0.000
-206.500,0.652,323.803,320.000,0.000,0.000,0.000,0.000
-206.250,0.651,323.730,320.000,0.000,0.000,0.000,0.000
-206.000,0.651,323.657,320.000,0.000,0.000,0.000,0.000
-205.750,0.650,323.586,320.000,0.000,0.000,0.000,0.000
-205.500,0.650,323.515,320.000,0.000,0.000,0.000,0.000
-205.250,0.649,323.445,320.000,0.000,0.000,0.000,0.000
-205.000,0.649,323.375,320.000,0.000,0.000,0.000,0.000
-204.750,0.648,323.307,320.000,0.000,0.000,0.000,0.000
-204.500,0.648,323.239,320.000,0.000,0.000,0.000,0.000
-204.250,0.647,323.172,320.000,0.000,0.000,0.000,0.000
-204.000,0.647,323.105,320.000,0.000,0.000,0.000,0.000
-203.750,0.646,323.040,320.000,0.000,0.000,0.000,0.000
-203.500,0.646,322.975,320.000,0.000,0.000,0.000,0.000
-203.250,0.645,322.911,320.000,0.000,0.000,0.000,0.000
-203.000,0.645,322.847,320.000,0.000,0.000,0.000,0.000
-202.750,0.644,322.785,320.000,0.000,0.000,0.000,0.000
-202.500,0.644,322.723,320.000,0.000,0.000,0.000,0.000
-202.250,0.643,322.661,320.000,0.000,0.000,0.000,0.000
-202.000,0.643,322.601,320.000,0.000,0.000,0.000,0.000
-201.750,0.642,322.541,320.000,0.000,0.000,0.000,0.000
-201.500,0.642,322.482,320.000,0.000,0.000,0.000,0.000
-201.250,0.641,322.424,320.000,0.000,0.000,0.000,0.000
-201.000,0.641,322.366,320.000,0.000,0.000,0.000,0.000
-200.750,0.641,322.309,320.000,0.000,0.000,0.000,0.000
-200.500,0.640,322.253,320.000,0.000,0.000,0.000,0.000
-200.250,0.640,322.198,320.000,0.000,0.000,0.000,0.000
-200.000,0.639,322.143,320.000,0.000,0.000,0.000,0.000
-199.750,0.639,322.089,320.000,0.000,0.000,0.000,0.000
-199.500,0.639,322.036,320.000,0.000,0.000,0.000,0.000
-199.250,0.638,321.983,320.000,0.000,0.000,0.000,0.000
-199.000,0.638,321.932,320.000,0.000,0.000,0.000,0.000
-198.750,0.637,321.880,320.000,0.000,0.000,0.000,0.000
-198.500,0.637,321.830,320.000,0.000,0.000,0.000,0.000
-198.250,0.637,321.780,320.000,0.000,0.000,0.000,0.000
-198.000,0.636,321.731,320.000,0.000,0.000,0.000,0.000
-197.750,0.636,321.683,320.000,0.000,0.000,0.000,0.000
-197.500,0.636,321.635,320.000,0.000,0.000,0.000,0.000
-197.250,0.635,321.589,320.000,0.000,0.000,0.000,0.000
-197.000,0.635,321.542,320.000,0.000,0.000,0.000,0.000
-196.750,0.635,321.497,320.000,0.000,0.000,0.000,0.000
-196.500,0.634,321.452,320.000,0.000,0.000,0.000,0.000
-196.250,0.634,321.408,320.000,0.000,0.000,0.000,0.000
-196.000,0.634,321.365,320.000,0.000,0.000,0.000,0.000
-195.750,0.633,321.322,320.000,0.000,0.000,0.000,0.000
-195.500,0.633,321.280,320.000,0.000,0.000,0.000,0.000
-195.250,0.633,321.239,320.000,0.000,0.000,0.000,0.000
-195.000,0.632,321.198,320.000,0.000,0.000,0.000,0.000
-194.750,0.632,321.158,320.000,0.000,0.000,0.000,0.000
-194.500,0.632,321.119,320.000,0.000,0.000,0.000,0.000
-194.250,0.631,321.080,320.000,0.000,0.000,0.000,0.000
-194.000,0.631,321.043,320.000,0.000,0.000,0.000,0.000
-193.750,0.631,321.006,320.000,0.000,0.000,0.000,0.000
-193.500,0.631,320.969,320.000,0.000,0.000,0.000,0.000
-193.250,0.630,320.933,320.000,0.000,0.000,0.000,0.000
-193.000,0.630,320.898,320.000,0.000,0.000,0.000,0.000
-192.750,0.630,320.864,320.000,0.000,0.000,0.000,0.000
-192.500,0.630,320.830,320.000,0.000,0.000,0.000,0.000
-192.250,0.629,320.797,320.000,0.000,0.000,0.000,0.000
-192.000,0.629,320.765,320.000,0.000,0.000,0.000,0.000
-191.750,0.629,320.733,320.000,0.000,0.000,0.000,0.000
-191.500,0.629,320.702,320.000,0.000,0.000,0.000,0.000
-191.250,0.628,320.672,320.000,0.000,0.000,0.000,0.000
-191.000,0.628,320.642,320.000,0.000,0.000,0.000,0.000
-190.750,0.628,320.613,320.000,0.000,0.000,0.000,0.000
-190.500,0.628,320.585,320.000,0.000,0.000,0.000,0.000
-190.250,0.628,320.557,320.000,0.000,0.000,0.000,0.000
-190.000,0.627,320.530,320.000,0.000,0.000,0.000,0.000
-189.750,0.627,320.504,320.000,0.000,0.000,0.000,0.000
-189.500,0.627,320.478,320.000,0.000,0.000,0.000,0.000
-189.250,0.627,320.453,320.000,0.000,0.000,0.000,0.000
-189.000,0.627,320.429,320.000,0.000,0.000,0.000,0.000
-188.750,0.627,320.406,320.000,0.000,0.000,0.000,0.000
-188.500,0.626,320.383,320.000,0.000,0.000,0.000,0.000
-188.250,0.626,320.360,320.000,0.000,0.000,0.000,0.000
-188.000,0.626,320.339,320.000,0.000,0.000,0.000,0.000
-187.750,0.626,320.318,320.000,0.000,0.000,0.000,0.000
-187.500,0.626,320.298,320.000,0.000,0.000,0.000,0.000
-187.250,0.626,320.278,320.000,0.000,0.000,0.000,0.000
-187.000,0.626,320.259,320.000,0.000,0.000,0.000,0.000
-186.750,0.625,320.241,320.000,0.000,0.000,0.000,0.000
-186.500,0.625,320.224,320.000,0.000,0.000,0.000,0.000
-186.250,0.625,320.207,320.000,0.000,0.000,0.000,0.000
-186.000,0.625,320.190,320.000,0.000,0.000,0.000,0.000
-185.750,0.625,320.175,320.000,0.000,0.000,0.000,0.000
-185.500,0.625,320.160,320.000,0.000,0.000,0.000,0.000
-185.250,0.625,320.146,320.000,0.000,0.000,0.000,0.000
-185.000,0.625,320.132,320.000,0.000,0.000,0.000,0.000
-184.750,0.625,320.119,320.000,0.000,0.000,0.000,0.000
-184.500,0.624,320.107,320.000,0.000,0.000,0.000,0.000
-184.250,0.624,320.095,320.000,0.000,0.000,0.000,0.000
-184.000,0.624,320.085,320.000,0.000,0.000,0.000,0.000
-183.750,0.624,320.074,320.000,0.000,0.000,0.000,0.000
-183.500,0.624,320.065,320.000,0.000,0.000,0.000,0.000
-183.250,0.624,320.056,320.000,0.000,0.000,0.000,0.000
-183.000,0.624,320.048,320.000,0.000,0.000,0.000,0.000
-182.750,0.624,320.040,320.000,0.000,0.000,0.000,0.000
-182.500,0.624,320.033,320.000,0.000,0.000,0.000,0.000
-182.250,0.624,320.027,320.000,0.000,0.000,0.000,0.000
-182.000,0.624,320.021,320.000,0.000,0.000,0.000,0.000
-181.750,0.624,320.016,320.000,0.000,0.000,0.000,0.000
-181.500,0.624,320.012,320.000,0.000,0.000,0.000,0.000
-181.250,0.624,320.008,320.000,0.000,0.000,0.000,0.000
-181.000,0.624,320.005,320.000,0.000,0.000,0.000,0.000
-180.750,0.624,320.003,320.000,0.000,0.000,0.000,0.000
-180.500,0.624,320.001,320.000,0.000,0.000,0.000,0.000
-180.250,0.624,320.000,320.000,0.000,0.000,0.000,0.000
-180.000,0.624,320.000,320.000,0.000,0.000,0.000,0.000
-179.750,0.624,320.000,320.000,0.000,0.000,0.000,0.000
-179.500,0.624,320.001,320.000,0.000,0.000,0.000,0.000
-179.250,0.624,320.003,320.000,0.000,0.000,0.000,0.000
-179.000,0.624,320.005,320.000,0.000,0.000,0.000,0.000
-178.750,0.624,320.008,320.000,0.000,0.000,0.000,0.000
-178.500,0.624,320.012,320.000,0.000,0.000,0.000,0.000
-178.250,0.624,320.016,320.000,0.000,0.000,0.000,0.000
-178.000,0.624,320.021,320.000,0.000,0.000,0.000,0.000
-177.750,0.624,320.027,320.000,0.000,0.000,0.000,0.000
-177.500,0.624,320.033,320.000,0.000,0.000,0.000,0.000
-177.250,0.624,320.040,320.000,0.000,0.000,0.000,0.000
-177.000,0.624,320.048,320.000,0.000,0.000,0.000,0.000
-176.750,0.624,320.056,320.000,0.000,0.000,0.000,0.000
-176.500,0.624,320.065,320.000,0.000,0.000,0.000,0.000
-176.250,0.625,320.074,320.000,0.000,0.000,0.000,0.000
-176.000,0.625,320.085,320.000,0.000,0.000,0.000,0.000
-175.750,0.625,320.095,320.000,0.000,0.000,0.000,0.000
-175.500,0.625,320.107,320.000,0.000,0.000,0.000,0.000
-175.250,0.625,320.119,320.000,0.000,0.000,0.000,0.000
-175.000,0.625,320.132,320.000,0.000,0.000,0.000,0.000
-174.750,0.625,320.146,320.000,0.000,0.000,0.000,0.000
-174.500,0.625,320.160,320.000,0.000,0.000,0.000,0.000
-174.250,0.625,320.175,320.000,0.000,0.000,0.000,0.000
-174.000,0.626,320.190,320.000,0.000,0.000,0.000,0.000
-173.750,0.626,320.207,320.000,0.000,0.000,0.000,0.000
-173.500,0.626,320.224,320.000,0.000,0.000,0.000,0.000
-173.250,0.626,320.241,320.000,0.000,0.000,0.000,0.000
-173.000,0.626,320.259,320.000,0.000,0.000,0.000,0.000
-172.750,0.626,320.278,320.000,0.000,0.000,0.000,0.000
-172.500,0.626,320.298,320.000,0.000,0.000,0.000,0.000
-172.250,0.627,320.318,320.000,0.000,0.000,0.000,0.000
-172.000,0.627,320.339,320.000,0.000,0.000,0.000,0.000
-171.750,0.627,320.360,320.000,0.000,0.000,0.000,0.000
-171.500,0.627,320.383,320.000,0.000,0.000,0.000,0.000
-171.250,0.627,320.406,320.000,0.000,0.000,0.000,0.000
-171.000,0.627,320.429,320.000,0.000,0.000,0.000,0.000
-170.750,0.628,320.453,320.000,0.000,0.000,0.000,0.000
-170.500,0.628,320.478,320.000,0.000,0.000,0.000,0.000
-170.250,0.628,320.504,320.000,0.000,0.000,0.000,0.000
-170.000,0.628,320.530,320.000,0.000,0.000,0.000,0.000
-169.750,0.628,320.557,320.000,0.000,0.000,0.000,0.000
-169.500,0.629,320.585,320.000,0.000,0.000,0.000,0.000
-169.250,0.629,320.613,320.000,0.000,0.000,0.000,0.000
-169.000,0.629,320.642,320.000,0.000,0.000,0.000,0.000
-168.750,0.629,320.672,320.000,0.000,0.000,0.000,0.000
-168.500,0.630,320.702,320.000,0.000,0.000,0.000,0.000
-168.250,0.630,320.733,320.000,0.000,0.000,0.000,0.000
-168.000,0.630,320.765,320.000,0.000,0.000,0.000,0.000
-167.750,0.630,320.797,320.000,0.000,0.000,0.000,0.000
-167.500,0.631,320.830,320.000,0.000,0.000,0.000,0.000
-167.250,0.631,320.864,320.000,0.000,0.000,0.000,0.000
-167.000,0.631,320.898,320.000,0.000,0.000,0.000,0.000
-166.750,0.631,320.933,320.000,0.000,0.000,0.000,0.000
-166.500,0.632,320.969,320.000,0.000,0.000,0.000,0.000
-166.250,0.632,321.006,320.000,0.000,0.000,0.000,0.000
-166.000,0.632,321.043,320.000,0.000,0.000,0.000,0.000
-165.750,0.633,321.080,320.000,0.000,0.000,0.000,0.000
-165.500,0.633,321.119,320.000,0.000,0.000,0.000,0.000
-165.250,0.633,321.158,320.000,0.000,0.000,0.000,0.000
-165.000,0.633,321.198,320.000,0.000,0.000,0.000,0.000
-164.750,0.634,321.239,320.000,0.000,0.000,0.000,0.000
-164.500,0.634,321.280,320.000,0.000,0.000,0.000,0.000
-164.250,0.634,321.322,320.000,0.000,0.000,0.000,0.000
-164.000,0.635,321.365,320.000,0.000,0.000,0.000,0.000
-163.750,0.635,321.408,320.000,0.000,0.000,0.000,0.000
-163.500,0.635,321.452,320.000,0.000,0.000,0.000,0.000
-163.250,0.636,321.497,320.000,0.000,0.000,0.000,0.000
-163.000,0.636,321.542,320.000,0.000,0.000,0.000,0.000
-162.750,0.637,321.589,320.000,0.000,0.000,0.000,0.000
-162.500,0.637,321.635,320.000,0.000,0.000,0.000,0.000
-162.250,0.637,321.683,320.000,0.000,0.000,0.000,0.000
-162.000,0.638,321.731,320.000,0.000,0.000,0.000,0.000
-161.750,0.638,321.780,320.000,0.000,0.000,0.000,0.000
-161.500,0.638,321.830,320.000,0.000,0.000,0.000,0.000
-161.250,0.639,321.880,320.000,0.000,0.000,0.000,0.000
-161.000,0.639,321.932,320.000,0.000,0.000,0.000,0.000
-160.750,0.640,321.983,320.000,0.000,0.000,0.000,0.000
-160.500,0.640,322.036,320.000,0.000,0.000,0.000,0.000
-160.250,0.640,322.089,320.000,0.000,0.000,0.000,0.000
-160.000,0.641,322.143,320.000,0.000,0.000,0.000,0.000
-159.750,0.641,322.198,320.000,0.000,0.000,0.000,0.000
-159.500,0.642,322.253,320.000,0.000,0.000,0.000,0.000
-159.250,0.642,322.309,320.000,0.000,0.000,0.000,0.000
-159.000,0.643,322.366,320.000,0.000,0.000,0.000,0.000
-158.750,0.643,322.424,320.000,0.000,0.000,0.000,0.000
-158.500,0.644,322.482,320.000,0.000,0.000,0.000,0.000
-158.250,0.644,322.541,320.000,0.000,0.000,0.000,0.000
-158.000,0.644,322.601,320.000,0.000,0.000,0.000,0.000
-157.750,0.645,322.661,320.000,0.000,0.000,0.000,0.000
-157.500,0.645,322.723,320.000,0.000,0.000,0.000,0.000
-157.250,0.646,322.785,320.000,0.000,0.000,0.000,0.000
-157.000,0.646,322.847,320.000,0.000,0.000,0.000,0.000
-156.750,0.647,322.911,320.000,0.000,0.000,0.000,0.000
-156.500,0.647,322.975,320.000,0.000,0.000,0.000,0.000
-156.250,0.648,323.040,320.000,0.000,0.000,0.000,0.000
-156.000,0.648,323.105,320.000,0.000,0.000,0.000,0.000
-155.750,0.649,323.172,320.000,0.000,0.000,0.000,0.000
-155.500,0.650,323.239,320.000,0.000,0.000,0.000,0.000
-155.250,0.650,323.307,320.000,0.000,0.000,0.000,0.000
-155.000,0.651,323.375,320.000,0.000,0.000,0.000,0.000
-154.750,0.651,323.445,320.000,0.000,0.000,0.000,0.000
-154.500,0.652,323.515,320.000,0.000,0.000,0.000,0.000
-154.250,0.652,323.586,320.000,0.000,0.000,0.000,0.000
-154.000,0.653,323.657,320.000,0.000,0.000,0.000,0.000
-153.750,0.653,323.730,320.000,0.000,0.000,0.000,0.000
-153.500,0.654,323.803,320.000,0.000,0.000,0.000,0.000
-153.250,0.655,323.877,320.000,0.000,0.000,0.000,0.000
-153.000,0.655,323.951,320.000,0.000,0.000,0.000,0.000
-152.750,0.656,324.027,320.000,0.000,0.000,0.000,0.000
-152.500,0.656,324.103,320.000,0.000,0.000,0.000,0.000
-152.250,0.657,324.180,320.000,0.000,0.000,0.000,0.000
-152.000,0.658,324.258,320.000,0.000,0.000,0.000,0.000
-151.750,0.658,324.336,320.000,0.000,0.000,0.000,0.000
-151.500,0.659,324.415,320.000,0.000,0.000,0.000,0.000
-151.250,0.659,324.496,320.000,0.000,0.000,0.000,0.000
-151.000,0.660,324.576,320.000,0.000,0.000,0.000,0.000
-150.750,0.661,324.658,320.000,0.000,0.000,0.000,0.000
-150.500,0.661,324.740,320.000,0.000,0.000,0.000,0.000
-150.250,0.662,324.824,320.000,0.000,0.000,0.000,0.000
-150.000,0.663,324.908,320.000,0.000,0.000,0.000,0.000
-149.750,0.663,324.992,320.000,0.000,0.000,0.000,0.000
-149.500,0.664,325.078,320.000,0.000,0.000,0.000,0.000
-149.250,0.665,325.164,320.000,0.000,0.000,0.000,0.000
-149.000,0.665,325.251,320.000,0.000,0.000,0.000,0.000
-148.750,0.666,325.339,320.000,0.000,0.000,0.000,0.000
-148.500,0.667,325.428,320.000,0.000,0.000,0.000,0.000
-148.250,0.668,325.518,320.000,0.000,0.000,0.000,0.000
-148.000,0.668,325.608,320.000,0.000,0.000,0.000,0.000
-147.750,0.669,325.699,320.000,0.000,0.000,0.000,0.000
-147.500,0.670,325.791,320.000,0.000,0.000,0.000,0.000
-147.250,0.671,325.884,320.000,0.000,0.000,0.000,0.000
-147.000,0.671,325.978,320.000,0.000,0.000,0.000,0.000
-146.750,0.672,326.072,320.000,0.000,0.000,0.000,0.000
-146.500,0.673,326.167,320.000,0.000,0.000,0.000,0.000
-146.250,0.674,326.263,320.000,0.000,0.000,0.000,0.000
-146.000,0.674,326.360,320.000,0.000,0.000,0.000,0.000
-145.750,0.675,326.458,320.000,0.000,0.000,0.000,0.000
-145.500,0.676,326.557,320.000,0.000,0.000,0.000,0.000
-145.250,0.677,326.656,320.000,0.000,0.000,0.000,0.000
-145.000,0.678,326.756,320.000,0.000,0.000,0.000,0.000
-144.750,0.678,326.857,320.000,0.000,0.000,0.000,0.000
-144.500,0.679,326.959,320.000,0.000,0.000,0.000,0.000
-144.250,0.680,327.062,320.000,0.000,0.000,0.000,0.000
-144.000,0.681,327.166,320.000,0.000,0.000,0.000,0.000
-143.750,0.682,327.270,320.000,0.000,0.000,0.000,0.000
-143.500,0.683,327.376,320.000,0.000,0.000,0.000,0.000
-143.250,0.683,327.482,320.000,0.000,0.000,0.000,0.000
-143.000,0.684,327.589,320.000,0.000,0.000,0.000,0.000
-142.750,0.685,327.697,320.000,0.000,0.000,0.000,0.000
-142.500,0.686,327.805,320.000,0.000,0.000,0.000,0.000
-142.250,0.687,327.915,320.000,0.000,0.000,0.000,0.000
-142.000,0.688,328.026,320.000,0.000,0.000,0.000,0.000
-141.750,0.689,328.137,320.000,0.000,0.000,0.000,0.000
-141.500,0.690,328.249,320.000,0.000,0.000,0.000,0.000
-141.250,0.691,328.362,320.000,0.000,0.000,0.000,0.000
-141.000,0.692,328.476,320.000,0.000,0.000,0.000,0.000
-140.750,0.693,328.591,320.000,0.000,0.000,0.000,0.000
-140.500,0.693,328.707,320.000,0.000,0.000,0.000,0.000
-140.250,0.694,328.824,320.000,0.000,0.000,0.000,0.000
-140.000,0.695,328.941,320.000,0.000,0.000,0.000,0.000
-139.750,0.696,329.060,320.000,0.000,0.000,0.000,0.000
-139.500,0.697,329.179,320.000,0.000,0.000,0.000,0.000
-139.250,0.698,329.299,320.000,0.000,0.000,0.000,0.000
-139.000,0.699,329.421,320.000,0.000,0.000,0.000,0.000
-138.750,0.700,329.543,320.000,0.000,0.000,0.000,0.000
-138.500,0.701,329.666,320.000,0.000,0.000,0.000,0.000
-138.250,0.702,329.790,320.000,0.000,0.000,0.000,0.000
-138.000,0.703,329.914,320.000,0.000,0.000,0.000,0.000
-137.750,0.704,330.040,320.000,0.000,0.000,0.000,0.000
-137.500,0.706,330.167,320.000,0.000,0.000,0.000,0.000
-137.250,0.707,330.295,320.000,0.000,0.000,0.000,0.000
-137.000,0.708,330.423,320.000,0.000,0.000,0.000,0.000
-136.750,0.709,330.553,320.000,0.000,0.000,0.000,0.000
-136.500,0.710,330.683,320.000,0.000,0.000,0.000,0.000
-136.250,0.711,330.814,320.000,0.000,0.000,0.000,0.000
-136.000,0.712,330.947,320.000,0.000,0.000,0.000,0.000
-135.750,0.713,331.080,320.000,0.000,0.000,0.000,0.000
-135.500,0.714,331.214,320.000,0.000,0.000,0.000,0.000
-135.250,0.715,331.349,320.000,0.000,0.000,0.000,0.000
-135.000,0.717,331.486,320.000,0.000,0.000,0.000,0.000
-134.750,0.718,331.623,320.000,0.000,0.000,0.000,0.000
-134.500,0.719,331.761,320.000,0.000,0.000,0.000,0.000
-134.250,0.720,331.900,320.000,0.000,0.000,0.000,0.000
-134.000,0.721,332.040,320.000,0.000,0.000,0.000,0.000
-133.750,0.722,332.181,320.000,0.000,0.000,0.000,0.000
-133.500,0.724,332.323,320.000,0.000,0.000,0.000,0.000
-133.250,0.725,332.466,320.000,0.000,0.000,0.000,0.000
-133.000,0.726,332.610,320.000,0.000,0.000,0.000,0.000
-132.750,0.727,332.755,320.000,0.000,0.000,0.000,0.000
-132.500,0.728,332.901,320.000,0.000,0.000,0.000,0.000
-132.250,0.730,333.048,320.000,0.000,0.000,0.000,0.000
-132.000,0.731,333.196,320.000,0.000,0.000,0.000,0.000
-131.750,0.732,333.345,320.000,0.000,0.000,0.000,0.000
-131.500,0.734,333.495,320.000,0.000,0.000,0.000,0.000
-131.250,0.735,333.646,320.000,0.000,0.000,0.000,0.000
-131.000,0.736,333.798,320.000,0.000,0.000,0.000,0.000
-130.750,0.737,333.951,320.000,0.000,0.000,0.000,0.000
-130.500,0.739,334.105,320.000,0.000,0.000,0.000,0.000
-130.250,0.740,334.261,320.000,0.000,0.000,0.000,0.000
-130.000,0.741,334.417,320.000,0.000,0.000,0.000,0.000
-129.750,0.743,334.574,320.000,0.000,0.000,0.000,0.000
-129.500,0.744,334.732,320.000,0.000,0.000,0.000,0.000
-129.250,0.745,334.892,320.000,0.000,0.000,0.000,0.000
-129.000,0.747,335.052,320.000,0.000,0.000,0.000,0.000
-128.750,0.748,335.214,320.000,0.000,0.000,0.000,0.000
-128.500,0.750,335.376,320.000,0.000,0.000,0.000,0.000
-128.250,0.751,335.540,320.000,0.000,0.000,0.000,0.000
-128.000,0.753,335.704,320.000,0.000,0.000,0.000,0.000
-127.750,0.754,335.870,320.000,0.000,0.000,0.000,0.000
-127.500,0.755,336.037,320.000,0.000,0.000,0.000,0.000
-127.250,0.757,336.205,320.000,0.000,0.000,0.000,0.000
-127.000,0.758,336.374,320.000,0.000,0.000,0.000,0.000
-126.750,0.760,336.544,320.000,0.000,0.000,0.000,0.000
-126.500,0.761,336.715,320.000,0.000,0.000,0.000,0.000
-126.250,0.763,336.888,320.000,0.000,0.000,0.000,0.000
-126.000,0.764,337.061,320.000,0.000,0.000,0.000,0.000
-125.750,0.766,337.236,320.000,0.000,0.000,0.000,0.000
-125.500,0.767,337.411,320.000,0.000,0.000,0.000,0.000
-125.250,0.769,337.588,320.000,0.000,0.000,0.000,0.000
-125.000,0.771,337.766,320.000,0.000,0.000,0.000,0.000
-124.750,0.772,337.945,320.000,0.000,0.000,0.000,0.000
-124.500,0.774,338.125,320.000,0.000,0.000,0.000,0.000
-124.250,0.775,338.307,320.000,0.000,0.000,0.000,0.000
-124.000,0.777,338.489,320.000,0.000,0.000,0.000,0.000
-123.750,0.779,338.673,320.000,0.000,0.000,0.000,0.000
-123.500,0.780,338.858,320.000,0.000,0.000,0.000,0.000
-123.250,0.782,339.044,320.000,0.000,0.000,0.000,0.000
-123.000,0.784,339.231,320.000,0.000,0.000,0.000,0.000
-122.750,0.785,339.419,320.000,0.000,0.000,0.000,0.000
-122.500,0.787,339.608,320.000,0.000,0.000,0.000,0.000
-122.250,0.789,339.799,320.000,0.000,0.000,0.000,0.000
-122.000,0.790,339.991,320.000,0.000,0.000,0.000,0.000
-121.750,0.792,340.184,320.000,0.000,0.000,0.000,0.000
-121.500,0.794,340.378,320.000,0.000,0.000,0.000,0.000
-121.250,0.796,340.574,320.000,0.000,0.000,0.000,0.000
-121.000,0.797,340.770,320.000,0.000,0.000,0.000,0.000
-120.750,0.799,340.968,320.000,0.000,0.000,0.000,0.000
-120.500,0.801,341.167,320.000,0.000,0.000,0.000,0.000
-120.250,0.803,341.368,320.000,0.000,0.000,0.000,0.000
-120.000,0.805,341.569,320.000,0.000,0.000,0.000,0.000
-119.750,0.807,341.772,320.000,0.000,0.000,0.000,0.000
-119.500,0.808,341.976,320.000,0.000,0.000,0.000,0.000
-119.250,0.810,342.181,320.000,0.000,0.000,0.000,0.000
-119.000,0.812,342.388,320.000,0.000,0.000,0.000,0.000
-118.750,0.814,342.596,320.000,0.000,0.000,0.000,0.000
-118.500,0.816,342.805,320.000,0.000,0.000,0.000,0.000
-118.250,0.818,343.015,320.000,0.000,0.000,0.000,0.000
-118.000,0.820,343.227,320.000,0.000,0.000,0.000,0.000
-117.750,0.822,343.440,320.000,0.000,0.000,0.000,0.000
-117.500,0.824,343.654,320.000,0.000,0.000,0.000,0.000
-117.250,0.826,343.869,320.000,0.000,0.000,0.000,0.000
-117.000,0.828,344.086,320.000,0.000,0.000,0.000,0.000
-116.750,0.830,344.304,320.000,0.000,0.000,0.000,0.000
-116.500,0.832,344.524,320.000,0.000,0.000,0.000,0.000
-116.250,0.834,344.744,320.000,0.000,0.000,0.000,0.000
-116.000,0.836,344.966,320.000,0.000,0.000,0.000,0.000
-115.750,0.838,345.190,320.000,0.000,0.000,0.000,0.000
-115.500,0.840,345.414,320.000,0.000,0.000,0.000,0.000
-115.250,0.842,345.640,320.000,0.000,0.000,0.000,0.000
-115.000,0.844,345.868,320.000,0.000,0.000,0.000,0.000
-114.750,0.847,346.096,320.000,0.000,0.000,0.000,0.000
-114.500,0.849,346.327,320.000,0.000,0.000,0.000,0.000
-114.250,0.851,346.558,320.000,0.000,0.000,0.000,0.000
-114.000,0.853,346.791,320.000,0.000,0.000,0.000,0.000
-113.750,0.855,347.025,320.000,0.000,0.000,0.000,0.000
-113.500,0.858,347.261,320.000,0.000,0.000,0.000,0.000
-113.250,0.860,347.498,320.000,0.000,0.000,0.000,0.000
-113.000,0.862,347.736,320.000,0.000,0.000,0.000,0.000
-112.750,0.865,347.976,320.000,0.000,0.000,0.000,0.000
-112.500,0.867,348.217,320.000,0.000,0.000,0.000,0.000
-112.250,0.869,348.459,320.000,0.000,0.000,0.000,0.000
-112.000,0.872,348.703,320.000,0.000,0.000,0.000,0.000
-111.750,0.874,348.949,320.000,0.000,0.000,0.000,0.000
-111.500,0.876,349.196,320.000,0.000,0.000,0.000,0.000
-111.250,0.879,349.444,320.000,0.000,0.000,0.000,0.000
-111.000,0.881,349.694,320.000,0.000,0.000,0.000,0.000
-110.750,0.884,349.945,320.000,0.000,0.000,0.000,0.000
-110.500,0.886,350.198,320.000,0.000,0.000,0.000,0.000
-110.250,0.889,350.452,320.000,0.000,0.000,0.000,0.000
-110.000,0.891,350.707,320.000,0.000,0.000,0.000,0.000
-109.750,0.894,350.965,320.000,0.000,0.000,0.000,0.000
-109.500,0.896,351.223,320.000,0.000,0.000,0.000,0.000
-109.250,0.899,351.483,320.000,0.000,0.000,0.000,0.000
-109.000,0.901,351.745,320.000,0.000,0.000,0.000,0.000
-108.750,0.904,352.008,320.000,0.000,0.000,0.000,0.000
-108.500,0.906,352.273,320.000,0.000,0.000,0.000,0.000
-108.250,0.909,352.539,320.000,0.000,0.000,0.000,0.000
-108.000,0.912,352.806,320.000,0.000,0.000,0.000,0.000
-107.750,0.914,353.076,320.000,0.000,0.000,0.000,0.000
-107.500,0.917,353.346,320.000,0.000,0.000,0.000,0.000
-107.250,0.920,353.619,320.000,0.000,0.000,0.000,0.000
-107.000,0.923,353.893,320.000,0.000,0.000,0.000,0.000
-106.750,0.925,354.168,320.000,0.000,0.000,0.000,0.000
-106.500,0.928,354.445,320.000,0.000,0.000,0.000,0.000
-106.250,0.931,354.724,320.000,0.000,0.000,0.000,0.000
-106.000,0.934,355.004,320.000,0.000,0.000,0.000,0.000
-105.750,0.937,355.286,320.000,0.000,0.000,0.000,0.000
-105.500,0.940,355.569,320.000,0.000,0.000,0.000,0.000
-105.250,0.942,355.854,320.000,0.000,0.000,0.000,0.000
-105.000,0.945,356.141,320.000,0.000,0.000,0.000,0.000
-104.750,0.948,356.429,320.000,0.000,0.000,0.000,0.000
-104.500,0.951,356.719,320.000,0.000,0.000,0.000,0.000
-104.250,0.954,357.010,320.000,0.000,0.000,0.000,0.000
-104.000,0.957,357.304,320.000,0.000,0.000,0.000,0.000
-103.750,0.960,357.598,320.000,0.000,0.000,0.000,0.000
-103.500,0.963,357.895,320.000,0.000,0.000,0.000,0.000
-103.250,0.967,358.193,320.000,0.000,0.000,0.000,0.000
-103.000,0.970,358.493,320.000,0.000,0.000,0.000,0.000
-102.750,0.973,358.795,320.000,0.000,0.000,0.000,0.000
-102.500,0.976,359.098,320.000,0.000,0.000,0.000,0.000
-102.250,0.979,359.403,320.000,0.000,0.000,0.000,0.000
-102.000,0.982,359.710,320.000,0.000,0.000,0.000,0.000
-101.750,0.986,360.018,320.000,0.000,0.000,0.000,0.000
-101.500,0.989,360.328,320.000,0.000,0.000,0.000,0.000
-101.250,0.992,360.640,320.000,0.000,0.000,0.000,0.000
-101.000,0.996,360.954,320.000,0.000,0.000,0.000,0.000
-100.750,0.999,361.269,320.000,0.000,0.000,0.000,0.000
-100.500,1.002,361.586,320.000,0.000,0.000,0.000,0.000
-100.250,1.006,361.905,320.000,0.000,0.000,0.000,0.000
-100.000,1.009,362.226,320.000,0.000,0.000,0.000,0.000
-99.750,1.013,362.548,320.000,0.000,0.000,0.000,0.000
-99.500,1.016,362.873,320.000,0.000,0.000,0.000,0.000
-99.250,1.020,363.199,320.000,0.000,0.000,0.000,0.000
-99.000,1.023,363.527,320.000,0.000,0.000,0.000,0.000
-98.750,1.027,363.857,320.000,0.000,0.000,0.000,0.000
-98.500,1.030,364.188,320.000,0.000,0.000,0.000,0.000
-98.250,1.034,364.522,320.000,0.000,0.000,0.000,0.000
-98.000,1.038,364.857,320.000,0.000,0.000,0.000,0.000
-97.750,1.041,365.194,320.000,0.000,0.000,0.000,0.000
-97.500,1.045,365.533,320.000,0.000,0.000,0.000,0.000
-97.250,1.049,365.874,320.000,0.000,0.000,0.000,0.000
-97.000,1.053,366.217,320.000,0.000,0.000,0.000,0.000
-96.750,1.056,366.562,320.000,0.000,0.000,0.000,0.000
-96.500,1.060,366.909,320.000,0.000,0.000,0.000,0.000
-96.250,1.064,367.257,320.000,0.000,0.000,0.000,0.000
-96.000,1.068,367.608,320.000,0.000,0.000,0.000,0.000
-95.750,1.072,367.960,320.000,0.000,0.000,0.000,0.000
-95.500,1.076,368.314,320.000,0.000,0.000,0.000,0.000
-95.250,1.080,368.671,320.000,0.000,0.000,0.000,0.000
-95.000,1.084,369.029,320.000,0.000,0.000,0.000,0.000
-94.750,1.088,369.389,320.000,0.000,0.000,0.000,0.000
-94.500,1.092,369.752,320.000,0.000,0.000,0.000,0.000
-94.250,1.096,370.116,320.000,0.000,0.000,0.000,0.000
-94.000,1.101,370.482,320.000,0.000,0.000,0.000,0.000
-93.750,1.105,370.850,320.000,0.000,0.000,0.000,0.000
-93.500,1.109,371.221,320.000,0.000,0.000,0.000,0.000
-93.250,1.113,371.593,320.000,0.000,0.000,0.000,0.000
-93.000,1.118,371.967,320.000,0.000,0.000,0.000,0.000
-92.750,1.122,372.344,320.000,0.000,0.000,0.000,0.000
-92.500,1.126,372.722,320.000,0.000,0.000,0.000,0.000
-92.250,1.131,373.103,320.000,0.000,0.000,0.000,0.000
-92.000,1.135,373.486,320.000,0.000,0.000,0.000,0.000
-91.750,1.140,373.870,320.000,0.000,0.000,0.000,0.000
-91.500,1.144,374.257,320.000,0.000,0.000,0.000,0.000
-91.250,1.149,374.646,320.000,0.000,0.000,0.000,0.000
-91.000,1.154,375.037,320.000,0.000,0.000,0.000,0.000
-90.750,1.158,375.431,320.000,0.000,0.000,0.000,0.000
-90.500,1.163,375.826,320.000,0.000,0.000,0.000,0.000
-90.250,1.168,376.223,320.000,0.000,0.000,0.000,0.000
-90.000,1.172,376.623,320.000,0.000,0.000,0.000,0.000
-89.750,1.177,377.025,320.000,0.000,0.000,0.000,0.000
-89.500,1.182,377.429,320.000,0.000,0.000,0.000,0.000
-89.250,1.187,377.835,320.000,0.000,0.000,0.000,0.000
-89.000,1.192,378.244,320.000,0.000,0.000,0.000,0.000
-88.750,1.197,378.655,320.000,0.000,0.000,0.000,0.000
-88.500,1.202,379.068,320.000,0.000,0.000,0.000,0.000
-88.250,1.207,379.483,320.000,0.000,0.000,0.000,0.000
-88.000,1.212,379.900,320.000,0.000,0.000,0.000,0.000
-87.750,1.217,380.320,320.000,0.000,0.000,0.000,0.000
-87.500,1.223,380.742,320.000,0.000,0.000,0.000,0.000
-87.250,1.228,381.166,320.000,0.000,0.000,0.000,0.000
-87.000,1.233,381.593,320.000,0.000,0.000,0.000,0.000
-86.750,1.238,382.022,320.000,0.000,0.000,0.000,0.000
-86.500,1.244,382.453,320.000,0.000,0.000,0.000,0.000
-86.250,1.249,382.887,320.000,0.000,0.000,0.000,0.000
-86.000,1.255,383.323,320.000,0.000,0.000,0.000,0.000
-85.750,1.260,383.761,320.000,0.000,0.000,0.000,0.000
-85.500,1.266,384.201,320.000,0.000,0.000,0.000,0.000
-85.250,1.271,384.644,320.000,0.000,0.000,0.000,0.000
-85.000,1.277,385.090,320.000,0.000,0.000,0.000,0.000
-84.750,1.283,385.538,320.000,0.000,0.000,0.000,0.000
-84.500,1.289,385.988,320.000,0.000,0.000,0.000,0.000
-84.250,1.294,386.441,320.000,0.000,0.000,0.000,0.000
-84.000,1.300,386.896,320.000,0.000,0.000,0.000,0.000
-83.750,1.306,387.353,320.000,0.000,0.000,0.000,0.000
-83.500,1.312,387.813,320.000,0.000,0.000,0.000,0.000
-83.250,1.318,388.276,320.000,0.000,0.000,0.000,0.000
-83.000,1.324,388.741,320.000,0.000,0.000,0.000,0.000
-82.750,1.330,389.208,320.000,0.000,0.000,0.000,0.000
-82.500,1.337,389.678,320.000,0.000,0.000,0.000,0.000
-82.250,1.343,390.151,320.000,0.000,0.000,0.000,0.000
-82.000,1.349,390.626,320.000,0.000,0.000,0.000,0.000
-81.750,1.355,391.103,320.000,0.000,0.000,0.000,0.000
-81.500,1.362,391.583,320.000,0.000,0.000,0.000,0.000
-81.250,1.368,392.066,320.000,0.000,0.000,0.000,0.000
-81.000,1.375,392.551,320.000,0.000,0.000,0.000,0.000
-80.750,1.381,393.039,320.000,0.000,0.000,0.000,0.000
-80.500,1.388,393.530,320.000,0.000,0.000,0.000,0.000
-80.250,1.395,394.023,320.000,0.000,0.000,0.000,0.000
-80.000,1.401,394.519,320.000,0.000,0.000,0.000,0.000
-79.750,1.408,395.017,320.000,0.000,0.000,0.000,0.000
-79.500,1.415,395.518,320.000,0.000,0.000,0.000,0.000
-79.250,1.422,396.022,320.000,0.000,0.000,0.000,0.000
-79.000,1.429,396.529,320.000,0.000,0.000,0.000,0.000
-78.750,1.436,397.038,320.000,0.000,0.000,0.000,0.000
-78.500,1.443,397.550,320.000,0.000,0.000,0.000,0.000
-78.250,1.450,398.064,320.000,0.000,0.000,0.000,0.000
-78.000,1.458,398.582,320.000,0.000,0.000,0.000,0.000
-77.750,1.465,399.102,320.000,0.000,0.000,0.000,0.000
-77.500,1.472,399.625,320.000,0.000,0.000,0.000,0.000
-77.250,1.480,400.150,320.000,0.000,0.000,0.000,0.000
-77.000,1.487,400.679,320.000,0.000,0.000,0.000,0.000
-76.750,1.495,401.210,320.000,0.000,0.000,0.000,0.000
-76.500,1.503,401.744,320.000,0.000,0.000,0.000,0.000
-76.250,1.510,402.281,320.000,0.000,0.000,0.000,0.000
-76.000,1.518,402.821,320.000,0.000,0.000,0.000,0.000
-75.750,1.526,403.364,320.000,0.000,0.000,0.000,0.000
-75.500,1.534,403.909,320.000,0.000,0.000,0.000,0.000
-75.250,1.542,404.458,320.000,0.000,0.000,0.000,0.000
-75.000,1.550,405.009,320.000,0.000,0.000,0.000,0.000
-74.750,1.558,405.563,320.000,0.000,0.000,0.000,0.000
-74.500,1.566,406.120,320.000,0.000,0.000,0.000,0.000
-74.250,1.575,406.680,320.000,0.000,0.000,0.000,0.000
-74.000,1.583,407.243,320.000,0.000,0.000,0.000,0.000
-73.750,1.592,407.809,320.000,0.000,0.000,0.000,0.000
-73.500,1.600,408.378,320.000,0.000,0.000,0.000,0.000
-73.250,1.609,408.950,320.000,0.000,0.000,0.000,0.000
-73.000,1.617,409.525,320.000,0.000,0.000,0.000,0.000
-72.750,1.626,410.104,320.000,0.000,0.000,0.000,0.000
-72.500,1.635,410.685,320.000,0.000,0.000,0.000,0.000
-72.250,1.644,411.269,320.000,0.000,0.000,0.000,0.000
-72.000,1.653,411.856,320.000,0.000,0.000,0.000,0.000
-71.750,1.662,412.446,320.000,0.000,0.000,0.000,0.000
-71.500,1.671,413.040,320.000,0.000,0.000,0.000,0.000
-71.250,1.681,413.636,320.000,0.000,0.000,0.000,0.000
-71.000,1.690,414.236,320.000,0.000,0.000,0.000,0.000
-70.750,1.699,414.839,320.000,0.000,0.000,0.000,0.000
-70.500,1.709,415.445,320.000,0.000,0.000,0.000,0.000
-70.250,1.719,416.054,320.000,0.000,0.000,0.000,0.000
-70.000,1.728,416.666,320.000,0.000,0.000,0.000,0.000
-69.750,1.738,417.282,320.000,0.000,0.000,0.000,0.000
-69.500,1.748,417.900,320.000,0.000,0.000,0.000,0.000
-69.250,1.758,418.522,320.000,0.000,0.000,0.000,0.000
-69.000,1.768,419.148,320.000,0.000,0.000,0.000,0.000
-68.750,1.778,419.776,320.000,0.000,0.000,0.000,0.000
-68.500,1.789,420.408,320.000,0.000,0.000,0.000,0.000
-68.250,1.799,421.043,320.000,0.000,0.000,0.000,0.000
-68.000,1.809,421.681,320.000,0.000,0.000,0.000,0.000
-67.750,1.820,422.323,320.000,0.000,0.000,0.000,0.000
-67.500,1.831,422.968,320.000,0.000,0.000,0.000,0.000
-67.250,1.842,423.616,320.000,0.000,0.000,0.000,0.000
-67.000,1.852,424.268,320.000,0.000,0.000,0.000,0.000
-66.750,1.863,424.923,320.000,0.000,0.000,0.000,0.000
-66.500,1.875,425.581,320.000,0.000,0.000,0.000,0.000
-66.250,1.886,426.243,320.000,0.000,0.000,0.000,0.000
-66.000,1.897,426.908,320.000,0.000,0.000,0.000,0.000
-65.750,1.908,427.577,320.000,0.000,0.000,0.000,0.000
-65.500,1.920,428.249,320.000,0.000,0.000,0.000,0.000
-65.250,1.932,428.924,320.000,0.000,0.000,0.000,0.000
-65.000,1.943,429.603,320.000,0.000,0.000,0.000,0.000
-64.750,1.955,430.286,320.000,0.000,0.000,0.000,0.000
-64.500,1.967,430.972,320.000,0.000,0.000,0.000,0.000
-64.250,1.979,431.661,320.000,0.000,0.000,0.000,0.000
-64.000,1.992,432.354,320.000,0.000,0.000,0.000,0.000
-63.750,2.004,433.051,320.000,0.000,0.000,0.000,0.000
-63.500,2.016,433.751,320.000,0.000,0.000,0.000,0.000
-63.250,2.029,434.455,320.000,0.000,0.000,0.000,0.000
-63.000,2.042,435.162,320.000,0.000,0.000,0.000,0.000
-62.750,2.054,435.873,320.000,0.000,0.000,0.000,0.000
-62.500,2.067,436.588,320.000,0.000,0.000,0.000,0.000
-62.250,2.080,437.306,320.000,0.000,0.000,0.000,0.000
-62.000,2.094,438.028,320.000,0.000,0.000,0.000,0.000
-61.750,2.107,438.753,320.000,0.000,0.000,0.000,0.000
-61.500,2.120,439.482,320.000,0.000,0.000,0.000,0.000
-61.250,2.134,440.215,320.000,0.000,0.000,0.000,0.000
-61.000,2.148,440.952,320.000,0.000,0.000,0.000,0.000
-60.750,2.161,441.692,320.000,0.000,0.000,0.000,0.000
-60.500,2.175,442.436,320.000,0.000,0.000,0.000,0.000
-60.250,2.190,443.184,320.000,0.000,0.000,0.000,0.000
-60.000,2.204,443.935,320.000,0.000,0.000,0.000,0.000
-59.750,2.218,444.690,320.000,0.000,0.000,0.000,0.000
-59.500,2.233,445.449,320.000,0.000,0.000,0.000,0.000
-59.250,2.247,446.212,320.000,0.000,0.000,0.000,0.000
-59.000,2.262,446.978,320.000,0.000,0.000,0.000,0.000
-58.750,2.277,447.749,320.000,0.000,0.000,0.000,0.000
-58.500,2.292,448.523,320.000,0.000,0.000,0.000,0.000
-58.250,2.308,449.301,320.000,0.000,0.000,0.000,0.000
-58.000,2.323,450.083,320.000,0.000,0.000,0.000,0.000
-57.750,2.339,450.869,320.000,0.000,0.000,0.000,0.000
-57.500,2.354,451.658,320.000,0.000,0.000,0.000,0.000
-57.250,2.370,452.452,320.000,0.000,0.000,0.000,0.000
-57.000,2.386,453.249,320.000,0.000,0.000,0.000,0.000
-56.750,2.402,454.051,320.000,0.000,0.000,0.000,0.000
-56.500,2.419,454.856,320.000,0.000,0.000,0.000,0.000
-56.250,2.435,455.665,320.000,0.000,0.000,0.000,0.000
-56.000,2.452,456.478,320.000,0.000,0.000,0.000,0.000
-55.750,2.469,457.295,320.000,0.000,0.000,0.000,0.000
-55.500,2.486,458.116,320.000,0.000,0.000,0.000,0.000
-55.250,2.503,458.941,320.000,0.000,0.000,0.000,0.000
-55.000,2.520,459.770,320.000,0.000,0.000,0.000,0.000
-54.750,2.538,460.603,320.000,0.000,0.000,0.000,0.000
-54.500,2.556,461.440,320.000,0.000,0.000,0.000,0.000
-54.250,2.574,462.281,320.000,0.000,0.000,0.000,0.000
-54.000,2.592,463.126,320.000,0.000,0.000,0.000,0.000
-53.750,2.610,463.975,320.000,0.000,0.000,0.000,0.000
-53.500,2.628,464.828,320.000,0.000,0.000,0.000,0.000
-53.250,2.647,465.685,320.000,0.000,0.000,0.000,0.000
-53.000,2.666,466.547,320.000,0.000,0.000,0.000,0.000
-52.750,2.685,467.412,320.000,0.000,0.000,0.000,0.000
-52.500,2.704,468.281,320.000,0.000,0.000,0.000,0.000
-52.250,2.723,469.154,320.000,0.000,0.000,0.000,0.000
-52.000,2.743,470.032,320.000,0.000,0.000,0.000,0.000
-51.750,2.762,470.914,320.000,0.000,0.000,0.000,0.000
-51.500,2.782,471.799,320.000,0.000,0.000,0.000,0.000
-51.250,2.802,472.689,320.000,0.000,0.000,0.000,0.000
-51.000,2.823,473.583,320.000,0.000,0.000,0.000,0.000
-50.750,2.843,474.481,320.000,0.000,0.000,0.000,0.000
-50.500,2.864,475.383,320.000,0.000,0.000,0.000,0.000
-50.250,2.885,476.289,320.000,0.000,0.000,0.000,0.000
-50.000,2.906,477.199,320.000,0.000,0.000,0.000,0.000
-49.750,2.928,478.114,320.000,0.000,0.000,0.000,0.000
-49.500,2.949,479.033,320.000,0.000,0.000,0.000,0.000
-49.250,2.971,479.955,320.000,0.000,0.000,0.000,0.000
-49.000,2.993,480.882,320.000,0.000,0.000,0.000,0.000
-48.750,3.015,481.813,320.000,0.000,0.000,0.000,0.000
-48.500,3.038,482.748,320.000,0.000,0.000,0.000,0.000
-48.250,3.060,483.687,320.000,0.000,0.000,0.000,0.000
-48.000,3.083,484.631,320.000,0.000,0.000,0.000,0.000
-47.750,3.106,485.578,320.000,0.000,0.000,0.000,0.000
-47.500,3.130,486.530,320.000,0.000,0.000,0.000,0.000
-47.250,3.153,487.486,320.000,0.000,0.000,0.000,0.000
-47.000,3.177,488.446,320.000,0.000,0.000,0.000,0.000
-46.750,3.201,489.410,320.000,0.000,0.000,0.000,0.000
-46.500,3.225,490.378,320.000,0.000,0.000,0.000,0.000
-46.250,3.250,491.350,320.000,0.000,0.000,0.000,0.000
-46.000,3.275,492.327,320.000,0.000,0.000,0.000,0.000
-45.750,3.300,493.307,320.000,0.000,0.000,0.000,0.000
-45.500,3.325,494.292,320.000,0.000,0.000,0.000,0.000
-45.250,3.350,495.280,320.000,0.000,0.000,0.000,0.000
-45.000,3.376,496.273,320.000,0.000,0.000,0.000,0.000
-44.750,3.402,497.270,320.000,0.000,0.000,0.000,0.000
-44.500,3.428,498.271,320.000,0.000,0.000,0.000,0.000
-44.250,3.455,499.276,320.000,0.000,0.000,0.000,0.000
-44.000,3.482,500.285,320.000,0.000,0.000,0.000,0.000
-43.750,3.509,501.298,320.000,0.000,0.000,0.000,0.000
-43.500,3.536,502.315,320.000,0.000,0.000,0.000,0.000
-43.250,3.564,503.336,320.000,0.000,0.000,0.000,0.000
-43.000,3.591,504.361,320.000,0.000,0.000,0.000,0.000
-42.750,3.619,505.390,320.000,0.000,0.000,0.000,0.000
-42.500,3.648,506.423,320.000,0.000,0.000,0.000,0.000
-42.250,3.676,507.460,320.000,0.000,0.000,0.000,0.000
-42.000,3.705,508.501,320.000,0.000,0.000,0.000,0.000
-41.750,3.734,509.546,320.000,0.000,0.000,0.000,0.000
-41.500,3.764,510.594,320.000,0.000,0.000,0.000,0.000
-41.250,3.794,511.647,320.000,0.000,0.000,0.000,0.000
-41.000,3.824,512.703,320.000,0.000,0.000,0.000,0.000
-40.750,3.854,513.763,320.000,0.000,0.000,0.000,0.000
-40.500,3.885,514.827,320.000,0.000,0.000,0.000,0.000
-40.250,3.915,515.895,320.000,0.000,0.000,0.000,0.000
-40.000,3.947,516.966,320.000,0.000,0.000,0.000,0.000
-39.750,3.978,518.041,320.000,0.000,0.000,0.000,0.000
-39.500,4.010,519.120,320.000,0.000,0.000,0.000,0.000
-39.250,4.042,520.202,320.000,0.000,0.000,0.000,0.000
-39.000,4.074,521.288,320.000,0.000,0.000,0.000,0.000
-38.750,4.107,522.378,320.000,0.000,0.000,0.000,0.000
-38.500,4.140,523.471,320.000,0.000,0.000,0.000,0.000
-38.250,4.173,524.568,320.000,0.000,0.000,0.000,0.000
-38.000,4.206,525.668,320.000,0.000,0.000,0.000,0.000
-37.750,4.240,526.772,320.000,0.000,0.000,0.000,0.000
-37.500,4.274,527.878,320.000,0.000,0.000,0.000,0.000
-37.250,4.309,528.989,320.000,0.000,0.000,0.000,0.000
-37.000,4.343,530.102,320.000,0.000,0.000,0.000,0.000
-36.750,4.378,531.219,320.000,0.000,0.000,0.000,0.000
-36.500,4.414,532.339,320.000,0.000,0.000,0.000,0.000
-36.250,4.449,533.462,320.000,0.000,0.000,0.000,0.000
-36.000,4.485,534.589,320.000,0.000,0.000,0.000,0.000
-35.750,4.522,535.718,320.000,0.000,0.000,0.000,0.000
-35.500,4.558,536.850,320.000,0.000,0.000,0.000,0.000
-35.250,4.595,537.986,320.000,0.000,0.000,0.000,0.000
-35.000,4.632,539.124,320.000,0.000,0.000,0.000,0.000
-34.750,4.670,540.265,320.000,0.000,0.000,0.000,0.000
-34.500,4.708,541.409,320.000,0.000,0.000,0.000,0.000
-34.250,4.746,542.555,320.000,0.000,0.000,0.000,0.000
-34.000,4.784,543.705,320.000,0.000,0.000,0.000,0.000
-33.750,4.823,544.856,320.000,0.000,0.000,0.000,0.000
-33.500,4.862,546.011,320.000,0.000,0.000,0.000,0.000
-33.250,4.902,547.167,320.000,0.000,0.000,0.000,0.000
-33.000,4.941,548.326,320.000,0.000,0.000,0.000,0.000
-32.750,4.981,549.488,320.000,0.000,0.000,0.000,0.000
-32.500,5.022,550.651,320.000,0.000,0.000,0.000,0.000
-32.250,5.062,551.817,320.000,0.000,0.000,0.000,0.000
-32.000,5.103,552.984,320.000,0.000,0.000,0.000,0.000
-31.750,5.144,554.154,320.000,0.000,0.000,0.000,0.000
-31.500,5.186,555.326,320.000,0.000,0.000,0.000,0.000
-31.250,5.228,556.499,320.000,0.000,0.000,0.000,0.000
-31.000,5.270,557.674,320.000,0.000,0.000,0.000,0.000
-30.750,5.313,558.851,320.000,0.000,0.000,0.000,0.000
-30.500,5.355,560.029,320.000,0.000,0.000,0.000,0.000
-30.250,5.399,561.208,320.000,0.000,0.000,0.000,0.000
-30.000,5.442,562.389,320.000,0.000,0.000,0.000,0.000
-29.750,5.486,563.571,320.000,0.000,0.000,0.000,0.000
-29.500,5.530,564.755,320.000,0.000,0.000,0.000,0.000
-29.250,5.574,565.939,320.000,0.000,0.000,0.000,0.000
-29.000,5.618,567.124,320.000,0.000,0.000,0.000,0.000
-28.750,5.663,568.310,320.000,0.000,0.000,0.000,0.000
-28.500,5.709,569.496,320.000,0.000,0.000,0.000,0.000
-28.250,5.754,570.683,320.000,0.000,0.000,0.000,0.000
-28.000,5.800,571.871,320.000,0.000,0.000,0.000,0.000
-27.750,5.846,573.059,320.000,0.000,0.000,0.000,0.000
-27.500,5.892,574.247,320.000,0.000,0.000,0.000,0.000
-27.250,5.938,575.435,320.000,0.000,0.000,0.000,0.000
-27.000,5.985,576.623,320.000,0.000,0.000,0.000,0.000
-26.750,6.032,577.810,320.000,0.000,0.000,0.000,0.000
-26.500,6.080,578.998,320.000,0.000,0.000,0.000,0.000
-26.250,6.127,580.184,320.000,0.000,0.000,0.000,0.000
-26.000,6.175,581.371,320.000,0.000,0.000,0.000,0.000
-25.750,6.223,582.556,320.000,0.000,0.000,0.000,0.000
-25.500,6.271,583.740,320.000,0.000,0.000,0.000,0.000
-25.250,6.320,584.924,320.000,0.000,0.000,0.000,0.000
-25.000,6.368,586.106,320.000,0.000,0.000,0.000,0.000
-24.750,6.417,587.287,320.000,0.000,0.000,0.000,0.000
-24.500,6.466,588.466,320.000,0.000,0.000,0.000,0.000
-24.250,6.516,589.643,320.000,0.000,0.000,0.000,0.000
-24.000,6.565,590.819,320.000,0.000,0.000,0.000,0.000
-23.750,6.615,591.992,320.000,0.000,0.000,0.000,0.000
-23.500,6.665,593.164,320.000,0.000,0.000,0.000,0.000
-23.250,6.715,594.333,320.000,0.000,0.000,0.000,0.000
-23.000,6.765,595.499,320.000,0.000,0.000,0.000,0.000
-22.750,6.815,596.662,320.000,0.000,0.000,0.000,0.000
-22.500,6.866,597.823,320.000,0.000,0.000,0.000,0.000
-22.250,6.916,598.981,320.000,0.000,0.000,0.000,0.000
-22.000,6.967,600.135,320.000,0.000,0.000,0.000,0.000
-21.750,7.018,601.285,320.000,0.000,0.000,0.000,0.000
-21.500,7.069,602.432,320.000,0.000,0.000,0.000,0.000
-21.250,7.120,603.575,320.000,0.000,0.000,0.000,0.000
-21.000,7.171,604.714,320.000,0.000,0.000,0.000,0.000
-20.750,7.222,605.849,320.000,0.000,0.000,0.000,0.000
-20.500,7.273,606.979,320.000,0.000,0.000,0.000,0.000
-20.250,7.325,608.105,320.000,0.000,0.000,0.000,0.000
-20.000,7.376,609.225,320.000,0.000,0.000,0.000,0.000
-19.750,7.427,610.340,320.000,0.000,0.000,0.000,0.000
-19.500,7.478,611.451,320.000,0.000,0.000,0.000,0.000
-19.250,7.530,612.555,320.000,0.000,0.000,0.000,0.000
-19.000,7.581,613.654,320.000,0.000,0.000,0.000,0.000
-18.750,7.632,373.214,3000.000,0.000,0.000,0.000,0.000
-18.500,7.684,373.867,3000.000,0.000,0.002,0.000,0.000
-18.250,7.736,374.517,3000.000,0.000,0.009,0.000,0.000
-18.000,7.789,375.165,2702.634,0.000,0.023,0.000,0.000
-17.750,7.841,375.815,2411.351,0.000,0.044,0.000,0.000
-17.500,7.893,376.469,2172.789,0.000,0.070,0.000,0.000
-17.250,7.946,377.130,1980.414,0.000,0.103,0.000,0.000
-17.000,7.999,377.800,1823.792,0.000,0.143,0.000,0.000
-16.750,8.052,378.484,1694.452,0.000,0.189,0.000,0.000
-16.500,8.106,379.183,1586.120,0.000,0.241,0.000,0.000
-16.250,8.160,379.901,1494.203,0.000,0.299,0.000,0.000
-16.000,8.214,380.640,1415.313,0.000,0.364,0.000,0.000
-15.750,8.270,381.404,1346.915,0.000,0.435,0.000,0.000
-15.500,8.325,382.196,1287.081,0.000,0.513,0.000,0.000
-15.250,8.382,383.018,1234.325,0.000,0.596,0.000,0.000
-15.000,8.439,383.873,1187.483,0.001,0.686,0.000,0.000
-14.750,8.497,384.764,1145.633,0.001,0.783,0.000,0.000
-14.500,8.556,385.695,1108.034,0.001,0.886,0.000,0.000
-14.250,8.616,386.667,1074.085,0.001,0.995,0.000,0.000
-14.000,8.677,387.685,1043.296,0.001,1.110,0.000,0.000
-13.750,8.739,388.751,1015.258,0.001,1.232,0.000,0.000
-13.500,8.802,389.867,989.634,0.001,1.360,0.000,0.000
-13.250,8.866,391.038,966.138,0.002,1.494,0.000,0.000
-13.000,8.931,392.265,944.529,0.002,1.634,0.000,0.000
-12.750,8.998,393.553,924.602,0.002,1.781,0.000,0.000
-12.500,9.066,394.903,906.182,0.002,1.934,0.000,0.000
-12.250,9.136,396.318,889.117,0.003,2.093,0.000,0.000
-12.000,9.207,397.803,873.277,0.003,2.259,0.000,0.000
-11.750,9.279,399.358,858.546,0.003,2.430,0.000,0.000
-11.500,9.353,400.989,844.827,0.004,2.608,0.000,0.000
-11.250,9.429,402.696,832.031,0.004,2.791,0.000,0.000
-11.000,9.507,404.484,820.082,0.005,2.981,0.000,0.000
-10.750,9.587,406.355,808.912,0.005,3.177,0.000,0.000
-10.500,9.668,408.313,798.461,0.006,3.379,0.000,0.000
-10.250,9.752,410.359,788.675,0.006,3.587,0.000,0.000
-10.000,9.837,412.497,779.506,0.007,3.801,0.000,0.000
-9.750,9.925,414.730,770.911,0.007,4.021,0.000,0.000
-9.500,10.014,417.060,762.854,0.008,4.247,0.000,0.000
-9.250,10.106,419.491,755.298,0.008,4.479,0.000,0.000
-9.000,10.200,422.025,748.212,0.009,4.716,0.000,0.000
-8.750,10.297,424.665,741.570,0.010,4.960,0.000,0.000
-8.500,10.396,427.414,735.346,0.011,5.209,0.000,0.000
-8.250,10.497,430.275,729.515,0.011,5.464,0.000,0.000
-8.000,10.601,433.251,724.059,0.012,5.724,0.000,0.000
-7.750,10.707,436.344,718.957,0.013,5.991,0.000,0.000
-7.500,10.816,439.557,714.192,0.014,6.262,0.000,0.000
-7.250,10.928,442.892,709.749,0.015,6.539,0.000,0.000
-7.000,11.042,446.354,705.614,0.016,6.822,0.000,0.000
-6.750,11.159,449.944,701.772,0.017,7.110,0.000,0.000
-6.500,11.279,453.664,698.212,0.018,7.403,0.000,0.000
-6.250,11.401,457.519,694.923,0.019,7.702,0.000,0.000
-6.000,11.527,461.510,691.895,0.020,8.006,0.000,0.000
-5.750,11.655,465.640,689.118,0.021,8.315,0.000,0.000
-5.500,11.786,469.911,686.583,0.023,8.629,0.000,0.000
-5.250,11.921,474.327,684.283,0.024,8.948,0.000,0.000
-5.000,12.058,478.889,682.211,0.025,9.272,0.000,0.000
-4.750,12.198,483.602,680.360,0.027,9.600,0.000,0.000
-4.500,12.341,488.466,678.723,0.028,9.934,0.000,0.000
-4.250,12.488,493.484,677.295,0.030,10.272,0.000,0.000
-4.000,12.637,498.660,676.070,0.031,10.614,0.000,0.000
-3.750,12.790,503.995,675.044,0.033,10.962,0.000,0.000
-3.500,12.945,509.492,674.212,0.034,11.313,0.000,0.000
-3.250,13.104,515.153,673.569,0.036,11.669,0.000,0.000
-3.000,13.266,520.981,673.113,0.038,12.029,0.000,0.000
-2.750,13.431,526.978,672.839,0.040,12.393,0.000,0.000
-2.500,13.599,533.147,672.744,0.041,12.761,0.000,0.000
-2.250,13.771,539.490,672.824,0.043,13.133,0.000,0.000
-2.000,13.945,546.008,673.078,0.045,13.509,0.000,0.000
-1.750,14.123,552.705,673.502,0.047,13.888,0.000,0.000
-1.500,14.303,559.583,674.093,0.049,14.271,0.000,0.000
-1.250,14.487,566.643,674.850,0.051,14.657,0.000,0.000
-1.000,14.673,573.888,675.771,0.054,15.047,0.000,0.000
-0.750,14.863,581.321,676.852,0.056,15.439,0.000,0.000
-0.500,15.056,588.943,678.093,0.058,15.835,0.000,0.000
-0.250,15.252,596.756,679.492,0.060,16.234,0.000,0.000
0.000,15.450,604.762,681.046,0.063,16.636,0.000,0.000
0.250,15.652,612.964,682.756,0.065,17.040,0.000,0.000
0.500,15.856,621.363,684.618,0.068,17.446,0.000,0.000
0.750,16.063,629.962,686.631,0.070,17.856,0.000,0.000
1.000,16.273,638.762,688.796,0.073,18.267,0.000,0.000
1.250,16.486,647.765,691.109,0.076,18.680,0.000,0.000
1.500,16.701,656.973,693.571,0.078,19.096,0.000,0.000
1.750,16.919,666.388,696.180,0.081,19.513,0.000,0.000
2.000,17.139,676.011,698.935,0.084,19.932,0.000,0.000
2.250,17.362,685.845,701.835,0.087,20.352,0.000,0.000
2.500,17.587,695.891,704.879,0.090,20.774,0.000,0.000
2.750,17.814,706.151,708.067,0.093,21.197,0.000,0.000
3.000,18.044,716.626,711.397,0.096,21.621,0.000,0.000
3.250,18.275,727.123,716.626,0.099,22.045,0.000,0.000
3.500,18.509,737.232,727.123,0.103,22.471,0.000,0.000
3.750,18.745,747.568,737.232,0.106,22.897,0.000,0.000
4.000,18.982,758.060,747.568,0.109,23.323,0.000,0.000
4.250,19.222,768.715,758.060,0.113,23.750,0.000,0.000
4.500,19.463,779.531,768.715,0.116,24.176,0.000,0.000
4.750,19.706,790.507,779.531,0.120,24.602,0.000,0.000
5.000,19.950,801.643,790.507,0.123,25.029,0.000,0.000
5.250,20.196,812.936,801.643,0.127,25.454,0.000,0.000
5.500,20.443,824.385,812.936,0.131,25.879,0.000,0.000
5.750,20.691,835.988,824.385,0.135,26.303,0.000,0.000
6.000,20.940,847.745,835.988,0.138,26.726,0.000,0.000
6.250,21.190,859.653,847.745,0.142,27.148,0.000,0.000
6.500,21.442,871.711,859.653,0.146,27.568,0.000,0.000
6.750,21.694,883.916,871.711,0.150,27.987,0.000,0.000
7.000,21.946,896.268,883.916,0.154,28.404,0.000,0.000
7.250,22.199,908.763,896.268,0.159,28.819,0.000,0.000
7.500,22.453,921.400,908.763,0.163,29.231,0.000,0.000
7.750,22.707,934.176,921.400,0.167,29.642,0.000,0.000
8.000,22.961,947.090,934.176,0.171,30.050,0.000,0.000
8.250,23.215,960.138,947.090,0.176,30.455,0.000,0.000
8.500,23.469,973.319,960.138,0.180,30.857,0.000,0.000
8.750,23.723,986.630,973.319,0.185,31.257,0.000,0.000
9.000,23.976,1000.068,986.630,0.189,31.653,0.000,0.000
9.250,24.230,1013.630,1000.068,0.194,32.045,0.000,0.000
9.500,24.482,1027.315,1013.630,0.199,32.434,0.000,0.000
9.750,24.734,1041.118,1027.315,0.203,32.819,0.000,0.000
10.000,24.986,1055.038,1041.118,0.208,33.200,0.000,0.000
10.250,25.236,1069.071,1055.038,0.213,33.577,0.000,0.000
10.500,25.486,1083.214,1069.071,0.218,33.949,0.000,0.000
10.750,25.734,1097.464,1083.214,0.223,34.317,0.000,0.000
11.000,25.981,1111.819,1097.464,0.228,34.680,0.000,0.000
11.250,26.227,1126.274,1111.819,0.233,35.039,0.000,0.000
11.500,26.472,1140.826,1126.274,0.238,35.392,0.000,0.000
11.750,26.714,1155.472,1140.826,0.243,35.739,0.000,0.000
12.000,26.956,1170.209,1155.472,0.248,36.082,0.000,0.000
12.250,27.195,1185.034,1170.209,0.253,36.418,0.000,0.000
12.500,27.432,1199.942,1185.034,0.259,36.749,0.000,0.000
12.750,27.668,1214.930,1199.942,0.264,37.074,0.000,0.000
13.000,27.901,1229.994,1214.930,0.270,37.392,0.000,0.000
13.250,28.132,1245.132,1229.994,0.275,37.705,0.000,0.000
13.500,28.361,1260.339,1245.132,0.280,38.010,0.000,0.000
13.750,28.588,1275.611,1260.339,0.286,38.310,0.000,0.000
14.000,28.811,1290.945,1275.611,0.291,38.602,0.000,0.000
14.250,29.033,1306.336,1290.945,0.297,38.887,0.000,0.000
14.500,29.251,1321.782,1306.336,0.303,39.165,0.000,0.000
14.750,29.467,1337.278,1321.782,0.308,39.436,0.000,0.000
15.000,29.680,1352.820,1337.278,0.314,39.700,0.000,0.000
15.250,29.890,1368.404,1352.820,0.320,39.956,0.000,0.001
15.500,30.097,1384.026,1368.404,0.326,40.204,0.000,0.001
15.750,30.301,1399.682,1384.026,0.332,40.444,0.000,0.001
16.000,30.501,1415.369,1399.682,0.337,40.677,0.000,0.001
16.250,30.698,1431.082,1415.369,0.343,40.901,0.000,0.001
16.500,30.892,1446.817,1431.082,0.349,41.117,0.000,0.001
16.750,31.082,1462.569,1446.817,0.355,41.324,0.000,0.001
17.000,31.269,1478.336,1462.569,0.361,41.524,0.000,0.002
17.250,31.452,1494.113,1478.336,0.367,41.714,0.000,0.002
17.500,31.632,1509.895,1494.113,0.373,41.896,0.000,0.002
17.750,31.808,1525.679,1509.895,0.379,42.069,0.000,0.002
18.000,31.980,1541.461,1525.679,0.385,42.233,0.000,0.003
18.250,32.148,1557.236,1541.461,0.391,42.389,0.000,0.003
18.500,32.313,1573.000,1557.236,0.398,42.535,0.000,0.003
18.750,32.473,1588.750,1573.000,0.404,42.672,0.000,0.004
19.000,32.630,1604.480,1588.750,0.410,42.799,0.000,0.004
19.250,32.782,1620.188,1604.480,0.416,42.918,0.000,0.005
19.500,32.930,1635.869,1620.188,0.422,43.027,0.000,0.005
19.750,33.075,1651.518,1635.869,0.428,43.126,0.000,0.006
20.000,33.215,1667.133,1651.518,0.435,43.216,0.000,0.007
20.250,33.351,1682.708,1667.133,0.441,43.297,0.000,0.007
20.500,33.482,1698.240,1682.708,0.447,43.368,0.000,0.008
20.750,33.610,1713.726,1698.240,0.453,43.429,0.000,0.009
21.000,33.733,1729.160,1713.726,0.460,43.480,0.000,0.010
21.250,33.852,1744.539,1729.160,0.466,43.522,0.000,0.011
21.500,33.967,1759.860,1744.539,0.472,43.554,0.000,0.012
21.750,34.077,1775.118,1759.860,0.479,43.577,0.000,0.014
22.000,34.183,1790.310,1775.118,0.485,43.589,0.000,0.015
22.250,34.284,1805.431,1790.310,0.491,43.592,0.000,0.016
22.500,34.381,1820.479,1805.431,0.497,43.585,0.000,0.018
22.750,34.474,1835.449,1820.479,0.504,43.568,0.000,0.019
23.000,34.563,1850.337,1835.449,0.510,43.541,0.000,0.021
23.250,34.647,1865.141,1850.337,0.516,43.505,0.000,0.023
23.500,34.726,1879.857,1865.141,0.522,43.459,0.000,0.025
23.750,34.801,1894.480,1879.857,0.529,43.403,0.000,0.027
24.000,34.872,1909.009,1894.480,0.535,43.338,0.000,0.030
24.250,34.939,1923.438,1909.009,0.541,43.263,0.000,0.032
24.500,35.001,1937.766,1923.438,0.547,43.178,0.000,0.034
24.750,35.059,1951.988,1937.766,0.554,43.084,0.000,0.037
25.000,35.112,1966.102,1951.988,0.560,42.980,0.000,0.040
25.250,35.161,1980.104,1966.102,0.566,42.867,0.000,0.043
25.500,35.206,1993.992,1980.104,0.572,42.744,0.001,0.046
25.750,35.247,2007.761,1993.992,0.578,42.613,0.001,0.050
26.000,35.283,2021.410,2007.761,0.584,42.472,0.001,0.053
26.250,35.315,2034.935,2021.410,0.591,42.322,0.001,0.057
26.500,35.343,2048.333,2034.935,0.597,42.162,0.002,0.060
26.750,35.366,2061.603,2048.333,0.603,41.994,0.002,0.064
27.000,35.386,2074.740,2061.603,0.609,41.818,0.003,0.069
27.250,35.401,2087.743,2074.740,0.615,41.632,0.003,0.073
27.500,35.413,2100.609,2087.743,0.621,41.438,0.004,0.078
27.750,35.420,2113.335,2100.609,0.627,41.235,0.005,0.082
28.000,35.423,2125.919,2113.335,0.632,41.024,0.007,0.087
28.250,35.422,2138.358,2125.919,0.638,40.805,0.008,0.092
28.500,35.417,2150.652,2138.358,0.644,40.578,0.010,0.097
28.750,35.409,2162.796,2150.652,0.650,40.343,0.013,0.103
29.000,35.396,2174.790,2162.796,0.656,40.099,0.016,0.108
29.250,35.380,2186.630,2174.790,0.662,39.849,0.019,0.114
29.500,35.360,2198.316,2186.630,0.667,39.590,0.023,0.120
29.750,35.336,2209.845,2198.316,0.673,39.325,0.028,0.126
30.000,35.308,2221.216,2209.845,0.679,39.052,0.034,0.132
30.250,35.277,2232.427,2221.216,0.684,38.772,0.041,0.139
30.500,35.242,2243.475,2232.427,0.690,38.485,0.049,0.146
30.750,35.204,2254.361,2243.475,0.695,38.191,0.058,0.152
31.000,35.162,2265.082,2254.361,0.701,37.891,0.069,0.159
31.250,35.117,2275.636,2265.082,0.706,37.584,0.081,0.166
31.500,35.068,2286.024,2275.636,0.711,37.271,0.095,0.174
31.750,35.016,2296.242,2286.024,0.717,36.953,0.112,0.181
32.000,34.961,2306.291,2296.242,0.722,36.628,0.131,0.189
32.250,34.902,2316.169,2306.291,0.727,36.298,0.153,0.196
32.500,34.840,2325.877,2316.169,0.732,35.962,0.177,0.204
32.750,34.775,2335.405,2325.877,0.738,35.621,0.206,0.212
33.000,34.708,2344.782,2335.405,0.743,35.275,0.237,0.220
33.250,34.637,2353.916,2344.782,0.748,34.924,0.273,0.228
33.500,34.563,2363.086,2353.916,0.753,34.568,0.313,0.236
33.750,34.486,2371.422,2363.086,0.758,34.208,0.358,0.245
34.000,34.406,2381.690,2371.422,0.762,33.844,0.408,0.253
34.250,34.324,2384.859,2381.690,0.767,33.475,0.465,0.262
34.500,34.239,2411.214,2384.859,0.772,33.103,0.524,0.271
34.750,34.151,2356.364,2411.214,0.777,32.727,0.605,0.278
35.000,34.061,2393.089,2411.002,0.781,32.347,0.686,0.287
35.250,33.968,2429.769,2411.008,0.786,31.964,0.767,0.296
35.500,33.873,2395.765,2429.769,0.791,31.578,0.868,0.304
35.750,33.775,2432.383,2429.681,0.795,31.190,0.970,0.313
36.000,33.675,2458.509,2432.383,0.800,30.798,1.075,0.322
36.250,33.572,2387.906,2458.509,0.804,30.404,1.216,0.330
36.500,33.468,2424.347,2458.224,0.808,30.008,1.357,0.338
36.750,33.361,2460.665,2458.136,0.813,29.610,1.498,0.347
37.000,33.252,2485.923,2460.665,0.817,29.210,1.644,0.357
37.250,33.141,2406.191,2485.923,0.821,28.808,1.837,0.365
37.500,33.028,2442.173,2485.607,0.825,28.405,2.030,0.373
37.750,32.913,2477.969,2485.472,0.829,28.001,2.223,0.382
38.000,32.796,2500.000,2485.510,0.833,27.596,2.417,0.391
38.250,32.677,2475.004,2500.000,0.837,27.190,2.644,0.399
38.500,32.556,2500.000,2499.953,0.841,26.783,2.872,0.408
38.750,32.434,2500.000,2500.019,0.845,26.376,3.100,0.417
39.000,32.310,2500.000,2500.082,0.848,25.968,3.329,0.426
39.250,32.185,2500.000,2500.142,0.852,25.561,3.559,0.434
39.500,32.058,2500.000,2500.200,0.856,25.153,3.790,0.443
39.750,31.929,2500.000,2500.255,0.859,24.746,4.021,0.451
40.000,31.799,2500.000,2500.307,0.863,24.340,4.252,0.459
40.250,31.668,2500.000,2500.357,0.866,23.934,4.485,0.467
40.500,31.535,2500.000,2500.405,0.870,23.529,4.717,0.475
40.750,31.401,2500.000,2500.451,0.873,23.124,4.951,0.483
41.000,31.266,2500.000,2500.494,0.876,22.722,5.184,0.490
41.250,31.129,2500.000,2500.536,0.879,22.320,5.419,0.498
41.500,30.992,2500.000,2500.575,0.882,21.920,5.653,0.505
41.750,30.853,2500.000,2500.613,0.886,21.522,5.888,0.513
42.000,30.714,2500.000,2500.649,0.889,21.125,6.124,0.520
42.250,30.573,2500.000,2500.683,0.892,20.731,6.359,0.527
42.500,30.432,2500.000,2500.715,0.895,20.338,6.595,0.533
42.750,30.290,2500.000,2500.746,0.897,19.948,6.832,0.540
43.000,30.147,2500.000,2500.776,0.900,19.561,7.068,0.547
43.250,30.003,2500.000,2500.804,0.903,19.176,7.305,0.553
43.500,29.858,2500.000,2500.830,0.906,18.793,7.542,0.560
43.750,29.713,2500.000,2500.855,0.908,18.414,7.779,0.566
44.000,29.567,2500.000,2500.879,0.911,18.037,8.017,0.572
44.250,29.421,2500.000,2500.902,0.914,17.664,8.254,0.578
44.500,29.274,2500.000,2500.923,0.916,17.293,8.492,0.584
44.750,29.126,2500.000,2500.944,0.918,16.926,8.729,0.590
45.000,28.979,2500.000,2500.963,0.921,16.563,8.967,0.596
45.250,28.830,2500.000,2500.981,0.923,16.203,9.205,0.601
45.500,28.682,2500.000,2500.999,0.925,15.846,9.443,0.607
45.750,28.533,2500.000,2501.015,0.928,15.494,9.681,0.612
46.000,28.384,2500.000,2501.030,0.930,15.145,9.918,0.617
46.250,28.234,2500.000,2501.045,0.932,14.800,10.156,0.622
46.500,28.084,2500.000,2501.059,0.934,14.459,10.394,0.627
46.750,27.935,2500.000,2501.072,0.936,14.122,10.631,0.632
47.000,27.785,2500.000,2501.084,0.938,13.790,10.869,0.637
47.250,27.635,2500.000,2501.096,0.940,13.461,11.106,0.642
47.500,27.485,2500.000,2501.106,0.942,13.137,11.343,0.647
47.750,27.335,2500.000,2501.117,0.944,12.817,11.580,0.651
48.000,27.184,2500.000,2501.126,0.946,12.501,11.817,0.655
48.250,27.034,2500.000,2501.135,0.947,12.190,12.054,0.660
48.500,26.884,2500.000,2501.144,0.949,11.884,12.290,0.664
48.750,26.735,2500.000,2501.152,0.951,11.582,12.526,0.668
49.000,26.585,2500.000,2501.159,0.952,11.284,12.762,0.672
49.250,26.435,2500.000,2501.166,0.954,10.991,12.998,0.676
49.500,26.286,2500.000,2501.173,0.955,10.703,13.234,0.680
49.750,26.137,2500.000,2501.179,0.957,10.420,13.469,0.684
50.000,25.988,2500.000,2501.185,0.958,10.141,13.704,0.688
50.250,25.840,2500.000,2501.190,0.960,9.867,13.938,0.691
50.500,25.692,2500.000,2501.195,0.961,9.597,14.172,0.695
50.750,25.544,2500.000,2501.200,0.963,9.333,14.406,0.698
51.000,25.396,2500.000,2501.204,0.964,9.073,14.640,0.702
51.250,25.249,2500.000,2501.208,0.965,8.818,14.873,0.705
51.500,25.103,2500.000,2501.212,0.966,8.568,15.106,0.709
51.750,24.956,2500.000,2501.215,0.968,8.322,15.338,0.712
52.000,24.811,2500.000,2501.218,0.969,8.081,15.570,0.715
52.250,24.665,2500.000,2501.221,0.970,7.845,15.802,0.718
52.500,24.520,2500.000,2501.224,0.971,7.614,16.033,0.721
52.750,24.376,2500.000,2501.227,0.972,7.387,16.264,0.724
53.000,24.233,2500.000,2501.229,0.973,7.165,16.494,0.727
53.250,24.089,2500.000,2501.231,0.974,6.948,16.724,0.729
53.500,23.947,2500.000,2501.233,0.975,6.735,16.954,0.732
53.750,23.805,2500.000,2501.235,0.976,6.527,17.183,0.735
54.000,23.664,2500.000,2501.237,0.977,6.324,17.412,0.737
54.250,23.523,2500.000,2501.238,0.978,6.125,17.640,0.740
54.500,23.383,2500.000,2501.240,0.979,5.931,17.867,0.742
54.750,23.243,2500.000,2501.241,0.979,5.741,18.094,0.745
55.000,23.105,2500.000,2501.242,0.980,5.555,18.321,0.747
55.250,22.966,2500.000,2501.243,0.981,5.374,18.547,0.750
55.500,22.829,2500.000,2501.244,0.982,5.198,18.773,0.752
55.750,22.693,2500.000,2501.245,0.983,5.026,18.998,0.754
56.000,22.557,2500.000,2501.245,0.983,4.858,19.223,0.756
56.250,22.421,2500.000,2501.246,0.984,4.694,19.447,0.758
56.500,22.287,2500.000,2501.247,0.985,4.534,19.670,0.760
56.750,22.153,2500.000,2501.247,0.985,4.379,19.893,0.762
57.000,22.020,2500.000,2501.248,0.986,4.227,20.116,0.764
57.250,21.888,2500.000,2501.248,0.986,4.080,20.338,0.766
57.500,21.757,2500.000,2501.249,0.987,3.937,20.559,0.768
57.750,21.626,2500.000,2501.249,0.987,3.797,20.780,0.770
58.000,21.497,2500.000,2501.249,0.988,3.661,21.001,0.772
58.250,21.368,2500.000,2501.249,0.989,3.530,21.220,0.774
58.500,21.240,2500.000,2501.249,0.989,3.401,21.440,0.775
58.750,21.112,2500.000,2501.250,0.989,3.277,21.658,0.777
59.000,20.986,2500.000,2501.250,0.990,3.156,21.876,0.779
59.250,20.860,2500.000,2501.250,0.990,3.039,22.094,0.780
59.500,20.735,2500.000,2501.250,0.991,2.925,22.311,0.782
59.750,20.611,2500.000,2501.250,0.991,2.814,22.528,0.783
60.000,20.488,2500.000,2501.250,0.992,2.707,22.743,0.785
60.250,20.366,2500.000,2501.250,0.992,2.603,22.959,0.786
60.500,20.245,2500.000,2501.250,0.992,2.502,23.174,0.788
60.750,20.124,2500.000,2501.250,0.993,2.405,23.388,0.789
61.000,20.004,2500.000,2501.250,0.993,2.310,23.602,0.790
61.250,20.026,2500.000,2501.399,1.000,48.545,23.817,0.790
61.500,19.900,2500.000,2501.399,1.000,0.000,24.032,0.790
61.750,19.776,2500.000,2501.399,1.000,0.000,24.246,0.790
62.000,19.653,2500.000,2501.399,1.000,0.000,24.460,0.790
62.250,19.532,2500.000,2501.399,1.000,0.000,24.673,0.790
62.500,19.411,2500.000,2501.399,1.000,0.000,24.885,0.790
62.750,19.292,2500.000,2501.399,1.000,0.000,25.097,0.790
63.000,19.173,2500.000,2501.399,1.000,0.000,25.308,0.790
63.250,19.056,2500.000,2501.399,1.000,0.000,25.518,0.790
63.500,18.940,2500.000,2501.399,1.000,0.000,25.728,0.790
63.750,18.825,2500.000,2501.399,1.000,0.000,25.937,0.790
64.000,18.711,2500.000,2501.399,1.000,0.000,26.145,0.790
64.250,18.598,2500.000,2501.399,1.000,0.000,26.353,0.790
64.500,18.487,2500.000,2501.399,1.000,0.000,26.560,0.790
64.750,18.376,2500.000,2501.399,1.000,0.000,26.767,0.790
65.000,18.266,2500.000,2501.399,1.000,0.000,26.973,0.790
65.250,18.158,2500.000,2501.399,1.000,0.000,27.178,0.790
65.500,18.050,2500.000,2501.399,1.000,0.000,27.383,0.790
65.750,17.943,2500.000,2501.399,1.000,0.000,27.587,0.790
66.000,17.838,2500.000,2501.399,1.000,0.000,27.790,0.790
66.250,17.733,2500.000,2501.399,1.000,0.000,27.993,0.790
66.500,17.630,2500.000,2501.399,1.000,0.000,28.195,0.790
66.750,17.527,2500.000,2501.399,1.000,0.000,28.397,0.790
67.000,17.425,2500.000,2501.399,1.000,0.000,28.598,0.790
67.250,17.324,2500.000,2501.399,1.000,0.000,28.799,0.790
67.500,17.225,2500.000,2501.399,1.000,0.000,28.999,0.790
67.750,17.126,2500.000,2501.399,1.000,0.000,29.198,0.790
68.000,17.028,2500.000,2501.399,1.000,0.000,29.397,0.790
68.250,16.931,2500.000,2501.399,1.000,0.000,29.595,0.790
68.500,16.834,2500.000,2501.399,1.000,0.000,29.793,0.790
68.750,16.739,2500.000,2501.399,1.000,0.000,29.990,0.790
69.000,16.645,2500.000,2501.399,1.000,0.000,30.187,0.790
69.250,16.551,2500.000,2501.399,1.000,0.000,30.383,0.790
69.500,16.458,2500.000,2501.399,1.000,0.000,30.578,0.790
69.750,16.367,2500.000,2501.399,1.000,0.000,30.773,0.790
70.000,16.276,2500.000,2501.399,1.000,0.000,30.967,0.790
70.250,16.185,2500.000,2501.399,1.000,0.000,31.161,0.790
70.500,16.096,2500.000,2501.399,1.000,0.000,31.355,0.790
70.750,16.008,2500.000,2501.399,1.000,0.000,31.547,0.790
71.000,15.920,2500.000,2501.399,1.000,0.000,31.740,0.790
71.250,15.833,2500.000,2501.399,1.000,0.000,31.931,0.790
71.500,15.747,2500.000,2501.399,1.000,0.000,32.123,0.790
71.750,15.661,2500.000,2501.399,1.000,0.000,32.313,0.790
72.000,15.577,2500.000,2501.399,1.000,0.000,32.503,0.790
72.250,15.493,2500.000,2501.399,1.000,0.000,32.693,0.790
72.500,15.410,2500.000,2501.399,1.000,0.000,32.882,0.790
72.750,15.328,2500.000,2501.399,1.000,0.000,33.071,0.790
73.000,15.246,2500.000,2501.399,1.000,0.000,33.259,0.790
73.250,15.165,2500.000,2501.399,1.000,0.000,33.447,0.790
73.500,15.085,2500.000,2501.399,1.000,0.000,33.634,0.790
73.750,15.006,2500.000,2501.399,1.000,0.000,33.820,0.790
74.000,14.927,2500.000,2501.399,1.000,0.000,34.007,0.790
74.250,14.849,2500.000,2501.399,1.000,0.000,34.192,0.790
74.500,14.772,2500.000,2501.399,1.000,0.000,34.377,0.790
74.750,14.696,2500.000,2501.399,1.000,0.000,34.562,0.790
75.000,14.620,2500.000,2501.399,1.000,0.000,34.746,0.790
75.250,14.544,2500.000,2501.399,1.000,0.000,34.930,0.790
75.500,14.470,2500.000,2501.399,1.000,0.000,35.113,0.790
75.750,14.396,2500.000,2501.399,1.000,0.000,35.296,0.790
76.000,14.323,2500.000,2501.399,1.000,0.000,35.478,0.790
76.250,14.250,2500.000,2501.399,1.000,0.000,35.660,0.790
76.500,14.178,2500.000,2501.399,1.000,0.000,35.842,0.790
76.750,14.107,2500.000,2501.399,1.000,0.000,36.023,0.790
77.000,14.036,2500.000,2501.399,1.000,0.000,36.203,0.790
77.250,13.966,2500.000,2501.399,1.000,0.000,36.383,0.790
77.500,13.897,2500.000,2501.399,1.000,0.000,36.563,0.790
77.750,13.828,2500.000,2501.399,1.000,0.000,36.742,0.790
78.000,13.760,2500.000,2501.399,1.000,0.000,36.921,0.790
78.250,13.692,2500.000,2501.399,1.000,0.000,37.099,0.790
78.500,13.625,2500.000,2501.399,1.000,0.000,37.277,0.790
78.750,13.559,2500.000,2501.399,1.000,0.000,37.454,0.790
79.000,13.493,2500.000,2501.399,1.000,0.000,37.631,0.790
79.250,13.428,2500.000,2501.399,1.000,0.000,37.808,0.790
79.500,13.363,2500.000,2501.399,1.000,0.000,37.984,0.790
79.750,13.299,2500.000,2501.399,1.000,0.000,38.160,0.790
80.000,13.236,2500.000,2501.399,1.000,0.000,38.335,0.790
80.250,13.173,2500.000,2501.399,1.000,0.000,38.510,0.790
80.500,13.110,2500.000,2501.399,1.000,0.000,38.684,0.790
80.750,13.048,2500.000,2501.399,1.000,0.000,38.858,0.790
81.000,12.987,2500.000,2501.399,1.000,0.000,39.032,0.790
81.250,12.926,2500.000,2501.399,1.000,0.000,39.205,0.790
81.500,12.866,2500.000,2501.399,1.000,0.000,39.378,0.790
81.750,12.806,2500.000,2501.399,1.000,0.000,39.551,0.790
82.000,12.746,2500.000,2501.399,1.000,0.000,39.723,0.790
82.250,12.688,2500.000,2501.399,1.000,0.000,39.894,0.790
82.500,12.629,2500.000,2501.399,1.000,0.000,40.065,0.790
82.750,12.572,2500.000,2501.399,1.000,0.000,40.236,0.790
83.000,12.514,2500.000,2501.399,1.000,0.000,40.407,0.790
83.250,12.458,2500.000,2501.399,1.000,0.000,40.577,0.790
83.500,12.401,2500.000,2501.399,1.000,0.000,40.746,0.790
83.750,12.345,2500.000,2501.399,1.000,0.000,40.916,0.790
84.000,12.290,2500.000,2501.399,1.000,0.000,41.085,0.790
84.250,12.235,2500.000,2501.399,1.000,0.000,41.253,0.790
84.500,12.181,2500.000,2501.399,1.000,0.000,41.421,0.790
84.750,12.127,2500.000,2501.399,1.000,0.000,41.589,0.790
85.000,12.073,2500.000,2501.399,1.000,0.000,41.757,0.790
85.250,12.020,2500.000,2501.399,1.000,0.000,41.924,0.790
85.500,11.968,2500.000,2501.399,1.000,0.000,42.090,0.790
85.750,11.915,2500.000,2501.399,1.000,0.000,42.257,0.790
86.000,11.864,2500.000,2501.399,1.000,0.000,42.423,0.790
86.250,11.812,2500.000,2501.399,1.000,0.000,42.588,0.790
86.500,11.761,2500.000,2501.399,1.000,0.000,42.753,0.790
86.750,11.711,2500.000,2501.399,1.000,0.000,42.918,0.790
87.000,11.661,2500.000,2501.399,1.000,0.000,43.083,0.790
87.250,11.611,2500.000,2501.399,1.000,0.000,43.247,0.790
87.500,11.562,2500.000,2501.399,1.000,0.000,43.411,0.790
87.750,11.513,2500.000,2501.399,1.000,0.000,43.574,0.790
88.000,11.465,2500.000,2501.399,1.000,0.000,43.737,0.790
88.250,11.417,2500.000,2501.399,1.000,0.000,43.900,0.790
88.500,11.370,2500.000,2501.399,1.000,0.000,44.063,0.790
88.750,11.322,2500.000,2501.399,1.000,0.000,44.225,0.790
89.000,11.276,2500.000,2501.399,1.000,0.000,44.387,0.790
89.250,11.229,2500.000,2501.399,1.000,0.000,44.548,0.790
89.500,11.183,2500.000,2501.399,1.000,0.000,44.709,0.790
89.750,11.138,2500.000,2501.399,1.000,0.000,44.870,0.790
90.000,11.092,2500.000,2501.399,1.000,0.000,45.030,0.790
90.250,11.047,2500.000,2501.399,1.000,0.000,45.191,0.790
90.500,11.003,2500.000,2501.399,1.000,0.000,45.350,0.790
90.750,10.959,2500.000,2501.399,1.000,0.000,45.510,0.790
91.000,10.915,2500.000,2501.399,1.000,0.000,45.669,0.790
91.250,10.872,2500.000,2501.399,1.000,0.000,45.828,0.790
91.500,10.828,2500.000,2501.399,1.000,0.000,45.987,0.790
91.750,10.786,2500.000,2501.399,1.000,0.000,46.145,0.790
92.000,10.743,2500.000,2501.399,1.000,0.000,46.303,0.790
92.250,10.701,2500.000,2501.399,1.000,0.000,46.460,0.790
92.500,10.660,2500.000,2501.399,1.000,0.000,46.618,0.790
92.750,10.618,2500.000,2501.399,1.000,0.000,46.775,0.790
93.000,10.577,2500.000,2501.399,1.000,0.000,46.931,0.790
93.250,10.537,2500.000,2501.399,1.000,0.000,47.088,0.790
93.500,10.496,2500.000,2501.399,1.000,0.000,47.244,0.790
93.750,10.456,2500.000,2501.399,1.000,0.000,47.400,0.790
94.000,10.416,2500.000,2501.399,1.000,0.000,47.555,0.790
94.250,10.377,2500.000,2501.399,1.000,0.000,47.710,0.790
94.500,10.338,2500.000,2501.399,1.000,0.000,47.865,0.790
94.750,10.299,2500.000,2501.399,1.000,0.000,48.020,0.790
95.000,10.261,2500.000,2501.399,1.000,0.000,48.174,0.790
95.250,10.223,2500.000,2501.399,1.000,0.000,48.328,0.790
95.500,10.185,2500.000,2501.399,1.000,0.000,48.482,0.790
95.750,10.147,2500.000,2501.399,1.000,0.000,48.636,0.790
96.000,10.110,2500.000,2501.399,1.000,0.000,48.789,0.790
96.250,10.073,2500.000,2501.399,1.000,0.000,48.942,0.790
96.500,10.037,2500.000,2501.399,1.000,0.000,49.094,0.790
96.750,10.000,2500.000,2501.399,1.000,0.000,49.247,0.790
97.000,9.964,2500.000,2501.399,1.000,0.000,49.399,0.790
97.250,9.928,2500.000,2501.399,1.000,0.000,49.551,0.790
97.500,9.893,2500.000,2501.399,1.000,0.000,49.702,0.790
97.750,9.858,2500.000,2501.399,1.000,0.000,49.853,0.790
98.000,9.823,2500.000,2501.399,1.000,0.000,50.004,0.790
98.250,9.788,2500.000,2501.399,1.000,0.000,50.155,0.790
98.500,9.754,2500.000,2501.399,1.000,0.000,50.306,0.790
98.750,9.720,2500.000,2501.399,1.000,0.000,50.456,0.790
99.000,9.686,2500.000,2501.399,1.000,0.000,50.606,0.790
99.250,9.652,2500.000,2501.399,1.000,0.000,50.756,0.790
99.500,9.619,2500.000,2501.399,1.000,0.000,50.905,0.790
99.750,9.586,2500.000,2501.399,1.000,0.000,51.054,0.790
100.000,9.553,2500.000,2501.399,1.000,0.000,51.203,0.790
100.250,9.521,2500.000,2501.399,1.000,0.000,51.352,0.790
100.500,9.488,2500.000,2501.399,1.000,0.000,51.500,0.790
100.750,9.456,2500.000,2501.399,1.000,0.000,51.648,0.790
101.000,9.425,2500.000,2501.399,1.000,0.000,51.796,0.790
101.250,9.393,2500.000,2501.399,1.000,0.000,51.944,0.790
101.500,9.362,2500.000,2501.399,1.000,0.000,52.091,0.790
101.750,9.331,2500.000,2501.399,1.000,0.000,52.239,0.790
102.000,9.300,2500.000,2501.399,1.000,0.000,52.385,0.790
102.250,9.270,2500.000,2501.399,1.000,0.000,52.532,0.790
102.500,9.239,2500.000,2501.399,1.000,0.000,52.679,0.790
102.750,9.209,2500.000,2501.399,1.000,0.000,52.825,0.790
103.000,9.179,2500.000,2501.399,1.000,0.000,52.971,0.790
103.250,9.150,2500.000,2501.399,1.000,0.000,53.117,0.790
103.500,9.120,2500.000,2501.399,1.000,0.000,53.262,0.790
103.750,9.091,2500.000,2501.399,1.000,0.000,53.407,0.790
104.000,9.062,2500.000,2501.399,1.000,0.000,53.552,0.790
104.250,9.034,2500.000,2501.399,1.000,0.000,53.697,0.790
104.500,9.005,2500.000,2501.399,1.000,0.000,53.842,0.790
104.750,8.977,2500.000,2501.399,1.000,0.000,53.986,0.790
105.000,8.949,2500.000,2501.399,1.000,0.000,54.130,0.790
105.250,8.921,2500.000,2501.399,1.000,0.000,54.274,0.790
105.500,8.893,2500.000,2501.399,1.000,0.000,54.418,0.790
105.750,8.866,2500.000,2501.399,1.000,0.000,54.561,0.790
106.000,8.839,2500.000,2501.399,1.000,0.000,54.705,0.790
106.250,8.812,2500.000,2501.399,1.000,0.000,54.848,0.790
106.500,8.785,2500.000,2501.399,1.000,0.000,54.990,0.790
106.750,8.759,2500.000,2501.399,1.000,0.000,55.133,0.790
107.000,8.732,2500.000,2501.399,1.000,0.000,55.275,0.790
107.250,8.706,2500.000,2501.399,1.000,0.000,55.418,0.790
107.500,8.680,2500.000,2501.399,1.000,0.000,55.559,0.790
107.750,8.654,2500.000,2501.399,1.000,0.000,55.701,0.790
108.000,8.629,2500.000,2501.399,1.000,0.000,55.843,0.790
108.250,8.603,2500.000,2501.399,1.000,0.000,55.984,0.790
108.500,8.578,2500.000,2501.399,1.000,0.000,56.125,0.790
108.750,8.553,2500.000,2501.399,1.000,0.000,56.266,0.790
109.000,8.528,2500.000,2501.399,1.000,0.000,56.407,0.790
109.250,8.504,2500.000,2501.399,1.000,0.000,56.547,0.790
109.500,8.479,2500.000,2501.399,1.000,0.000,56.688,0.790
109.750,8.455,2500.000,2501.399,1.000,0.000,56.828,0.790
110.000,8.431,2500.000,2501.399,1.000,0.000,56.968,0.790
110.250,8.407,2500.000,2501.399,1.000,0.000,57.107,0.790
110.500,8.383,2500.000,2501.399,1.000,0.000,57.247,0.790
110.750,8.360,2500.000,2501.399,1.000,0.000,57.386,0.790
111.000,8.337,2500.000,2501.399,1.000,0.000,57.525,0.790
111.250,8.313,2500.000,2501.399,1.000,0.000,57.664,0.790
111.500,8.290,2500.000,2501.399,1.000,0.000,57.803,0.790
111.750,8.268,2500.000,2501.399,1.000,0.000,57.941,0.790
112.000,8.245,2500.000,2501.399,1.000,0.000,58.080,0.790
112.250,8.223,2500.000,2501.399,1.000,0.000,58.218,0.790
112.500,8.200,2500.000,2501.399,1.000,0.000,58.356,0.790
112.750,8.178,2500.000,2501.399,1.000,0.000,58.494,0.790
113.000,8.156,2500.000,2501.399,1.000,0.000,58.631,0.790
113.250,8.134,2500.000,2501.399,1.000,0.000,58.769,0.790
113.500,8.113,2500.000,2501.399,1.000,0.000,58.906,0.790
113.750,8.091,2500.000,2501.399,1.000,0.000,59.043,0.790
114.000,8.070,2500.000,2501.399,1.000,0.000,59.180,0.790
114.250,8.049,2500.000,2501.399,1.000,0.000,59.317,0.790
114.500,8.028,2500.000,2501.399,1.000,0.000,59.453,0.790
114.750,8.007,2500.000,2501.399,1.000,0.000,59.589,0.790
115.000,7.986,2500.000,2501.399,1.000,0.000,59.726,0.790
115.250,7.966,2500.000,2501.399,1.000,0.000,59.862,0.790
115.500,7.945,2500.000,2501.399,1.000,0.000,59.997,0.790
115.750,7.925,2500.000,2501.399,1.000,0.000,60.133,0.790
116.000,7.905,2500.000,2501.399,1.000,0.000,60.269,0.790
116.250,7.885,2500.000,2501.399,1.000,0.000,60.404,0.790
116.500,7.865,2500.000,2501.399,1.000,0.000,60.539,0.790
116.750,7.846,2500.000,2501.399,1.000,0.000,60.674,0.790
117.000,7.826,2500.000,2501.399,1.000,0.000,60.809,0.790
117.250,7.807,2500.000,2501.399,1.000,0.000,60.943,0.790
117.500,7.788,2500.000,2501.399,1.000,0.000,61.078,0.790
117.750,7.769,2500.000,2501.399,1.000,0.000,61.212,0.790
118.000,7.750,2500.000,2501.399,1.000,0.000,61.346,0.790
118.250,7.731,2500.000,2501.399,1.000,0.000,61.480,0.790
118.500,7.712,2500.000,2501.399,1.000,0.000,61.614,0.790
118.750,7.694,2500.000,2501.399,1.000,0.000,61.748,0.790
119.000,7.675,2500.000,2501.399,1.000,0.000,61.881,0.790
119.250,7.657,2500.000,2501.399,1.000,0.000,62.014,0.790
119.500,7.639,2500.000,2501.399,1.000,0.000,62.148,0.790
119.750,7.621,2500.000,2501.399,1.000,0.000,62.281,0.790
120.000,7.603,2500.000,2501.399,1.000,0.000,62.414,0.790
120.250,7.586,2500.000,2501.399,1.000,0.000,62.546,0.790
120.500,7.568,2500.000,2501.399,1.000,0.000,62.679,0.790
120.750,7.551,2500.000,2501.399,1.000,0.000,62.811,0.790
121.000,7.534,2500.000,2501.399,1.000,0.000,62.943,0.790
121.250,7.516,2500.000,2501.399,1.000,0.000,63.075,0.790
121.500,7.499,2500.000,2501.399,1.000,0.000,63.207,0.790
121.750,7.482,2500.000,2501.399,1.000,0.000,63.339,0.790
122.000,7.466,2500.000,2501.399,1.000,0.000,63.471,0.790
122.250,7.449,2500.000,2501.399,1.000,0.000,63.602,0.790
122.500,7.432,2500.000,2501.399,1.000,0.000,63.734,0.790
122.750,7.416,2500.000,2501.399,1.000,0.000,63.865,0.790
123.000,7.400,2500.000,2501.399,1.000,0.000,63.996,0.790
123.250,7.384,2500.000,2501.399,1.000,0.000,64.127,0.790
123.500,7.368,2500.000,2501.399,1.000,0.000,64.258,0.790
123.750,7.352,2500.000,2501.399,1.000,0.000,64.388,0.790
124.000,7.336,2500.000,2501.399,1.000,0.000,64.519,0.790
124.250,7.320,2500.000,2501.399,1.000,0.000,64.649,0.790
124.500,7.305,2500.000,2501.399,1.000,0.000,64.779,0.790
124.750,7.289,2500.000,2501.399,1.000,0.000,64.910,0.790
125.000,7.274,2500.000,2501.399,1.000,0.000,65.039,0.790
125.250,7.259,2500.000,2501.399,1.000,0.000,65.169,0.790
125.500,7.243,2500.000,2501.399,1.000,0.000,65.299,0.790
125.750,7.228,2500.000,2501.399,1.000,0.000,65.429,0.790
126.000,7.213,2500.000,2501.399,1.000,0.000,65.558,0.790
126.250,7.199,2500.000,2501.399,1.000,0.000,65.687,0.790
126.500,7.184,2500.000,2501.399,1.000,0.000,65.816,0.790
126.750,7.169,2500.000,2501.399,1.000,0.000,65.945,0.790
127.000,7.155,2500.000,2501.399,1.000,0.000,66.074,0.790
127.250,7.141,2500.000,2501.399,1.000,0.000,66.203,0.790
127.500,7.126,2500.000,2501.399,1.000,0.000,66.332,0.790
127.750,7.112,2500.000,2501.399,1.000,0.000,66.460,0.790
128.000,7.098,2500.000,2501.399,1.000,0.000,66.588,0.790
128.250,7.084,2500.000,2501.399,1.000,0.000,66.717,0.790
128.500,7.071,2500.000,2501.399,1.000,0.000,66.845,0.790
128.750,7.057,2500.000,2501.399,1.000,0.000,66.973,0.790
129.000,7.043,2500.000,2501.399,1.000,0.000,67.101,0.790
129.250,7.030,2500.000,2501.399,1.000,0.000,67.228,0.790
129.500,7.016,2500.000,2501.399,1.000,0.000,67.356,0.790
129.750,7.003,2500.000,2501.399,1.000,0.000,67.484,0.790
130.000,6.990,2500.000,2501.399,1.000,0.000,67.611,0.790
130.250,6.977,2500.000,2501.399,1.000,0.000,67.738,0.790
130.500,6.964,2500.000,2501.399,1.000,0.000,67.865,0.790
130.750,6.951,2500.000,2501.399,1.000,0.000,67.992,0.790
131.000,6.938,2500.000,2501.399,1.000,0.000,68.119,0.790
131.250,6.925,2500.000,2501.399,1.000,0.000,68.246,0.790
131.500,6.913,2500.000,2501.399,1.000,0.000,68.373,0.790
131.750,6.900,2500.000,2501.399,1.000,0.000,68.499,0.790
132.000,6.888,2500.000,2501.399,1.000,0.000,68.626,0.790
132.250,6.875,2500.000,2501.399,1.000,0.000,68.752,0.790
132.500,6.863,2500.000,2501.399,1.000,0.000,68.878,0.790
132.750,6.851,2500.000,2501.399,1.000,0.000,69.004,0.790
133.000,6.839,2500.000,2501.399,1.000,0.000,69.130,0.790
133.250,6.827,2500.000,2501.399,1.000,0.000,69.256,0.790
133.500,6.815,2500.000,2501.399,1.000,0.000,69.382,0.790
133.750,6.803,2500.000,2501.399,1.000,0.000,69.508,0.790
134.000,6.791,2500.000,2501.399,1.000,0.000,69.633,0.790
134.250,6.780,2500.000,2501.399,1.000,0.000,69.759,0.790
134.500,6.768,2500.000,2501.399,1.000,0.000,69.884,0.790
134.750,6.757,2500.000,2501.399,1.000,0.000,70.009,0.790
135.000,6.745,2500.000,2501.399,1.000,0.000,70.135,0.790
135.250,6.734,2500.000,2501.399,1.000,0.000,70.260,0.790
135.500,6.723,2500.000,2501.399,1.000,0.000,70.385,0.790
135.750,6.712,2500.000,2501.399,1.000,0.000,70.509,0.790
136.000,6.701,2500.000,2501.399,1.000,0.000,70.634,0.790
136.250,6.690,2500.000,2501.399,1.000,0.000,70.759,0.790
136.500,6.679,2500.000,2501.399,1.000,0.000,70.883,0.790
136.750,6.668,2500.000,2501.399,1.000,0.000,71.008,0.790
137.000,6.658,2500.000,2501.399,1.000,0.000,71.132,0.790
137.250,6.647,2500.000,2501.399,1.000,0.000,71.256,0.790
137.500,6.637,2500.000,2501.399,1.000,0.000,71.380,0.790
137.750,6.626,2500.000,2501.399,1.000,0.000,71.504,0.790
138.000,6.616,2500.000,2501.399,1.000,0.000,71.628,0.790
138.250,6.606,2500.000,2501.399,1.000,0.000,71.752,0.790
138.500,6.595,2500.000,2501.399,1.000,0.000,71.876,0.790
138.750,6.585,2500.000,2501.399,1.000,0.000,71.999,0.790
139.000,6.575,2500.000,2501.399,1.000,0.000,72.123,0.790
139.250,6.565,2500.000,2501.399,1.000,0.000,72.246,0.790
139.500,6.555,2500.000,2501.399,1.000,0.000,72.370,0.790
139.750,6.546,2500.000,2501.399,1.000,0.000,72.493,0.790
140.000,6.536,2500.000,2501.399,1.000,0.000,72.616,0.790
140.250,6.526,2500.000,2501.399,1.000,0.000,72.739,0.790
140.500,6.517,2500.000,2501.399,1.000,0.000,72.862,0.790
140.750,6.507,2500.000,2501.399,1.000,0.000,72.985,0.790
141.000,6.498,2500.000,2501.399,1.000,0.000,73.108,0.790
141.250,6.488,2500.000,2501.399,1.000,0.000,73.231,0.790
141.500,6.479,2500.000,2501.399,1.000,0.000,73.353,0.790
141.750,6.470,2500.000,2501.399,1.000,0.000,73.476,0.790
142.000,6.461,2500.000,2501.399,1.000,0.000,73.599,0.790
142.250,6.452,2500.000,2501.399,1.000,0.000,73.721,0.790
142.500,6.443,2500.000,2501.399,1.000,0.000,73.843,0.790
142.750,6.434,2500.000,2501.399,1.000,0.000,73.965,0.790
143.000,6.425,2500.000,2501.399,1.000,0.000,74.088,0.790
143.250,6.416,2500.000,2501.399,1.000,0.000,74.210,0.790
143.500,6.408,2500.000,2501.399,1.000,0.000,74.332,0.790
143.750,6.399,2500.000,2501.399,1.000,0.000,74.453,0.790
144.000,6.390,2500.000,2501.399,1.000,0.000,74.575,0.790
144.250,6.382,2500.000,2501.399,1.000,0.000,74.697,0.790
144.500,6.374,2500.000,2501.399,1.000,0.000,74.819,0.790
144.750,6.365,2500.000,2501.399,1.000,0.000,74.940,0.790
145.000,6.357,2500.000,2501.399,1.000,0.000,75.062,0.790
145.250,6.349,2500.000,2501.399,1.000,0.000,75.183,0.790
145.500,6.341,2500.000,2501.399,1.000,0.000,75.304,0.790
145.750,6.333,2500.000,2501.399,1.000,0.000,75.426,0.790
146.000,6.325,2500.000,2501.399,1.000,0.000,75.547,0.790
146.250,6.317,2500.000,2501.399,1.000,0.000,75.668,0.790
146.500,6.309,2500.000,2501.399,1.000,0.000,75.789,0.790
146.750,6.301,2500.000,2501.399,1.000,0.000,75.910,0.790
147.000,6.293,2500.000,2501.399,1.000,0.000,76.031,0.790
147.250,6.286,2500.000,2501.399,1.000,0.000,76.152,0.790
147.500,6.278,2500.000,2501.399,1.000,0.000,76.272,0.790
147.750,6.270,2500.000,2501.399,1.000,0.000,76.393,0.790
148.000,6.263,2500.000,2501.399,1.000,0.000,76.513,0.790
148.250,6.255,2500.000,2501.399,1.000,0.000,76.634,0.790
148.500,6.248,2500.000,2501.399,1.000,0.000,76.754,0.790
148.750,6.241,2500.000,2501.399,1.000,0.000,76.875,0.790
149.000,6.234,2500.000,2501.399,1.000,0.000,76.995,0.790
149.250,6.226,2500.000,2501.399,1.000,0.000,77.115,0.790
149.500,6.219,2500.000,2501.399,1.000,0.000,77.235,0.790
149.750,6.212,2500.000,2501.399,1.000,0.000,77.356,0.790
150.000,6.205,2500.000,2501.399,1.000,0.000,77.476,0.790
150.250,6.198,2500.000,2501.399,1.000,0.000,77.596,0.790
150.500,6.192,2500.000,2501.399,1.000,0.000,77.715,0.790
150.750,6.185,2500.000,2501.399,1.000,0.000,77.835,0.790
151.000,6.178,2500.000,2501.399,1.000,0.000,77.955,0.790
151.250,6.171,2500.000,2501.399,1.000,0.000,78.075,0.790
151.500,6.165,2500.000,2501.399,1.000,0.000,78.194,0.790
151.750,6.158,2500.000,2501.399,1.000,0.000,78.314,0.790
152.000,6.152,2500.000,2501.399,1.000,0.000,78.433,0.790
152.250,6.145,2500.000,2501.399,1.000,0.000,78.553,0.790
152.500,6.139,2500.000,2501.399,1.000,0.000,78.672,0.790
152.750,6.133,2500.000,2501.399,1.000,0.000,78.792,0.790
153.000,6.126,2500.000,2501.399,1.000,0.000,78.911,0.790
153.250,6.120,2500.000,2501.399,1.000,0.000,79.030,0.790
153.500,6.114,2500.000,2501.399,1.000,0.000,79.149,0.790
153.750,6.108,2500.000,2501.399,1.000,0.000,79.268,0.790
154.000,6.102,2500.000,2501.399,1.000,0.000,79.387,0.790
154.250,6.096,2500.000,2501.399,1.000,0.000,79.506,0.790
154.500,6.090,2500.000,2501.399,1.000,0.000,79.625,0.790
154.750,6.084,2500.000,2501.399,1.000,0.000,79.744,0.790
155.000,6.078,2500.000,2501.399,1.000,0.000,79.863,0.790
155.250,6.073,2500.000,2501.399,1.000,0.000,79.981,0.790
155.500,6.067,2500.000,2501.399,1.000,0.000,80.100,0.790
155.750,6.061,2500.000,2501.399,1.000,0.000,80.219,0.790
156.000,6.056,2500.000,2501.399,1.000,0.000,80.337,0.790
156.250,6.050,2500.000,2501.399,1.000,0.000,80.456,0.790
156.500,6.045,2500.000,2501.399,1.000,0.000,80.574,0.790
156.750,6.039,2500.000,2501.399,1.000,0.000,80.693,0.790
157.000,6.034,2500.000,2501.399,1.000,0.000,80.811,0.790
157.250,6.029,2500.000,2501.399,1.000,0.000,80.929,0.790
157.500,6.023,2500.000,2501.399,1.000,0.000,81.048,0.790
157.750,6.018,2500.000,2501.399,1.000,0.000,81.166,0.790
158.000,6.013,2500.000,2501.399,1.000,0.000,81.284,0.790
158.250,6.008,2500.000,2501.399,1.000,0.000,81.402,0.790
158.500,6.003,2500.000,2501.399,1.000,0.000,81.520,0.790
158.750,5.998,2500.000,2501.399,1.000,0.000,81.638,0.790
159.000,5.993,2500.000,2501.399,1.000,0.000,81.756,0.790
159.250,5.988,2500.000,2501.399,1.000,0.000,81.874,0.790
159.500,5.983,2500.000,2501.399,1.000,0.000,81.992,0.790
159.750,5.979,2500.000,2501.399,1.000,0.000,82.110,0.790
160.000,5.974,2500.000,2501.399,1.000,0.000,82.227,0.790
160.250,5.969,2500.000,2501.399,1.000,0.000,82.345,0.790
160.500,5.965,2500.000,2501.399,1.000,0.000,82.463,0.790
160.750,5.960,2500.000,2501.399,1.000,0.000,82.580,0.790
161.000,5.955,2500.000,2501.399,1.000,0.000,82.698,0.790
161.250,5.951,2500.000,2501.399,1.000,0.000,82.816,0.790
161.500,5.947,2500.000,2501.399,1.000,0.000,82.933,0.790
161.750,5.942,2500.000,2501.399,1.000,0.000,83.050,0.790
162.000,5.938,2500.000,2501.399,1.000,0.000,83.168,0.790
162.250,5.934,2500.000,2501.399,1.000,0.000,83.285,0.790
162.500,5.929,2500.000,2501.399,1.000,0.000,83.403,0.790
162.750,5.925,2500.000,2501.399,1.000,0.000,83.520,0.790
163.000,5.921,2500.000,2501.399,1.000,0.000,83.637,0.790
163.250,5.917,2500.000,2501.399,1.000,0.000,83.754,0.790
163.500,5.913,2500.000,2501.399,1.000,0.000,83.871,0.790
163.750,5.909,2500.000,2501.399,1.000,0.000,83.989,0.790
164.000,5.905,2500.000,2501.399,1.000,0.000,84.106,0.790
164.250,5.901,2500.000,2501.399,1.000,0.000,84.223,0.790
164.500,5.897,2500.000,2501.399,1.000,0.000,84.340,0.790
164.750,5.894,2500.000,2501.399,1.000,0.000,84.457,0.790
165.000,5.890,2500.000,2501.399,1.000,0.000,84.574,0.790
165.250,5.886,2500.000,2501.399,1.000,0.000,84.691,0.790
165.500,5.883,2500.000,2501.399,1.000,0.000,84.807,0.790
165.750,5.879,2500.000,2501.399,1.000,0.000,84.924,0.790
166.000,5.876,2500.000,2501.399,1.000,0.000,85.041,0.790
166.250,5.872,2500.000,2501.399,1.000,0.000,85.158,0.790
166.500,5.869,2500.000,2501.399,1.000,0.000,85.274,0.790
166.750,5.865,2500.000,2501.399,1.000,0.000,85.391,0.790
167.000,5.862,2500.000,2501.399,1.000,0.000,85.508,0.790
167.250,5.859,2500.000,2501.399,1.000,0.000,85.624,0.790
167.500,5.855,2500.000,2501.399,1.000,0.000,85.741,0.790
167.750,5.852,2500.000,2501.399,1.000,0.000,85.858,0.790
168.000,5.849,2500.000,2501.399,1.000,0.000,85.974,0.790
168.250,5.846,2500.000,2501.399,1.000,0.000,86.091,0.790
168.500,5.843,2500.000,2501.399,1.000,0.000,86.207,0.790
168.750,5.840,2500.000,2501.399,1.000,0.000,86.324,0.790
169.000,5.837,2500.000,2501.399,1.000,0.000,86.440,0.790
169.250,5.834,2500.000,2501.399,1.000,0.000,86.556,0.790
169.500,5.831,2500.000,2501.399,1.000,0.000,86.673,0.790
169.750,5.828,2500.000,2501.399,1.000,0.000,86.789,0.790
170.000,5.825,2500.000,2501.399,1.000,0.000,86.905,0.790
170.250,5.823,2500.000,2501.399,1.000,0.000,87.022,0.790
170.500,5.820,2500.000,2501.399,1.000,0.000,87.138,0.790
170.750,5.817,2500.000,2501.399,1.000,0.000,87.254,0.790
171.000,5.815,2500.000,2501.399,1.000,0.000,87.370,0.790
171.250,5.812,2500.000,2501.399,1.000,0.000,87.486,0.790
171.500,5.810,2500.000,2501.399,1.000,0.000,87.602,0.790
171.750,5.807,2500.000,2501.399,1.000,0.000,87.719,0.790
172.000,5.805,2500.000,2501.399,1.000,0.000,87.835,0.790
172.250,5.802,2500.000,2501.399,1.000,0.000,87.951,0.790
172.500,5.800,2500.000,2501.399,1.000,0.000,88.067,0.790
172.750,5.798,2500.000,2501.399,1.000,0.000,88.183,0.790
173.000,5.796,2500.000,2501.399,1.000,0.000,88.299,0.790
173.250,5.793,2500.000,2501.399,1.000,0.000,88.415,0.790
173.500,5.791,2500.000,2501.399,1.000,0.000,88.531,0.790
173.750,5.789,2500.000,2501.399,1.000,0.000,88.647,0.790
174.000,5.787,2500.000,2501.399,1.000,0.000,88.763,0.790
174.250,5.785,2500.000,2501.399,1.000,0.000,88.878,0.790
174.500,5.783,2500.000,2501.399,1.000,0.000,88.994,0.790
174.750,5.781,2500.000,2501.399,1.000,0.000,89.110,0.790
175.000,5.779,2500.000,2501.399,1.000,0.000,89.226,0.790
175.250,5.778,2500.000,2501.399,1.000,0.000,89.342,0.790
175.500,5.776,2500.000,2501.399,1.000,0.000,89.458,0.790
175.750,5.774,2500.000,2501.399,1.000,0.000,89.573,0.790
176.000,5.772,2500.000,2501.399,1.000,0.000,89.689,0.790
176.250,5.771,2500.000,2501.399,1.000,0.000,89.805,0.790
176.500,5.769,2500.000,2501.399,1.000,0.000,89.921,0.790
176.750,5.767,2500.000,2501.399,1.000,0.000,90.036,0.790
177.000,5.766,2500.000,2501.399,1.000,0.000,90.152,0.790
177.250,5.764,2500.000,2501.399,1.000,0.000,90.268,0.790
177.500,5.763,2500.000,2501.399,1.000,0.000,90.383,0.790
177.750,5.762,2500.000,2501.399,1.000,0.000,90.499,0.790
178.000,5.760,2500.000,2501.399,1.000,0.000,90.615,0.790
178.250,5.759,2500.000,2501.399,1.000,0.000,90.730,0.790
178.500,5.758,2500.000,2501.399,1.000,0.000,90.846,0.790
178.750,5.756,2500.000,2501.399,1.000,0.000,90.961,0.790
179.000,5.755,2500.000,2501.399,1.000,0.000,91.077,0.790
179.250,5.754,2500.000,2501.399,1.000,0.000,91.193,0.790
179.500,5.753,2500.000,2501.399,1.000,0.000,91.308,0.790
179.750,5.752,2500.000,2501.399,1.000,0.000,91.424,0.790
180.000,5.751,2500.000,2501.399,1.000,0.000,91.539,0.790
