CA_deg,P_bar,T_u_K,T_b_K,xb,ROHR_J_deg,NOx_ppm,knock_integral
-359.750,10.588,662.560,320.000,0.000,0.000,0.000,0.000
-359.500,10.585,662.530,320.000,0.000,0.000,0.000,0.000
-359.250,10.580,662.480,320.000,0.000,0.000,0.000,0.000
-359.000,10.574,662.410,320.000,0.000,0.000,0.000,0.000
-358.750,10.567,662.320,320.000,0.000,0.000,0.000,0.000
-358.500,10.559,662.211,320.000,0.000,0.000,0.000,0.000
-358.250,10.549,662.081,320.000,0.000,0.000,0.000,0.000
-358.000,10.539,661.932,320.000,0.000,0.000,0.000,0.000
-357.750,10.527,661.763,320.000,0.000,0.000,0.000,0.000
-357.500,10.514,661.574,320.000,0.000,0.000,0.000,0.000
-357.250,10.499,661.366,320.000,0.000,0.000,0.000,0.000
-357.000,10.484,661.138,320.000,0.000,0.000,0.000,0.000
-356.750,10.467,660.891,320.000,0.000,0.000,0.000,0.000
-356.500,10.450,660.625,320.000,0.000,0.000,0.000,0.000
-356.250,10.431,660.339,320.000,0.000,0.000,0.000,0.000
-356.000,10.410,660.034,320.000,0.000,0.000,0.000,0.000
-355.750,10.389,659.711,320.000,0.000,0.000,0.000,0.000
-355.500,10.367,659.368,320.000,0.000,0.000,0.000,0.000
-355.250,10.344,659.006,320.000,0.000,0.000,0.000,0.000
-355.000,10.319,658.626,320.000,0.000,0.000,0.000,0.000
-354.750,10.293,658.227,320.000,0.000,0.000,0.000,0.000
-354.500,10.267,657.810,320.000,0.000,0.000,0.000,0.000
-354.250,10.239,657.375,320.000,0.000,0.000,0.000,0.000
-354.000,10.210,656.922,320.000,0.000,0.000,0.000,0.000
-353.750,10.181,656.451,320.000,0.000,0.000,0.000,0.000
-353.500,10.150,655.962,320.000,0.000,0.000,0.000,0.000
-353.250,10.118,655.455,320.000,0.000,0.000,0.000,0.000
-353.000,10.086,654.932,320.000,0.000,0.000,0.000,0.000
-352.750,10.052,654.390,320.000,0.000,0.000,0.000,0.000
-352.500,10.018,653.832,320.000,0.000,0.000,0.000,0.000
-352.250,9.982,653.258,320.000,0.000,0.000,0.000,0.000
-352.000,9.946,652.666,320.000,0.000,0.000,0.000,0.000
-351.750,9.909,652.058,320.000,0.000,0.000,0.000,0.000
-351.500,9.871,651.434,320.000,0.000,0.000,0.000,0.000
-351.250,9.832,650.794,320.000,0.000,0.000,0.000,0.000
-351.000,9.793,650.138,320.000,0.000,0.000,0.000,0.000
-350.750,9.753,649.467,320.000,0.000,0.000,0.000,0.000
-350.500,9.711,648.780,320.000,0.000,0.000,0.000,0.000
-350.250,9.670,648.078,320.000,0.000,0.000,0.000,0.000
-350.000,9.627,647.361,320.000,0.000,0.000,0.000,0.000
-349.750,9.584,646.630,320.000,0.000,0.000,0.000,0.000
-349.500,9.540,645.884,320.000,0.000,0.000,0.000,0.000
-349.250,9.495,645.123,320.000,0.000,0.000,0.000,0.000
-349.000,9.450,644.349,320.000,0.000,0.000,0.000,0.000
-348.750,9.404,643.561,320.000,0.000,0.000,0.000,0.000
-348.500,9.358,642.760,320.000,0.000,0.000,0.000,0.000
-348.250,9.311,641.945,320.000,0.000,0.000,0.000,0.000
-348.000,9.264,641.117,320.000,0.000,0.000,0.000,0.000
-347.750,9.216,640.277,320.000,0.000,0.000,0.000,0.000
-347.500,9.167,639.424,320.000,0.000,0.000,0.000,0.000
-347.250,9.118,638.558,320.000,0.000,0.000,0.000,0.000
-347.000,9.069,637.681,320.000,0.000,0.000,0.000,0.000
-346.750,9.019,636.792,320.000,0.000,0.000,0.000,0.000
-346.500,8.968,635.891,320.000,0.000,0.000,0.000,0.000
-346.250,8.918,634.979,320.000,0.000,0.000,0.000,0.000
-346.000,8.867,634.056,320.000,0.000,0.000,0.000,0.000
-345.750,8.815,633.122,320.000,0.000,0.000,0.000,0.000
-345.500,8.763,632.178,320.000,0.000,0.000,0.000,0.000
-345.250,8.711,631.223,320.000,0.000,0.000,0.000,0.000
-345.000,8.659,630.258,320.000,0.000,0.000,0.000,0.000
-344.750,8.606,629.284,320.000,0.000,0.000,0.000,0.000
-344.500,8.553,628.300,320.000,0.000,0.000,0.000,0.000
-344.250,8.500,627.306,320.000,0.000,0.000,0.000,0.000
-344.000,8.447,626.304,320.000,0.000,0.000,0.000,0.000
-343.750,8.393,625.292,320.000,0.000,0.000,0.000,0.000
-343.500,8.339,624.272,320.000,0.000,0.000,0.000,0.000
-343.250,8.285,623.244,320.000,0.000,0.000,0.000,0.000
-343.000,8.231,622.208,320.000,0.000,0.000,0.000,0.000
-342.750,8.177,621.163,320.000,0.000,0.000,0.000,0.000
-342.500,8.123,620.112,320.000,0.000,0.000,0.000,0.000
-342.250,8.068,619.052,320.000,0.000,0.000,0.000,0.000
-342.000,8.014,617.986,320.000,0.000,0.000,0.000,0.000
-341.750,7.959,616.913,320.000,0.000,0.000,0.000,0.000
-341.500,7.905,615.833,320.000,0.000,0.000,0.000,0.000
-341.250,7.850,614.746,320.000,0.000,0.000,0.000,0.000
-341.000,7.795,613.654,320.000,0.000,0.000,0.000,0.000
-340.750,7.741,612.555,320.000,0.000,0.000,0.000,0.000
-340.500,7.686,611.451,320.000,0.000,0.000,0.000,0.000
-340.250,7.631,610.340,320.000,0.000,0.000,0.000,0.000
-340.000,7.577,609.225,320.000,0.000,0.000,0.000,0.000
-339.750,7.522,608.105,320.000,0.000,0.000,0.000,0.000
-339.500,7.468,606.979,320.000,0.000,0.000,0.000,0.000
-339.250,7.414,605.849,320.000,0.000,0.000,0.000,0.000
-339.000,7.359,604.714,320.000,0.000,0.000,0.000,0.000
-338.750,7.305,603.575,320.000,0.000,0.000,0.000,0.000
-338.500,7.251,602.432,320.000,0.000,0.000,0.000,0.000
-338.250,7.197,601.285,320.000,0.000,0.000,0.000,0.000
-338.000,7.143,600.135,320.000,0.000,0.000,0.000,0.000
-337.750,7.089,598.981,320.000,0.000,0.000,0.000,0.000
-337.500,7.036,597.823,320.000,0.000,0.000,0.000,0.000
-337.250,6.983,596.662,320.000,0.000,0.000,0.000,0.000
-337.000,6.929,595.499,320.000,0.000,0.000,0.000,0.000
-336.750,6.876,594.333,320.000,0.000,0.000,0.000,0.000
-336.500,6.824,593.164,320.000,0.000,0.000,0.000,0.000
-336.250,6.771,591.992,320.000,0.000,0.000,0.000,0.000
-336.000,6.719,590.819,320.000,0.000,0.000,0.000,0.000
-335.750,6.666,589.643,320.000,0.000,0.000,0.000,0.000
-335.500,6.615,588.466,320.000,0.000,0.000,0.000,0.000
-335.250,6.563,587.287,320.000,0.000,0.000,0.000,0.000
-335.000,6.511,586.106,320.000,0.000,0.000,0.000,0.000
-334.750,6.460,584.924,320.000,0.000,0.000,0.000,0.000
-334.500,6.409,583.740,320.000,0.000,0.000,0.000,0.000
-334.250,6.358,582.556,320.000,0.000,0.000,0.000,0.000
-334.000,6.308,581.371,320.000,0.000,0.000,0.000,0.000
-333.750,6.258,580.184,320.000,0.000,0.000,0.000,0.000
-333.500,6.208,578.998,320.000,0.000,0.000,0.000,0.000
-333.250,6.158,577.810,320.000,0.000,0.000,0.000,0.000
-333.000,6.109,576.623,320.000,0.000,0.000,0.000,0.000
-332.750,6.060,575.435,320.000,0.000,0.000,0.000,0.000
-332.500,6.011,574.247,320.000,0.000,0.000,0.000,0.000
-332.250,5.963,573.059,320.000,0.000,0.000,0.000,0.000
-332.000,5.915,571.871,320.000,0.000,0.000,0.000,0.000
-331.750,5.867,570.683,320.000,0.000,0.000,0.000,0.000
-331.500,5.819,569.496,320.000,0.000,0.000,0.000,0.000
-331.250,5.772,568.310,320.000,0.000,0.000,0.000,0.000
-331.000,5.725,567.124,320.000,0.000,0.000,0.000,0.000
-330.750,5.678,565.939,320.000,0.000,0.000,0.000,0.000
-330.500,5.632,564.755,320.000,0.000,0.000,0.000,0.000
-330.250,5.586,563.571,320.000,0.000,0.000,0.000,0.000
-330.000,5.541,562.389,320.000,0.000,0.000,0.000,0.000
-329.750,5.495,561.208,320.000,0.000,0.000,0.000,0.000
-329.500,5.450,560.029,320.000,0.000,0.000,0.000,0.000
-329.250,5.406,558.851,320.000,0.000,0.000,0.000,0.000
-329.000,5.361,557.674,320.000,0.000,0.000,0.000,0.000
-328.750,5.317,556.499,320.000,0.000,0.000,0.000,0.000
-328.500,5.274,555.326,320.000,0.000,0.000,0.000,0.000
-328.250,5.231,554.154,320.000,0.000,0.000,0.000,0.000
-328.000,5.188,552.984,320.000,0.000,0.000,0.000,0.000
-327.750,5.145,551.817,320.000,0.000,0.000,0.000,0.000
-327.500,5.103,550.651,320.000,0.000,0.000,0.000,0.000
-327.250,5.061,549.488,320.000,0.000,0.000,0.000,0.000
-327.000,5.019,548.326,320.000,0.000,0.000,0.000,0.000
-326.750,4.978,547.167,320.000,0.000,0.000,0.000,0.000
-326.500,4.937,546.011,320.000,0.000,0.000,0.000,0.000
-326.250,4.896,544.856,320.000,0.000,0.000,0.000,0.000
-326.000,4.856,543.705,320.000,0.000,0.000,0.000,0.000
-325.750,4.816,542.555,320.000,0.000,0.000,0.000,0.000
-325.500,4.777,541.409,320.000,0.000,0.000,0.000,0.000
-325.250,4.737,540.265,320.000,0.000,0.000,0.000,0.000
-325.000,4.699,539.124,320.000,0.000,0.000,0.000,0.000
-324.750,4.660,537.986,320.000,0.000,0.000,0.000,0.000
-324.500,4.622,536.850,320.000,0.000,0.000,0.000,0.000
-324.250,4.584,535.718,320.000,0.000,0.000,0.000,0.000
-324.000,4.546,534.589,320.000,0.000,0.000,0.000,0.000
-323.750,4.509,533.462,320.000,0.000,0.000,0.000,0.000
-323.500,4.472,532.339,320.000,0.000,0.000,0.000,0.000
-323.250,4.436,531.219,320.000,0.000,0.000,0.000,0.000
-323.000,4.399,530.102,320.000,0.000,0.000,0.000,0.000
-322.750,4.364,528.989,320.000,0.000,0.000,0.000,0.000
-322.500,4.328,527.878,320.000,0.000,0.000,0.000,0.000
-322.250,4.293,526.772,320.000,0.000,0.000,0.000,0.000
-322.000,4.258,525.668,320.000,0.000,0.000,0.000,0.000
-321.750,4.223,524.568,320.000,0.000,0.000,0.000,0.000
-321.500,4.189,523.471,320.000,0.000,0.000,0.000,0.000
-321.250,4.155,522.378,320.000,0.000,0.000,0.000,0.000
-321.000,4.121,521.288,320.000,0.000,0.000,0.000,0.000
-320.750,4.088,520.202,320.000,0.000,0.000,0.000,0.000
-320.500,4.055,519.120,320.000,0.000,0.000,0.000,0.000
-320.250,4.022,518.041,320.000,0.000,0.000,0.000,0.000
-320.000,3.990,516.966,320.000,0.000,0.000,0.000,0.000
-319.750,3.958,515.895,320.000,0.000,0.000,0.000,0.000
-319.500,3.926,514.827,320.000,0.000,0.000,0.000,0.000
-319.250,3.894,513.763,320.000,0.000,0.000,0.000,0.000
-319.000,3.863,512.703,320.000,0.000,0.000,0.000,0.000
-318.750,3.832,511.647,320.000,0.000,0.000,0.000,0.000
-318.500,3.802,510.594,320.000,0.000,0.000,0.000,0.000
-318.250,3.771,509.546,320.000,0.000,0.000,0.000,0.000
-318.000,3.741,508.501,320.000,0.000,0.000,0.000,0.000
-317.750,3.712,507.460,320.000,0.000,0.000,0.000,0.000
-317.500,3.682,506.423,320.000,0.000,0.000,0.000,0.000
-317.250,3.653,505.390,320.000,0.000,0.000,0.000,0.000
-317.000,3.624,504.361,320.000,0.000,0.000,0.000,0.000
-316.750,3.595,503.336,320.000,0.000,0.000,0.000,0.000
-316.500,3.567,502.315,320.000,0.000,0.000,0.000,0.000
-316.250,3.539,501.298,320.000,0.000,0.000,0.000,0.000
-316.000,3.511,500.285,320.000,0.000,0.000,0.000,0.000
-315.750,3.484,499.276,320.000,0.000,0.000,0.000,0.000
-315.500,3.457,498.271,320.000,0.000,0.000,0.000,0.000
-315.250,3.430,497.270,320.000,0.000,0.000,0.000,0.000
-315.000,3.403,496.273,320.000,0.000,0.000,0.000,0.000
-314.750,3.377,495.280,320.000,0.000,0.000,0.000,0.000
-314.500,3.351,494.292,320.000,0.000,0.000,0.000,0.000
-314.250,3.325,493.307,320.000,0.000,0.000,0.000,0.000
-314.000,3.299,492.327,320.000,0.000,0.000,0.000,0.000
-313.750,3.274,491.350,320.000,0.000,0.000,0.000,0.000
-313.500,3.248,490.378,320.000,0.000,0.000,0.000,0.000
-313.250,3.224,489.410,320.000,0.000,0.000,0.000,0.000
-313.000,3.199,488.446,320.000,0.000,0.000,0.000,0.000
-312.750,3.175,487.486,320.000,0.000,0.000,0.000,0.000
-312.500,3.150,486.530,320.000,0.000,0.000,0.000,0.000
-312.250,3.127,485.578,320.000,0.000,0.000,0.000,0.000
-312.000,3.103,484.631,320.000,0.000,0.000,0.000,0.000
-311.750,3.079,483.687,320.000,0.000,0.000,0.000,0.000
-311.500,3.056,482.748,320.000,0.000,0.000,0.000,0.000
-311.250,3.033,481.813,320.000,0.000,0.000,0.000,0.000
-311.000,3.011,480.882,320.000,0.000,0.000,0.000,0.000
-310.750,2.988,479.955,320.000,0.000,0.000,0.000,0.000
-310.500,2.966,479.033,320.000,0.000,0.000,0.000,0.000
-310.250,2.944,478.114,320.000,0.000,0.000,0.000,0.000
-310.000,2.922,477.199,320.000,0.000,0.000,0.000,0.000
-309.750,2.900,476.289,320.000,0.000,0.000,0.000,0.000
-309.500,2.879,475.383,320.000,0.000,0.000,0.000,0.000
-309.250,2.858,474.481,320.000,0.000,0.000,0.000,0.000
-309.000,2.837,473.583,320.000,0.000,0.000,0.000,0.000
-308.750,2.816,472.689,320.000,0.000,0.000,0.000,0.000
-308.500,2.795,471.799,320.000,0.000,0.000,0.000,0.000
-308.250,2.775,470.914,320.000,0.000,0.000,0.000,0.000
-308.000,2.755,470.032,320.000,0.000,0.000,0.000,0.000
-307.750,2.735,469.154,320.000,0.000,0.000,0.000,0.000
-307.500,2.715,468.281,320.000,0.000,0.000,0.000,0.000
-307.250,2.696,467.412,320.000,0.000,0.000,0.000,0.000
-307.000,2.676,466.547,320.000,0.000,0.000,0.000,0.000
-306.750,2.657,465.685,320.000,0.000,0.000,0.000,0.000
-306.500,2.638,464.828,320.000,0.000,0.000,0.000,0.000
-306.250,2.620,463.975,320.000,0.000,0.000,0.000,0.000
-306.000,2.601,463.126,320.000,0.000,0.000,0.000,0.000
-305.750,2.583,462.281,320.000,0.000,0.000,0.000,0.000
-305.500,2.564,461.440,320.000,0.000,0.000,0.000,0.000
-305.250,2.546,460.603,320.000,0.000,0.000,0.000,0.000
-305.000,2.528,459.770,320.000,0.000,0.000,0.000,0.000
-304.750,2.511,458.941,320.000,0.000,0.000,0.000,0.000
-304.500,2.493,458.116,320.000,0.000,0.000,0.000,0.000
-304.250,2.476,457.295,320.000,0.000,0.000,0.000,0.000
-304.000,2.459,456.478,320.000,0.000,0.000,0.000,0.000
-303.750,2.442,455.665,320.000,0.000,0.000,0.000,0.000
-303.500,2.425,454.856,320.000,0.000,0.000,0.000,0.000
-303.250,2.408,454.051,320.000,0.000,0.000,0.000,0.000
-303.000,2.392,453.249,320.000,0.000,0.000,0.000,0.000
-302.750,2.376,452.452,320.000,0.000,0.000,0.000,0.000
-302.500,2.360,451.658,320.000,0.000,0.000,0.000,0.000
-302.250,2.344,450.869,320.000,0.000,0.000,0.000,0.000
-302.000,2.328,450.083,320.000,0.000,0.000,0.000,0.000
-301.750,2.312,449.301,320.000,0.000,0.000,0.000,0.000
-301.500,2.297,448.523,320.000,0.000,0.000,0.000,0.000
-301.250,2.281,447.749,320.000,0.000,0.000,0.000,0.000
-301.000,2.266,446.978,320.000,0.000,0.000,0.000,0.000
-300.750,2.251,446.212,320.000,0.000,0.000,0.000,0.000
-300.500,2.236,445.449,320.000,0.000,0.000,0.000,0.000
-300.250,2.221,444.690,320.000,0.000,0.000,0.000,0.000
-300.000,2.207,443.935,320.000,0.000,0.000,0.000,0.000
-299.750,2.192,443.184,320.000,0.000,0.000,0.000,0.000
-299.500,2.178,442.436,320.000,0.000,0.000,0.000,0.000
-299.250,2.164,441.692,320.000,0.000,0.000,0.000,0.000
-299.000,2.150,440.952,320.000,0.000,0.000,0.000,0.000
-298.750,2.136,440.215,320.000,0.000,0.000,0.000,0.000
-298.500,2.122,439.482,320.000,0.000,0.000,0.000,0.000
-298.250,2.108,438.753,320.000,0.000,0.000,0.000,0.000
-298.000,2.095,438.028,320.000,0.000,0.000,0.000,0.000
-297.750,2.081,437.306,320.000,0.000,0.000,0.000,0.000
-297.500,2.068,436.588,320.000,0.000,0.000,0.000,0.000
-297.250,2.055,435.873,320.000,0.000,0.000,0.000,0.000
-297.000,2.042,435.162,320.000,0.000,0.000,0.000,0.000
-296.750,2.029,434.455,320.000,0.000,0.000,0.000,0.000
-296.500,2.017,433.751,320.000,0.000,0.000,0.000,0.000
-296.250,2.004,433.051,320.000,0.000,0.000,0.000,0.000
-296.000,1.991,432.354,320.000,0.000,0.000,0.000,0.000
-295.750,1.979,431.661,320.000,0.000,0.000,0.000,0.000
-295.500,1.967,430.972,320.000,0.000,0.000,0.000,0.000
-295.250,1.955,430.286,320.000,0.000,0.000,0.000,0.000
-295.000,1.943,429.603,320.000,0.000,0.000,0.000,0.000
-294.750,1.931,428.924,320.000,0.000,0.000,0.000,0.000
-294.500,1.919,428.249,320.000,0.000,0.000,0.000,0.000
-294.250,1.907,427.577,320.000,0.000,0.000,0.000,0.000
-294.000,1.896,426.908,320.000,0.000,0.000,0.000,0.000
-293.750,1.884,426.243,320.000,0.000,0.000,0.000,0.000
-293.500,1.873,425.581,320.000,0.000,0.000,0.000,0.000
-293.250,1.862,424.923,320.000,0.000,0.000,0.000,0.000
-293.000,1.851,424.268,320.000,0.000,0.000,0.000,0.000
-292.750,1.840,423.616,320.000,0.000,0.000,0.000,0.000
-292.500,1.829,422.968,320.000,0.000,0.000,0.000,0.000
-292.250,1.818,422.323,320.000,0.000,0.000,0.000,0.000
-292.000,1.807,421.681,320.000,0.000,0.000,0.000,0.000
-291.750,1.797,421.043,320.000,0.000,0.000,0.000,0.000
-291.500,1.786,420.408,320.000,0.000,0.000,0.000,0.000
-291.250,1.776,419.776,320.000,0.000,0.000,0.000,0.000
-291.000,1.766,419.148,320.000,0.000,0.000,0.000,0.000
-290.750,1.755,418.522,320.000,0.000,0.000,0.000,0.000
-290.500,1.745,417.900,320.000,0.000,0.000,0.000,0.000
-290.250,1.735,417.282,320.000,0.000,0.000,0.000,0.000
-290.000,1.725,416.666,320.000,0.000,0.000,0.000,0.000
-289.750,1.716,416.054,320.000,0.000,0.000,0.000,0.000
-289.500,1.706,415.445,320.000,0.000,0.000,0.000,0.000
-289.250,1.696,414.839,320.000,0.000,0.000,0.000,0.000
-289.000,1.687,414.236,320.000,0.000,0.000,0.000,0.000
-288.750,1.677,413.636,320.000,0.000,0.000,0.000,0.000
-288.500,1.668,413.040,320.000,0.000,0.000,0.000,0.000
-288.250,1.659,412.446,320.000,0.000,0.000,0.000,0.000
-288.000,1.649,411.856,320.000,0.000,0.000,0.000,0.000
-287.750,1.640,411.269,320.000,0.000,0.000,0.000,0.000
-287.500,1.631,410.685,320.000,0.000,0.000,0.000,0.000
-287.250,1.622,410.104,320.000,0.000,0.000,0.000,0.000
-287.000,1.614,409.525,320.000,0.000,0.000,0.000,0.000
-286.750,1.605,408.950,320.000,0.000,0.000,0.000,0.000
-286.500,1.596,408.378,320.000,0.000,0.000,0.000,0.000
-286.250,1.587,407.809,320.000,0.000,0.000,0.000,0.000
-286.000,1.579,407.243,320.000,0.000,0.000,0.000,0.000
-285.750,1.571,406.680,320.000,0.000,0.000,0.000,0.000
-285.500,1.562,406.120,320.000,0.000,0.000,0.000,0.000
-285.250,1.554,405.563,320.000,0.000,0.000,0.000,0.000
-285.000,1.546,405.009,320.000,0.000,0.000,0.000,0.000
-284.750,1.537,404.458,320.000,0.000,0.000,0.000,0.000
-284.500,1.529,403.909,320.000,0.000,0.000,0.000,0.000
-284.250,1.521,403.364,320.000,0.000,0.000,0.000,0.000
-284.000,1.514,402.821,320.000,0.000,0.000,0.000,0.000
-283.750,1.506,402.281,320.000,0.000,0.000,0.000,0.000
-283.500,1.498,401.744,320.000,0.000,0.000,0.000,0.000
-283.250,1.490,401.210,320.000,0.000,0.000,0.000,0.000
-283.000,1.483,400.679,320.000,0.000,0.000,0.000,0.000
-282.750,1.475,400.150,320.000,0.000,0.000,0.000,0.000
-282.500,1.468,399.625,320.000,0.000,0.000,0.000,0.000
-282.250,1.460,399.102,320.000,0.000,0.000,0.000,0.000
-282.000,1.453,398.582,320.000,0.000,0.000,0.000,0.000
-281.750,1.445,398.064,320.000,0.000,0.000,0.000,0.000
-281.500,1.438,397.550,320.000,0.000,0.000,0.000,0.000
-281.250,1.431,397.038,320.000,0.000,0.000,0.000,0.000
-281.000,1.424,396.529,320.000,0.000,0.000,0.000,0.000
-280.750,1.417,396.022,320.000,0.000,0.000,0.000,0.000
-280.500,1.410,395.518,320.000,0.000,0.000,0.000,0.000
-280.250,1.403,395.017,320.000,0.000,0.000,0.000,0.000
-280.000,1.396,394.519,320.000,0.000,0.000,0.000,0.000
-279.750,1.389,394.023,320.000,0.000,0.000,0.000,0.000
-279.500,1.383,393.530,320.000,0.000,0.000,0.000,0.000
-279.250,1.376,393.039,320.000,0.000,0.000,0.000,0.000
-279.000,1.369,392.551,320.000,0.000,0.000,0.000,0.000
-278.750,1.363,392.066,320.000,0.000,0.000,0.000,0.000
-278.500,1.356,391.583,320.000,0.000,0.000,0.000,0.000
-278.250,1.350,391.103,320.000,0.000,0.000,0.000,0.000
-278.000,1.344,390.626,320.000,0.000,0.000,0.000,0.000
-277.750,1.337,390.151,320.000,0.000,0.000,0.000,0.000
-277.500,1.331,389.678,320.000,0.000,0.000,0.000,0.000
-277.250,1.325,389.208,320.000,0.000,0.000,0.000,0.000
-277.000,1.319,388.741,320.000,0.000,0.000,0.000,0.000
-276.750,1.313,388.276,320.000,0.000,0.000,0.000,0.000
-276.500,1.306,387.813,320.000,0.000,0.000,0.000,0.000
-276.250,1.301,387.353,320.000,0.000,0.000,0.000,0.000
-276.000,1.295,386.896,320.000,0.000,0.000,0.000,0.000
-275.750,1.289,386.441,320.000,0.000,0.000,0.000,0.000
-275.500,1.283,385.988,320.000,0.000,0.000,0.000,0.000
-275.250,1.277,385.538,320.000,0.000,0.000,0.000,0.000
-275.000,1.271,385.090,320.000,0.000,0.000,0.000,0.000
-274.750,1.266,384.644,320.000,0.000,0.000,0.000,0.000
-274.500,1.260,384.201,320.000,0.000,0.000,0.000,0.000
-274.250,1.254,383.761,320.000,0.000,0.000,0.000,0.000
-274.000,1.249,383.323,320.000,0.000,0.000,0.000,0.000
-273.750,1.243,382.887,320.000,0.000,0.000,0.000,0.000
-273.500,1.238,382.453,320.000,0.000,0.000,0.000,0.000
-273.250,1.233,382.022,320.000,0.000,0.000,0.000,0.000
-273.000,1.227,381.593,320.000,0.000,0.000,0.000,0.000
-272.750,1.222,381.166,320.000,0.000,0.000,0.000,0.000
-272.500,1.217,380.742,320.000,0.000,0.000,0.000,0.000
-272.250,1.211,380.320,320.000,0.000,0.000,0.000,0.000
-272.000,1.206,379.900,320.000,0.000,0.000,0.000,0.000
-271.750,1.201,379.483,320.000,0.000,0.000,0.000,0.000
-271.500,1.196,379.068,320.000,0.000,0.000,0.000,0.000
-271.250,1.191,378.655,320.000,0.000,0.000,0.000,0.000
-271.000,1.186,378.244,320.000,0.000,0.000,0.000,0.000
-270.750,1.181,377.835,320.000,0.000,0.000,0.000,0.000
-270.500,1.176,377.429,320.000,0.000,0.000,0.000,0.000
-270.250,1.171,377.025,320.000,0.000,0.000,0.000,0.000
-270.000,1.167,376.623,320.000,0.000,0.000,0.000,0.000
-269.750,1.162,376.223,320.000,0.000,0.000,0.000,0.000
-269.500,1.157,375.826,320.000,0.000,0.000,0.000,0.000
-269.250,1.152,375.431,320.000,0.000,0.000,0.000,0.000
-269.000,1.148,375.037,320.000,0.000,0.000,0.000,0.000
-268.750,1.143,374.646,320.000,0.000,0.000,0.000,0.000
-268.500,1.138,374.257,320.000,0.000,0.000,0.000,0.000
-268.250,1.134,373.870,320.000,0.000,0.000,0.000,0.000
-268.000,1.129,373.486,320.000,0.000,0.000,0.000,0.000
-267.750,1.125,373.103,320.000,0.000,0.000,0.000,0.000
-267.500,1.120,372.722,320.000,0.000,0.000,0.000,0.000
-267.250,1.116,372.344,320.000,0.000,0.000,0.000,0.000
-267.000,1.112,371.967,320.000,0.000,0.000,0.000,0.000
-266.750,1.107,371.593,320.000,0.000,0.000,0.000,0.000
-266.500,1.103,371.221,320.000,0.000,0.000,0.000,0.000
-266.250,1.099,370.850,320.000,0.000,0.000,0.000,0.000
-266.000,1.095,370.482,320.000,0.000,0.000,0.000,0.000
-265.750,1.090,370.116,320.000,0.000,0.000,0.000,0.000
-265.500,1.086,369.752,320.000,0.000,0.000,0.000,0.000
-265.250,1.082,369.389,320.000,0.000,0.000,0.000,0.000
-265.000,1.078,369.029,320.000,0.000,0.000,0.000,0.000
-264.750,1.074,368.671,320.000,0.000,0.000,0.000,0.000
-264.500,1.070,368.314,320.000,0.000,0.000,0.000,0.000
-264.250,1.066,367.960,320.000,0.000,0.000,0.000,0.000
-264.000,1.062,367.608,320.000,0.000,0.000,0.000,0.000
-263.750,1.058,367.257,320.000,0.000,0.000,0.000,0.000
-263.500,1.054,366.909,320.000,0.000,0.000,0.000,0.000
-263.250,1.051,366.562,320.000,0.000,0.000,0.000,0.000
-263.000,1.047,366.217,320.000,0.000,0.000,0.000,0.000
-262.750,1.043,365.874,320.000,0.000,0.000,0.000,0.000
-262.500,1.039,365.533,320.000,0.000,0.000,0.000,0.000
-262.250,1.035,365.194,320.000,0.000,0.000,0.000,0.000
-262.000,1.032,364.857,320.000,0.000,0.000,0.000,0.000
-261.750,1.028,364.522,320.000,0.000,0.000,0.000,0.000
-261.500,1.024,364.188,320.000,0.000,0.000,0.000,0.000
-261.250,1.021,363.857,320.000,0.000,0.000,0.000,0.000
-261.000,1.017,363.527,320.000,0.000,0.000,0.000,0.000
-260.750,1.014,363.199,320.000,0.000,0.000,0.000,0.000
-260.500,1.010,362.873,320.000,0.000,0.000,0.000,0.000
-260.250,1.007,362.548,320.000,0.000,0.000,0.000,0.000
-260.000,1.003,362.226,320.000,0.000,0.000,0.000,0.000
-259.750,1.000,361.905,320.000,0.000,0.000,0.000,0.000
-259.500,0.996,361.586,320.000,0.000,0.000,0.000,0.000
-259.250,0.993,361.269,320.000,0.000,0.000,0.000,0.000
-259.000,0.990,360.954,320.000,0.000,0.000,0.000,0.000
-258.750,0.986,360.640,320.000,0.000,0.000,0.000,0.000
-258.500,0.983,360.328,320.000,0.000,0.000,0.000,0.000
-258.250,0.980,360.018,320.000,0.000,0.000,0.000,0.000
-258.000,0.977,359.710,320.000,0.000,0.000,0.000,0.000
-257.750,0.973,359.403,320.000,0.000,0.000,0.000,0.000
-257.500,0.970,359.098,320.000,0.000,0.000,0.000,0.000
-257.250,0.967,358.795,320.000,0.000,0.000,0.000,0.000
-257.000,0.964,358.493,320.000,0.000,0.000,0.000,0.000
-256.750,0.961,358.193,320.000,0.000,0.000,0.000,0.000
-256.500,0.958,357.895,320.000,0.000,0.000,0.000,0.000
-256.250,0.955,357.598,320.000,0.000,0.000,0.000,0.000
-256.000,0.952,357.304,320.000,0.000,0.000,0.000,0.000
-255.750,0.949,357.010,320.000,0.000,0.000,0.000,0.000
-255.500,0.946,356.719,320.000,0.000,0.000,0.000,0.000
-255.250,0.943,356.429,320.000,0.000,0.000,0.000,0.000
-255.000,0.940,356.141,320.000,0.000,0.000,0.000,0.000
-254.750,0.937,355.854,320.000,0.000,0.000,0.000,0.000
-254.500,0.934,355.569,320.000,0.000,0.000,0.000,0.000
-254.250,0.931,355.286,320.000,0.000,0.000,0.000,0.000
-254.000,0.928,355.004,320.000,0.000,0.000,0.000,0.000
-253.750,0.925,354.724,320.000,0.000,0.000,0.000,0.000
-253.500,0.923,354.445,320.000,0.000,0.000,0.000,0.000
-253.250,0.920,354.168,320.000,0.000,0.000,0.000,0.000
-253.000,0.917,353.893,320.000,0.000,0.000,0.000,0.000
-252.750,0.914,353.619,320.000,0.000,0.000,0.000,0.000
-252.500,0.912,353.346,320.000,0.000,0.000,0.000,0.000
-252.250,0.909,353.076,320.000,0.000,0.000,0.000,0.000
-252.000,0.906,352.806,320.000,0.000,0.000,0.000,0.000
-251.750,0.904,352.539,320.000,0.000,0.000,0.000,0.000
-251.500,0.901,352.273,320.000,0.000,0.000,0.000,0.000
-251.250,0.898,352.008,320.000,0.000,0.000,0.000,0.000
-251.000,0.896,351.745,320.000,0.000,0.000,0.000,0.000
-250.750,0.893,351.483,320.000,0.000,0.000,0.000,0.000
-250.500,0.891,351.223,320.000,0.000,0.000,0.000,0.000
-250.250,0.888,350.965,320.000,0.000,0.000,0.000,0.000
-250.000,0.886,350.707,320.000,0.000,0.000,0.000,0.000
-249.750,0.883,350.452,320.000,0.000,0.000,0.000,0.000
-249.500,0.881,350.198,320.000,0.000,0.000,0.000,0.000
-249.250,0.878,349.945,320.000,0.000,0.000,0.000,0.000
-249.000,0.876,349.694,320.000,0.000,0.000,0.000,0.000
-248.750,0.873,349.444,320.000,0.000,0.000,0.000,0.000
-248.500,0.871,349.196,320.000,0.000,0.000,0.000,0.000
-248.250,0.869,348.949,320.000,0.000,0.000,0.000,0.000
-248.000,0.866,348.703,320.000,0.000,0.000,0.000,0.000
-247.750,0.864,348.459,320.000,0.000,0.000,0.000,0.000
-247.500,0.862,348.217,320.000,0.000,0.000,0.000,0.000
-247.250,0.859,347.976,320.000,0.000,0.000,0.000,0.000
-247.000,0.857,347.736,320.000,0.000,0.000,0.000,0.000
-246.750,0.855,347.498,320.000,0.000,0.000,0.000,0.000
-246.500,0.853,347.261,320.000,0.000,0.000,0.000,0.000
-246.250,0.850,347.025,320.000,0.000,0.000,0.000,0.000
-246.000,0.848,346.791,320.000,0.000,0.000,0.000,0.000
-245.750,0.846,346.558,320.000,0.000,0.000,0.000,0.000
-245.500,0.844,346.327,320.000,0.000,0.000,0.000,0.000
-245.250,0.842,346.096,320.000,0.000,0.000,0.000,0.000
-245.000,0.839,345.868,320.000,0.000,0.000,0.000,0.000
-244.750,0.837,345.640,320.000,0.000,0.000,0.000,0.000
-244.500,0.835,345.414,320.000,0.000,0.000,0.000,0.000
-244.250,0.833,345.190,320.000,0.000,0.000,0.000,0.000
-244.000,0.831,344.966,320.000,0.000,0.000,0.000,0.000
-243.750,0.829,344.744,320.000,0.000,0.000,0.000,0.000
-243.500,0.827,344.524,320.000,0.000,0.000,0.000,0.000
-243.250,0.825,344.304,320.000,0.000,0.000,0.000,0.000
-243.000,0.823,344.086,320.000,0.000,0.000,0.000,0.000
-242.750,0.821,343.869,320.000,0.000,0.000,0.000,0.000
-242.500,0.819,343.654,320.000,0.000,0.000,0.000,0.000
-242.250,0.817,343.440,320.000,0.000,0.000,0.000,0.000
-242.000,0.815,343.227,320.000,0.000,0.000,0.000,0.000
-241.750,0.813,343.015,320.000,0.000,0.000,0.000,0.000
-241.500,0.811,342.805,320.000,0.000,0.000,0.000,0.000
-241.250,0.809,342.596,320.000,0.000,0.000,0.000,0.000
-241.000,0.807,342.388,320.000,0.000,0.000,0.000,0.000
-240.750,0.806,342.181,320.000,0.000,0.000,0.000,0.000
-240.500,0.804,341.976,320.000,0.000,0.000,0.000,0.000
-240.250,0.802,341.772,320.000,0.000,0.000,0.000,0.000
-240.000,0.800,341.569,320.000,0.000,0.000,0.000,0.000
-239.750,0.798,341.368,320.000,0.000,0.000,0.000,0.000
-239.500,0.796,341.167,320.000,0.000,0.000,0.000,0.000
-239.250,0.795,340.968,320.000,0.000,0.000,0.000,0.000
-239.000,0.793,340.770,320.000,0.000,0.000,0.000,0.000
-238.750,0.791,340.574,320.000,0.000,0.000,0.000,0.000
-238.500,0.789,340.378,320.000,0.000,0.000,0.000,0.000
-238.250,0.788,340.184,320.000,0.000,0.000,0.000,0.000
-238.000,0.786,339.991,320.000,0.000,0.000,0.000,0.000
-237.750,0.784,339.799,320.000,0.000,0.000,0.000,0.000
-237.500,0.782,339.608,320.000,0.000,0.000,0.000,0.000
-237.250,0.781,339.419,320.000,0.000,0.000,0.000,0.000
-237.000,0.779,339.231,320.000,0.000,0.000,0.000,0.000
-236.750,0.777,339.044,320.000,0.000,0.000,0.000,0.000
-236.500,0.776,338.858,320.000,0.000,0.000,0.000,0.000
-236.250,0.774,338.673,320.000,0.000,0.000,0.000,0.000
-236.000,0.773,338.489,320.000,0.000,0.000,0.000,0.000
-235.750,0.771,338.307,320.000,0.000,0.000,0.000,0.000
-235.500,0.769,338.125,320.000,0.000,0.000,0.000,0.000
-235.250,0.768,337.945,320.000,0.000,0.000,0.000,0.000
-235.000,0.766,337.766,320.000,0.000,0.000,0.000,0.000
-234.750,0.765,337.588,320.000,0.000,0.000,0.000,0.000
-234.500,0.763,337.411,320.000,0.000,0.000,0.000,0.000
-234.250,0.762,337.236,320.000,0.000,0.000,0.000,0.000
-234.000,0.760,337.061,320.000,0.000,0.000,0.000,0.000
-233.750,0.759,336.888,320.000,0.000,0.000,0.000,0.000
-233.500,0.757,336.715,320.000,0.000,0.000,0.000,0.000
-233.250,0.756,336.544,320.000,0.000,0.000,0.000,0.000
-233.000,0.754,336.374,320.000,0.000,0.000,0.000,0.000
-232.750,0.753,336.205,320.000,0.000,0.000,0.000,0.000
-232.500,0.751,336.037,320.000,0.000,0.000,0.000,0.000
-232.250,0.750,335.870,320.000,0.000,0.000,0.000,0.000
-232.000,0.748,335.704,320.000,0.000,0.000,0.000,0.000
-231.750,0.747,335.540,320.000,0.000,0.000,0.000,0.000
-231.500,0.746,335.376,320.000,0.000,0.000,0.000,0.000
-231.250,0.744,335.214,320.000,0.000,0.000,0.000,0.000
-231.000,0.743,335.052,320.000,0.000,0.000,0.000,0.000
-230.750,0.741,334.892,320.000,0.000,0.000,0.000,0.000
-230.500,0.740,334.732,320.000,0.000,0.000,0.000,0.000
-230.250,0.739,334.574,320.000,0.000,0.000,0.000,0.000
-230.000,0.737,334.417,320.000,0.000,0.000,0.000,0.000
-229.750,0.736,334.261,320.000,0.000,0.000,0.000,0.000
-229.500,0.735,334.105,320.000,0.000,0.000,0.000,0.000
-229.250,0.734,333.951,320.000,0.000,0.000,0.000,0.000
-229.000,0.732,333.798,320.000,0.000,0.000,0.000,0.000
-228.750,0.731,333.646,320.000,0.000,0.000,0.000,0.000
-228.500,0.730,333.495,320.000,0.000,0.000,0.000,0.000
-228.250,0.728,333.345,320.000,0.000,0.000,0.000,0.000
-228.000,0.727,333.196,320.000,0.000,0.000,0.000,0.000
-227.750,0.726,333.048,320.000,0.000,0.000,0.000,0.000
-227.500,0.725,332.901,320.000,0.000,0.000,0.000,0.000
-227.250,0.723,332.755,320.000,0.000,0.000,0.000,0.000
-227.000,0.722,332.610,320.000,0.000,0.000,0.000,0.000
-226.750,0.721,332.466,320.000,0.000,0.000,0.000,0.000
-226.500,0.720,332.323,320.000,0.000,0.000,0.000,0.000
-226.250,0.719,332.181,320.000,0.000,0.000,0.000,0.000
-226.000,0.718,332.040,320.000,0.000,0.000,0.000,0.000
-225.750,0.716,331.900,320.000,0.000,0.000,0.000,0.000
-225.500,0.715,331.761,320.000,0.000,0.000,0.000,0.000
-225.250,0.714,331.623,320.000,0.000,0.000,0.000,0.000
-225.000,0.713,331.486,320.000,0.000,0.000,0.000,0.000
-224.750,0.712,331.349,320.000,0.000,0.000,0.000,0.000
-224.500,0.711,331.214,320.000,0.000,0.000,0.000,0.000
-224.250,0.710,331.080,320.000,0.000,0.000,0.000,0.000
-224.000,0.709,330.947,320.000,0.000,0.000,0.000,0.000
-223.750,0.707,330.814,320.000,0.000,0.000,0.000,0.000
-223.500,0.706,330.683,320.000,0.000,0.000,0.000,0.000
-223.250,0.705,330.553,320.000,0.000,0.000,0.000,0.000
-223.000,0.704,330.423,320.000,0.000,0.000,0.000,0.000
-222.750,0.703,330.295,320.000,0.000,0.000,0.000,0.000
-222.500,0.702,330.167,320.000,0.000,0.000,0.000,0.000
-222.250,0.701,330.040,320.000,0.000,0.000,0.000,0.000
-222.000,0.700,329.914,320.000,0.000,0.000,0.000,0.000
-221.750,0.699,329.790,320.000,0.000,0.000,0.000,0.000
-221.500,0.698,329.666,320.000,0.000,0.000,0.000,0.000
-221.250,0.697,329.543,320.000,0.000,0.000,0.000,0.000
-221.000,0.696,329.421,320.000,0.000,0.000,0.000,0.000
-220.750,0.695,329.299,320.000,0.000,0.000,0.000,0.000
-220.500,0.694,329.179,320.000,0.000,0.000,0.000,0.000
-220.250,0.693,329.060,320.000,0.000,0.000,0.000,0.000
-220.000,0.692,328.941,320.000,0.000,0.000,0.000,0.000
-219.750,0.691,328.824,320.000,0.000,0.000,0.000,0.000
-219.500,0.690,328.707,320.000,0.000,0.000,0.000,0.000
-219.250,0.689,328.591,320.000,0.000,0.000,0.000,0.000
-219.000,0.688,328.476,320.000,0.000,0.000,0.000,0.000
-218.750,0.688,328.362,320.000,0.000,0.000,0.000,0.000
-218.500,0.687,328.249,320.000,0.000,0.000,0.000,0.000
-218.250,0.686,328.137,320.000,0.000,0.000,0.000,0.000
-218.000,0.685,328.026,320.000,0.000,0.000,0.000,0.000
-217.750,0.684,327.915,320.000,0.000,0.000,0.000,0.000
-217.500,0.683,327.805,320.000,0.000,0.000,0.000,0.000
-217.250,0.682,327.697,320.000,0.000,0.000,0.000,0.000
-217.000,0.681,327.589,320.000,0.000,0.000,0.000,0.000
-216.750,0.681,327.482,320.000,0.000,0.000,0.000,0.000
-216.500,0.680,327.376,320.000,0.000,0.000,0.000,0.000
-216.250,0.679,327.270,320.000,0.000,0.000,0.000,0.000
-216.000,0.678,327.166,320.000,0.000,0.000,0.000,0.000
-215.750,0.677,327.062,320.000,0.000,0.000,0.000,0.000
-215.500,0.676,326.959,320.000,0.000,0.000,0.000,0.000
-215.250,0.676,326.857,320.000,0.000,0.000,0.000,0.000
-215.000,0.675,326.756,320.000,0.000,0.000,0.000,0.000
-214.750,0.674,326.656,320.000,0.000,0.000,0.000,0.000
-214.500,0.673,326.557,320.000,0.000,0.000,0.000,0.000
-214.250,0.672,326.458,320.000,0.000,0.000,0.000,0.000
-214.000,0.672,326.360,320.000,0.000,0.000,0.000,0.000
-213.750,0.671,326.263,320.000,0.000,0.000,0.000,0.000
-213.500,0.670,326.167,320.000,0.000,0.000,0.000,0.000
-213.250,0.669,326.072,320.000,0.000,0.000,0.000,0.000
-213.000,0.669,325.978,320.000,0.000,0.000,0.000,0.000
-212.750,0.668,325.884,320.000,0.000,0.000,0.000,0.000
-212.500,0.667,325.791,320.000,0.000,0.000,0.000,0.000
-212.250,0.667,325.699,320.000,0.000,0.000,0.000,0.000
-212.000,0.666,325.608,320.000,0.000,0.000,0.000,0.000
-211.750,0.665,325.518,320.000,0.000,0.000,0.000,0.000
-211.500,0.664,325.428,320.000,0.000,0.000,0.000,0.000
-211.250,0.664,325.339,320.000,0.000,0.000,0.000,0.000
-211.000,0.663,325.251,320.000,0.000,0.000,0.000,0.000
-210.750,0.662,325.164,320.000,0.000,0.000,0.000,0.000
-210.500,0.662,325.078,320.000,0.000,0.000,0.000,0.000
-210.250,0.661,324.992,320.000,0.000,0.000,0.000,0.000
-210.000,0.660,324.908,320.000,0.000,0.000,0.000,0.000
-209.750,0.660,324.824,320.000,0.000,0.000,0.000,0.000
-209.500,0.659,324.740,320.000,0.000,0.000,0.000,0.000
-209.250,0.658,324.658,320.000,0.000,0.000,0.000,0.000
-209.000,0.658,324.576,320.000,0.000,0.000,0.000,0.000
-208.750,0.657,324.496,320.000,0.000,0.000,0.000,0.000
-208.500,0.657,324.415,320.000,0.000,0.000,0.000,0.000
-208.250,0.656,324.336,320.000,0.000,0.000,0.000,0.000
-208.000,0.655,324.258,320.000,0.000,0.000,0.000,0.000
-207.750,0.655,324.180,320.000,0.000,0.000,0.000,0.000
-207.500,0.654,324.103,320.000,0.000,0.000,0.000,0.000
-207.250,0.654,324.027,320.000,0.000,0.000,0.000,0.000
-207.000,0.653,323.951,320.000,0.000,0.000,0.000,0.000
-206.750,0.652,323.877,320.000,0.000,0.000,0.000,0.000
-206.500,0.652,323.803,320.000,0.000,0.000,0.000,0.000
-206.250,0.651,323.730,320.000,0.000,0.000,0.000,0.000
-206.000,0.651,323.657,320.000,0.000,0.000,0.000,0.000
-205.750,0.650,323.586,320.000,0.000,0.000,0.000,0.000
-205.500,0.650,323.515,320.000,0.000,0.000,0.000,0.000
-205.250,0.649,323.445,320.000,0.000,0.000,0.000,0.000
-205.000,0.649,323.375,320.000,0.000,0.000,0.000,0.000
-204.750,0.648,323.307,320.000,0.000,0.000,0.000,0.000
-204.500,0.648,323.239,320.000,0.000,0.000,0.000,0.000
-204.250,0.647,323.172,320.000,0.000,0.000,0.000,0.000
-204.000,0.647,323.105,320.000,0.000,0.000,0.000,0.000
-203.750,0.646,323.040,320.000,0.000,0.000,0.000,0.000
-203.500,0.646,322.975,320.000,0.000,0.000,0.000,0.000
-203.250,0.645,322.911,320.000,0.000,0.000,0.000,0.000
-203.000,0.645,322.847,320.000,0.000,0.000,0.000,0.000
-202.750,0.644,322.785,320.000,0.000,0.000,0.000,0.000
-202.500,0.644,322.723,320.000,0.000,0.000,0.000,0.000
-202.250,0.643,322.661,320.000,0.000,0.000,0.000,0.000
-202.000,0.643,322.601,320.000,0.000,0.000,0.000,0.000
-201.750,0.642,322.541,320.000,0.000,0.000,0.000,0.000
-201.500,0.642,322.482,320.000,0.000,0.000,0.000,0.000
-201.250,0.641,322.424,320.000,0.000,0.000,0.000,0.000
-201.000,0.641,322.366,320.000,0.000,0.000,0.000,0.000
-200.750,0.641,322.309,320.000,0.000,0.000,0.000,0.000
-200.500,0.640,322.253,320.000,0.000,0.000,0.000,0.000
-200.250,0.640,322.198,320.000,0.000,0.000,0.000,0.000
-200.000,0.639,322.143,320.000,0.000,0.000,0.000,0.000
-199.750,0.639,322.089,320.000,0.000,0.000,0.000,0.000
-199.500,0.639,322.036,320.000,0.000,0.000,0.000,0.000
-199.250,0.638,321.983,320.000,0.000,0.000,0.000,0.000
-199.000,0.638,321.932,320.000,0.000,0.000,0.000,0.000
-198.750,0.637,321.880,320.000,0.000,0.000,0.000,0.000
-198.500,0.637,321.830,320.000,0.000,0.000,0.000,0.000
-198.250,0.637,321.780,320.000,0.000,0.000,0.000,0.000
-198.000,0.636,321.731,320.000,0.000,0.000,0.000,0.000
-197.750,0.636,321.683,320.000,0.000,0.000,0.000,0.000
-197.500,0.636,321.635,320.000,0.000,0.000,0.000,0.000
-197.250,0.635,321.589,320.000,0.000,0.000,0.000,0.000
-197.000,0.635,321.542,320.000,0.000,0.000,0.000,0.000
-196.750,0.635,321.497,320.000,0.000,0.000,0.000,0.000
-196.500,0.634,321.452,320.000,0.000,0.000,0.000,0.000
-196.250,0.634,321.408,320.000,0.000,0.000,0.000,0.000
-196.000,0.634,321.365,320.000,0.000,0.000,0.000,0.000
-195.750,0.633,321.322,320.000,0.000,0.000,0.000,0.000
-195.500,0.633,321.280,320.000,0.000,0.000,0.000,0.000
-195.250,0.633,321.239,320.000,0.000,0.000,0.000,0.000
-195.000,0.632,321.198,320.000,0.000,0.000,0.000,0.000
-194.750,0.632,321.158,320.000,0.000,0.000,0.000,0.000
-194.500,0.632,321.119,320.000,0.000,0.000,0.000,0.000
-194.250,0.631,321.080,320.000,0.000,0.000,0.000,0.000
-194.000,0.631,321.043,320.000,0.000,0.000,0.000,0.000
-193.750,0.631,321.006,320.000,0.000,0.000,0.000,0.000
-193.500,0.631,320.969,320.000,0.000,0.000,0.000,0.000
-193.250,0.630,320.933,320.000,0.000,0.000,0.000,0.000
-193.000,0.630,320.898,320.000,0.000,0.000,0.000,0.000
-192.750,0.630,320.864,320.000,0.000,0.000,0.000,0.000
-192.500,0.630,320.830,320.000,0.000,0.000,0.000,0.000
-192.250,0.629,320.797,320.000,0.000,0.000,0.000,0.000
-192.000,0.629,320.765,320.000,0.000,0.000,0.000,0.000
-191.750,0.629,320.733,320.000,0.000,0.000,0.000,0.000
-191.500,0.629,320.702,320.000,0.000,0.000,0.000,0.000
-191.250,0.628,320.672,320.000,0.000,0.000,0.000,0.000
-191.000,0.628,320.642,320.000,0.000,0.000,0.000,0.000
-190.750,0.628,320.613,320.000,0.000,0.000,0.000,0.000
-190.500,0.628,320.585,320.000,0.000,0.000,0.000,0.000
-190.250,0.628,320.557,320.000,0.000,0.000,0.000,0.000
-190.000,0.627,320.530,320.000,0.000,0.000,0.000,0.000
-189.750,0.627,320.504,320.000,0.000,0.000,0.000,0.000
-189.500,0.627,320.478,320.000,0.000,0.000,0.000,0.000
-189.250,0.627,320.453,320.000,0.000,0.000,0.000,0.000
-189.000,0.627,320.429,320.000,0.000,0.000,0.000,0.000
-188.750,0.627,320.406,320.000,0.000,0.000,0.000,0.000
-188.500,0.626,320.383,320.000,0.000,0.000,0.000,0.000
-188.250,0.626,320.360,320.000,0.000,0.000,0.000,0.000
-188.000,0.626,320.339,320.000,0.000,0.000,0.000,0.000
-187.750,0.626,320.318,320.000,0.000,0.000,0.000,0.000
-187.500,0.626,320.298,320.000,0.000,0.000,0.000,0.000
-187.250,0.626,320.278,320.000,0.000,0.000,0.000,0.000
-187.000,0.626,320.259,320.000,0.000,0.000,0.000,0.000
-186.750,0.625,320.241,320.000,0.000,0.000,0.000,0.000
-186.500,0.625,320.224,320.000,0.000,0.000,0.000,0.000
-186.250,0.625,320.207,320.000,0.000,0.000,0.000,0.000
-186.000,0.625,320.190,320.000,0.000,0.000,0.000,0.000
-185.750,0.625,320.175,320.000,0.000,0.000,0.000,0.000
-185.500,0.625,320.160,320.000,0.000,0.000,0.000,0.000
-185.250,0.625,320.146,320.000,0.000,0.000,0.000,0.000
-185.000,0.625,320.132,320.000,0.000,0.000,0.000,0.000
-184.750,0.625,320.119,320.000,0.000,0.000,0.000,0.000
-184.500,0.624,320.107,320.000,0.000,0.000,0.000,0.000
-184.250,0.624,320.095,320.000,0.000,0.000,0.000,0.000
-184.000,0.624,320.085,320.000,0.000,0.000,0.000,0.000
-183.750,0.624,320.074,320.000,0.000,0.000,0.000,0.000
-183.500,0.624,320.065,320.000,0.000,0.000,0.000,0.000
-183.250,0.624,320.056,320.000,0.000,0.000,0.000,0.000
-183.000,0.624,320.048,320.000,0.000,0.000,0.000,0.000
-182.750,0.624,320.040,320.000,0.000,0.000,0.000,0.000
-182.500,0.624,320.033,320.000,0.000,0.000,0.000,0.000
-182.250,0.624,320.027,320.000,0.000,0.000,0.000,0.000
-182.000,0.624,320.021,320.000,0.000,0.000,0.000,0.000
-181.750,0.624,320.016,320.000,0.000,0.000,0.000,0.000
-181.500,0.624,320.012,320.000,0.000,0.000,0.000,0.000
-181.250,0.624,320.008,320.000,0.000,0.000,0.000,0.000
-181.000,0.624,320.005,320.000,0.000,0.000,0.000,0.000
-180.750,0.624,320.003,320.000,0.000,0.000,0.000,0.000
-180.500,0.624,320.001,320.000,0.000,0.000,0.000,0.000
-180.250,0.624,320.000,320.000,0.000,0.000,0.000,0.000
-180.000,0.624,320.000,320.000,0.000,0.000,0.000,0.000
-179.750,0.624,320.000,320.000,0.000,0.000,0.000,0.000
-179.500,0.624,320.001,320.000,0.000,0.000,0.000,0.000
-179.250,0.624,320.003,320.000,0.000,0.000,0.000,0.000
-179.000,0.624,320.005,320.000,0.000,0.000,0.000,0.000
-178.750,0.624,320.008,320.000,0.000,0.000,0.000,0.000
-178.500,0.624,320.012,320.000,0.000,0.000,0.000,0.000
-178.250,0.624,320.016,320.000,0.000,0.000,0.000,0.000
-178.000,0.624,320.021,320.000,0.000,0.000,0.000,0.000
-177.750,0.624,320.027,320.000,0.000,0.000,0.000,0.000
-177.500,0.624,320.033,320.000,0.000,0.000,0.000,0.000
-177.250,0.624,320.040,320.000,0.000,0.000,0.000,0.000
-177.000,0.624,320.048,320.000,0.000,0.000,0.000,0.000
-176.750,0.624,320.056,320.000,0.000,0.000,0.000,0.000
-176.500,0.624,320.065,320.000,0.000,0.000,0.000,0.000
-176.250,0.625,320.074,320.000,0.000,0.000,0.000,0.000
-176.000,0.625,320.085,320.000,0.000,0.000,0.000,0.000
-175.750,0.625,320.095,320.000,0.000,0.000,0.000,0.000
-175.500,0.625,320.107,320.000,0.000,0.000,0.000,0.000
-175.250,0.625,320.119,320.000,0.000,0.000,0.000,0.000
-175.000,0.625,320.132,320.000,0.000,0.000,0.000,0.000
-174.750,0.625,320.146,320.000,0.000,0.000,0.000,0.000
-174.500,0.625,320.160,320.000,0.000,0.000,0.000,0.000
-174.250,0.625,320.175,320.000,0.000,0.000,0.000,0.000
-174.000,0.626,320.190,320.000,0.000,0.000,0.000,0.000
-173.750,0.626,320.207,320.000,0.000,0.000,0.000,0.000
-173.500,0.626,320.224,320.000,0.000,0.000,0.000,0.000
-173.250,0.626,320.241,320.000,0.000,0.000,0.000,0.000
-173.000,0.626,320.259,320.000,0.000,0.000,0.000,0.000
-172.750,0.626,320.278,320.000,0.000,0.000,0.000,0.000
-172.500,0.626,320.298,320.000,0.000,0.000,0.000,0.000
-172.250,0.627,320.318,320.000,0.000,0.000,0.000,0.000
-172.000,0.627,320.339,320.000,0.000,0.000,0.000,0.000
-171.750,0.627,320.360,320.000,0.000,0.000,0.000,0.000
-171.500,0.627,320.383,320.000,0.000,0.000,0.000,0.000
-171.250,0.627,320.406,320.000,0.000,0.000,0.000,0.000
-171.000,0.627,320.429,320.000,0.000,0.000,0.000,0.000
-170.750,0.628,320.453,320.000,0.000,0.000,0.000,0.000
-170.500,0.628,320.478,320.000,0.000,0.000,0.000,0.000
-170.250,0.628,320.504,320.000,0.000,0.000,0.000,0.000
-170.000,0.628,320.530,320.000,0.000,0.000,0.000,0.000
-169.750,0.628,320.557,320.000,0.000,0.000,0.000,0.000
-169.500,0.629,320.585,320.000,0.000,0.000,0.000,0.000
-169.250,0.629,320.613,320.000,0.000,0.000,0.000,0.000
-169.000,0.629,320.642,320.000,0.000,0.000,0.000,0.000
-168.750,0.629,320.672,320.000,0.000,0.000,0.000,0.000
-168.500,0.630,320.702,320.000,0.000,0.000,0.000,0.000
-168.250,0.630,320.733,320.000,0.000,0.000,0.000,0.000
-168.000,0.630,320.765,320.000,0.000,0.000,0.000,0.000
-167.750,0.630,320.797,320.000,0.000,0.000,0.000,0.000
-167.500,0.631,320.830,320.000,0.000,0.000,0.000,0.000
-167.250,0.631,320.864,320.000,0.000,0.000,0.000,0.000
-167.000,0.631,320.898,320.000,0.000,0.000,0.000,0.000
-166.750,0.631,320.933,320.000,0.000,0.000,0.000,0.000
-166.500,0.632,320.969,320.000,0.000,0.000,0.000,0.000
-166.250,0.632,321.006,320.000,0.000,0.000,0.000,0.000
-166.000,0.632,321.043,320.000,0.000,0.000,0.000,0.000
-165.750,0.633,321.080,320.000,0.000,0.000,0.000,0.000
-165.500,0.633,321.119,320.000,0.000,0.000,0.000,0.000
-165.250,0.633,321.158,320.000,0.000,0.000,0.000,0.000
-165.000,0.633,321.198,320.000,0.000,0.000,0.000,0.000
-164.750,0.634,321.239,320.000,0.000,0.000,0.000,0.000
-164.500,0.634,321.280,320.000,0.000,0.000,0.000,0.000
-164.250,0.634,321.322,320.000,0.000,0.000,0.000,0.000
-164.000,0.635,321.365,320.000,0.000,0.000,0.000,0.000
-163.750,0.635,321.408,320.000,0.000,0.000,0.000,0.000
-163.500,0.635,321.452,320.000,0.000,0.000,0.000,0.000
-163.250,0.636,321.497,320.000,0.000,0.000,0.000,0.000
-163.000,0.636,321.542,320.000,0.000,0.000,0.000,0.000
-162.750,0.637,321.589,320.000,0.000,0.000,0.000,0.000
-162.500,0.637,321.635,320.000,0.000,0.000,0.000,0.000
-162.250,0.637,321.683,320.000,0.000,0.000,0.000,0.000
-162.000,0.638,321.731,320.000,0.000,0.000,0.000,0.000
-161.750,0.638,321.780,320.000,0.000,0.000,0.000,0.000
-161.500,0.638,321.830,320.000,0.000,0.000,0.000,0.000
-161.250,0.639,321.880,320.000,0.000,0.000,0.000,0.000
-161.000,0.639,321.932,320.000,0.000,0.000,0.000,0.000
-160.750,0.640,321.983,320.000,0.000,0.000,0.000,0.000
-160.500,0.640,322.036,320.000,0.000,0.000,0.000,0.000
-160.250,0.640,322.089,320.000,0.000,0.000,0.000,0.000
-160.000,0.641,322.143,320.000,0.000,0.000,0.000,0.000
-159.750,0.641,322.198,320.000,0.000,0.000,0.000,0.000
-159.500,0.642,322.253,320.000,0.000,0.000,0.000,0.000
-159.250,0.642,322.309,320.000,0.000,0.000,0.000,0.000
-159.000,0.643,322.366,320.000,0.000,0.000,0.000,0.000
-158.750,0.643,322.424,320.000,0.000,0.000,0.000,0.000
-158.500,0.644,322.482,320.000,0.000,0.000,0.000,0.000
-158.250,0.644,322.541,320.000,0.000,0.000,0.000,0.000
-158.000,0.644,322.601,320.000,0.000,0.000,0.000,0.000
-157.750,0.645,322.661,320.000,0.000,0.000,0.000,0.000
-157.500,0.645,322.723,320.000,0.000,0.000,0.000,0.000
-157.250,0.646,322.785,320.000,0.000,0.000,0.000,0.000
-157.000,0.646,322.847,320.000,0.000,0.000,0.000,0.000
-156.750,0.647,322.911,320.000,0.000,0.000,0.000,0.000
-156.500,0.647,322.975,320.000,0.000,0.000,0.000,0.000
-156.250,0.648,323.040,320.000,0.000,0.000,0.000,0.000
-156.000,0.648,323.105,320.000,0.000,0.000,0.000,0.000
-155.750,0.649,323.172,320.000,0.000,0.000,0.000,0.000
-155.500,0.650,323.239,320.000,0.000,0.000,0.000,0.000
-155.250,0.650,323.307,320.000,0.000,0.000,0.000,0.000
-155.000,0.651,323.375,320.000,0.000,0.000,0.000,0.000
-154.750,0.651,323.445,320.000,0.000,0.000,0.000,0.000
-154.500,0.652,323.515,320.000,0.000,0.000,0.000,0.000
-154.250,0.652,323.586,320.000,0.000,0.000,0.000,0.000
-154.000,0.653,323.657,320.000,0.000,0.000,0.000,0.000
-153.750,0.653,323.730,320.000,0.000,0.000,0.000,0.000
-153.500,0.654,323.803,320.000,0.000,0.000,0.000,0.000
-153.250,0.655,323.877,320.000,0.000,0.000,0.000,0.000
-153.000,0.655,323.951,320.000,0.000,0.000,0.000,0.000
-152.750,0.656,324.027,320.000,0.000,0.000,0.000,0.000
-152.500,0.656,324.103,320.000,0.000,0.000,0.000,0.000
-152.250,0.657,324.180,320.000,0.000,0.000,0.000,0.000
-152.000,0.658,324.258,320.000,0.000,0.000,0.000,0.000
-151.750,0.658,324.336,320.000,0.000,0.000,0.000,0.000
-151.500,0.659,324.415,320.000,0.000,0.000,0.000,0.000
-151.250,0.659,324.496,320.000,0.000,0.000,0.000,0.000
-151.000,0.660,324.576,320.000,0.000,0.000,0.000,0.000
-150.750,0.661,324.658,320.000,0.000,0.000,0.000,0.000
-150.500,0.661,324.740,320.000,0.000,0.000,0.000,0.000
-150.250,0.662,324.824,320.000,0.000,0.000,0.000,0.000
-150.000,0.663,324.908,320.000,0.000,0.000,0.000,0.000
-149.750,0.663,324.992,320.000,0.000,0.000,0.000,0.000
-149.500,0.664,325.078,320.000,0.000,0.000,0.000,0.000
-149.250,0.665,325.164,320.000,0.000,0.000,0.000,0.000
-149.000,0.665,325.251,320.000,0.000,0.000,0.000,0.000
-148.750,0.666,325.339,320.000,0.000,0.000,0.000,0.000
-148.500,0.667,325.428,320.000,0.000,0.000,0.000,0.000
-148.250,0.668,325.518,320.000,0.000,0.000,0.000,0.000
-148.000,0.668,325.608,320.000,0.000,0.000,0.000,0.000
-147.750,0.669,325.699,320.000,0.000,0.000,0.000,0.000
-147.500,0.670,325.791,320.000,0.000,0.000,0.000,0.000
-147.250,0.671,325.884,320.000,0.000,0.000,0.000,0.000
-147.000,0.671,325.978,320.000,0.000,0.000,0.000,0.000
-146.750,0.672,326.072,320.000,0.000,0.000,0.000,0.000
-146.500,0.673,326.167,320.000,0.000,0.000,0.000,0.000
-146.250,0.674,326.263,320.000,0.000,0.000,0.000,0.000
-146.000,0.674,326.360,320.000,0.000,0.000,0.000,0.000
-145.750,0.675,326.458,320.000,0.000,0.000,0.000,0.000
-145.500,0.676,326.557,320.000,0.000,0.000,0.000,0.000
-145.250,0.677,326.656,320.000,0.000,0.000,0.000,0.000
-145.000,0.678,326.756,320.000,0.000,0.000,0.000,0.000
-144.750,0.678,326.857,320.000,0.000,0.000,0.000,0.000
-144.500,0.679,326.959,320.000,0.000,0.000,0.000,0.000
-144.250,0.680,327.062,320.000,0.000,0.000,0.000,0.000
-144.000,0.681,327.166,320.000,0.000,0.000,0.000,0.000
-143.750,0.682,327.270,320.000,0.000,0.000,0.000,0.000
-143.500,0.683,327.376,320.000,0.000,0.000,0.000,0.000
-143.250,0.683,327.482,320.000,0.000,0.000,0.000,0.000
-143.000,0.684,327.589,320.000,0.000,0.000,0.000,0.000
-142.750,0.685,327.697,320.000,0.000,0.000,0.000,0.000
-142.500,0.686,327.805,320.000,0.000,0.000,0.000,0.000
-142.250,0.687,327.915,320.000,0.000,0.000,0.000,0.000
-142.000,0.688,328.026,320.000,0.000,0.000,0.000,0.000
-141.750,0.689,328.137,320.000,0.000,0.000,0.000,0.000
-141.500,0.690,328.249,320.000,0.000,0.000,0.000,0.000
-141.250,0.691,328.362,320.000,0.000,0.000,0.000,0.000
-141.000,0.692,328.476,320.000,0.000,0.000,0.000,0.000
-140.750,0.693,328.591,320.000,0.000,0.000,0.000,0.000
-140.500,0.693,328.707,320.000,0.000,0.000,0.000,0.000
-140.250,0.694,328.824,320.000,0.000,0.000,0.000,0.000
-140.000,0.695,328.941,320.000,0.000,0.000,0.000,0.000
-139.750,0.696,329.060,320.000,0.000,0.000,0.000,0.000
-139.500,0.697,329.179,320.000,0.000,0.000,0.000,0.000
-139.250,0.698,329.299,320.000,0.000,0.000,0.000,0.000
-139.000,0.699,329.421,320.000,0.000,0.000,0.000,0.000
-138.750,0.700,329.543,320.000,0.000,0.000,0.000,0.000
-138.500,0.701,329.666,320.000,0.000,0.000,0.000,0.000
-138.250,0.702,329.790,320.000,0.000,0.000,0.000,0.000
-138.000,0.703,329.914,320.000,0.000,0.000,0.000,0.000
-137.750,0.704,330.040,320.000,0.000,0.000,0.000,0.000
-137.500,0.706,330.167,320.000,0.000,0.000,0.000,0.000
-137.250,0.707,330.295,320.000,0.000,0.000,0.000,0.000
-137.000,0.708,330.423,320.000,0.000,0.000,0.000,0.000
-136.750,0.709,330.553,320.000,0.000,0.000,0.000,0.000
-136.500,0.710,330.683,320.000,0.000,0.000,0.000,0.000
-136.250,0.711,330.814,320.000,0.000,0.000,0.000,0.000
-136.000,0.712,330.947,320.000,0.000,0.000,0.000,0.000
-135.750,0.713,331.080,320.000,0.000,0.000,0.000,0.000
-135.500,0.714,331.214,320.000,0.000,0.000,0.000,0.000
-135.250,0.715,331.349,320.000,0.000,0.000,0.000,0.000
-135.000,0.717,331.486,320.000,0.000,0.000,0.000,0.000
-134.750,0.718,331.623,320.000,0.000,0.000,0.000,0.000
-134.500,0.719,331.761,320.000,0.000,0.000,0.000,0.000
-134.250,0.720,331.900,320.000,0.000,0.000,0.000,0.000
-134.000,0.721,332.040,320.000,0.000,0.000,0.000,0.000
-133.750,0.722,332.181,320.000,0.000,0.000,0.000,0.000
-133.500,0.724,332.323,320.000,0.000,0.000,0.000,0.000
-133.250,0.725,332.466,320.000,0.000,0.000,0.000,0.000
-133.000,0.726,332.610,320.000,0.000,0.000,0.000,0.000
-132.750,0.727,332.755,320.000,0.000,0.000,0.000,0.000
-132.500,0.728,332.901,320.000,0.000,0.000,0.000,0.000
-132.250,0.730,333.048,320.000,0.000,0.000,0.000,0.000
-132.000,0.731,333.196,320.000,0.000,0.000,0.000,0.000
-131.750,0.732,333.345,320.000,0.000,0.000,0.000,0.000
-131.500,0.734,333.495,320.000,0.000,0.000,0.000,0.000
-131.250,0.735,333.646,320.000,0.000,0.000,0.000,0.000
-131.000,0.736,333.798,320.000,0.000,0.000,0.000,0.000
-130.750,0.737,333.951,320.000,0.000,0.000,0.000,0.000
-130.500,0.739,334.105,320.000,0.000,0.000,0.000,0.000
-130.250,0.740,334.261,320.000,0.000,0.000,0.000,0.000
-130.000,0.741,334.417,320.000,0.000,0.000,0.000,0.000
-129.750,0.743,334.574,320.000,0.000,0.000,0.000,0.000
-129.500,0.744,334.732,320.000,0.000,0.000,0.000,0.000
-129.250,0.745,334.892,320.000,0.000,0.000,0.000,0.000
-129.000,0.747,335.052,320.000,0.000,0.000,0.000,0.000
-128.750,0.748,335.214,320.000,0.000,0.000,0.000,0.000
-128.500,0.750,335.376,320.000,0.000,0.000,0.000,0.000
-128.250,0.751,335.540,320.000,0.000,0.000,0.000,0.000
-128.000,0.753,335.704,320.000,0.000,0.000,0.000,0.000
-127.750,0.754,335.870,320.000,0.000,0.000,0.000,0.000
-127.500,0.755,336.037,320.000,0.000,0.000,0.000,0.000
-127.250,0.757,336.205,320.000,0.000,0.000,0.000,0.000
-127.000,0.758,336.374,320.000,0.000,0.000,0.000,0.000
-126.750,0.760,336.544,320.000,0.000,0.000,0.000,0.000
-126.500,0.761,336.715,320.000,0.000,0.000,0.000,0.000
-126.250,0.763,336.888,320.000,0.000,0.000,0.000,0.000
-126.000,0.764,337.061,320.000,0.000,0.000,0.000,0.000
-125.750,0.766,337.236,320.000,0.000,0.000,0.000,0.000
-125.500,0.767,337.411,320.000,0.000,0.000,0.000,0.000
-125.250,0.769,337.588,320.000,0.000,0.000,0.000,0.000
-125.000,0.771,337.766,320.000,0.000,0.000,0.000,0.000
-124.750,0.772,337.945,320.000,0.000,0.000,0.000,0.000
-124.500,0.774,338.125,320.000,0.000,0.000,0.000,0.000
-124.250,0.775,338.307,320.000,0.000,0.000,0.000,0.000
-124.000,0.777,338.489,320.000,0.000,0.000,0.000,0.000
-123.750,0.779,338.673,320.000,0.000,0.000,0.000,0.000
-123.500,0.780,338.858,320.000,0.000,0.000,0.000,0.000
-123.250,0.782,339.044,320.000,0.000,0.000,0.000,0.000
-123.000,0.784,339.231,320.000,0.000,0.000,0.000,0.000
-122.750,0.785,339.419,320.000,0.000,0.000,0.000,0.000
-122.500,0.787,339.608,320.000,0.000,0.000,0.000,0.000
-122.250,0.789,339.799,320.000,0.000,0.000,0.000,0.000
-122.000,0.790,339.991,320.000,0.000,0.000,0.000,0.000
-121.750,0.792,340.184,320.000,0.000,0.000,0.000,0.000
-121.500,0.794,340.378,320.000,0.000,0.000,0.000,0.000
-121.250,0.796,340.574,320.000,0.000,0.000,0.000,0.000
-121.000,0.797,340.770,320.000,0.000,0.000,0.000,0.000
-120.750,0.799,340.968,320.000,0.000,0.000,0.000,0.000
-120.500,0.801,341.167,320.000,0.000,0.000,0.000,0.000
-120.250,0.803,341.368,320.000,0.000,0.000,0.000,0.000
-120.000,0.805,341.569,320.000,0.000,0.000,0.000,0.000
-119.750,0.807,341.772,320.000,0.000,0.000,0.000,0.000
-119.500,0.808,341.976,320.000,0.000,0.000,0.000,0.000
-119.250,0.810,342.181,320.000,0.000,0.000,0.000,0.000
-119.000,0.812,342.388,320.000,0.000,0.000,0.000,0.000
-118.750,0.814,342.596,320.000,0.000,0.000,0.000,0.000
-118.500,0.816,342.805,320.000,0.000,0.000,0.000,0.000
-118.250,0.818,343.015,320.000,0.000,0.000,0.000,0.000
-118.000,0.820,343.227,320.000,0.000,0.000,0.000,0.000
-117.750,0.822,343.440,320.000,0.000,0.000,0.000,0.000
-117.500,0.824,343.654,320.000,0.000,0.000,0.000,0.000
-117.250,0.826,343.869,320.000,0.000,0.000,0.000,0.000
-117.000,0.828,344.086,320.000,0.000,0.000,0.000,0.000
-116.750,0.830,344.304,320.000,0.000,0.000,0.000,0.000
-116.500,0.832,344.524,320.000,0.000,0.000,0.000,0.000
-116.250,0.834,344.744,320.000,0.000,0.000,0.000,0.000
-116.000,0.836,344.966,320.000,0.000,0.000,0.000,0.000
-115.750,0.838,345.190,320.000,0.000,0.000,0.000,0.000
-115.500,0.840,345.414,320.000,0.000,0.000,0.000,0.000
-115.250,0.842,345.640,320.000,0.000,0.000,0.000,0.000
-115.000,0.844,345.868,320.000,0.000,0.000,0.000,0.000
-114.750,0.847,346.096,320.000,0.000,0.000,0.000,0.000
-114.500,0.849,346.327,320.000,0.000,0.000,0.000,0.000
-114.250,0.851,346.558,320.000,0.000,0.000,0.000,0.000
-114.000,0.853,346.791,320.000,0.000,0.000,0.000,0.000
-113.750,0.855,347.025,320.000,0.000,0.000,0.000,0.000
-113.500,0.858,347.261,320.000,0.000,0.000,0.000,0.000
-113.250,0.860,347.498,320.000,0.000,0.000,0.000,0.000
-113.000,0.862,347.736,320.000,0.000,0.000,0.000,0.000
-112.750,0.865,347.976,320.000,0.000,0.000,0.000,0.000
-112.500,0.867,348.217,320.000,0.000,0.000,0.000,0.000
-112.250,0.869,348.459,320.000,0.000,0.000,0.000,0.000
-112.000,0.872,348.703,320.000,0.000,0.000,0.000,0.000
-111.750,0.874,348.949,320.000,0.000,0.000,0.000,0.000
-111.500,0.876,349.196,320.000,0.000,0.000,0.000,0.000
-111.250,0.879,349.444,320.000,0.000,0.000,0.000,0.000
-111.000,0.881,349.694,320.000,0.000,0.000,0.000,0.000
-110.750,0.884,349.945,320.000,0.000,0.000,0.000,0.000
-110.500,0.886,350.198,320.000,0.000,0.000,0.000,0.000
-110.250,0.889,350.452,320.000,0.000,0.000,0.000,0.000
-110.000,0.891,350.707,320.000,0.000,0.000,0.000,0.000
-109.750,0.894,350.965,320.000,0.000,0.000,0.000,0.000
-109.500,0.896,351.223,320.000,0.000,0.000,0.000,0.000
-109.250,0.899,351.483,320.000,0.000,0.000,0.000,0.000
-109.000,0.901,351.745,320.000,0.000,0.000,0.000,0.000
-108.750,0.904,352.008,320.000,0.000,0.000,0.000,0.000
-108.500,0.906,352.273,320.000,0.000,0.000,0.000,0.000
-108.250,0.909,352.539,320.000,0.000,0.000,0.000,0.000
-108.000,0.912,352.806,320.000,0.000,0.000,0.000,0.000
-107.750,0.914,353.076,320.000,0.000,0.000,0.000,0.000
-107.500,0.917,353.346,320.000,0.000,0.000,0.000,0.000
-107.250,0.920,353.619,320.000,0.000,0.000,0.000,0.000
-107.000,0.923,353.893,320.000,0.000,0.000,0.000,0.000
-106.750,0.925,354.168,320.000,0.000,0.000,0.000,0.000
-106.500,0.928,354.445,320.000,0.000,0.000,0.000,0.000
-106.250,0.931,354.724,320.000,0.000,0.000,0.000,0.000
-106.000,0.934,355.004,320.000,0.000,0.000,0.000,0.000
-105.750,0.937,355.286,320.000,0.000,0.000,0.000,0.000
-105.500,0.940,355.569,320.000,0.000,0.000,0.000,0.000
-105.250,0.942,355.854,320.000,0.000,0.000,0.000,0.000
-105.000,0.945,356.141,320.000,0.000,0.000,0.000,0.000
-104.750,0.948,356.429,320.000,0.000,0.000,0.000,0.000
-104.500,0.951,356.719,320.000,0.000,0.000,0.000,0.000
-104.250,0.954,357.010,320.000,0.000,0.000,0.000,0.000
-104.000,0.957,357.304,320.000,0.000,0.000,0.000,0.000
-103.750,0.960,357.598,320.000,0.000,0.000,0.000,0.000
-103.500,0.963,357.895,320.000,0.000,0.000,0.000,0.000
-103.250,0.967,358.193,320.000,0.000,0.000,0.000,0.000
-103.000,0.970,358.493,320.000,0.000,0.000,0.000,0.000
-102.750,0.973,358.795,320.000,0.000,0.000,0.000,0.000
-102.500,0.976,359.098,320.000,0.000,0.000,0.000,0.000
-102.250,0.979,359.403,320.000,0.000,0.000,0.000,0.000
-102.000,0.982,359.710,320.000,0.000,0.000,0.000,0.000
-101.750,0.986,360.018,320.000,0.000,0.000,0.000,0.000
-101.500,0.989,360.328,320.000,0.000,0.000,0.000,0.000
-101.250,0.992,360.640,320.000,0.000,0.000,0.000,0.000
-101.000,0.996,360.954,320.000,0.000,0.000,0.000,0.000
-100.750,0.999,361.269,320.000,0.000,0.000,0.000,0.000
-100.500,1.002,361.586,320.000,0.000,0.000,0.000,0.000
-100.250,1.006,361.905,320.000,0.000,0.000,0.000,0.000
-100.000,1.009,362.226,320.000,0.000,0.000,0.000,0.000
-99.750,1.013,362.548,320.000,0.000,0.000,0.000,0.000
-99.500,1.016,362.873,320.000,0.000,0.000,0.000,0.000
-99.250,1.020,363.199,320.000,0.000,0.000,0.000,0.000
-99.000,1.023,363.527,320.000,0.000,0.000,0.000,0.000
-98.750,1.027,363.857,320.000,0.000,0.000,0.000,0.000
-98.500,1.030,364.188,320.000,0.000,0.000,0.000,0.000
-98.250,1.034,364.522,320.000,0.000,0.000,0.000,0.000
-98.000,1.038,364.857,320.000,0.000,0.000,0.000,0.000
-97.750,1.041,365.194,320.000,0.000,0.000,0.000,0.000
-97.500,1.045,365.533,320.000,0.000,0.000,0.000,0.000
-97.250,1.049,365.874,320.000,0.000,0.000,0.000,0.000
-97.000,1.053,366.217,320.000,0.000,0.000,0.000,0.000
-96.750,1.056,366.562,320.000,0.000,0.000,0.000,0.000
-96.500,1.060,366.909,320.000,0.000,0.000,0.000,0.000
-96.250,1.064,367.257,320.000,0.000,0.000,0.000,0.000
-96.000,1.068,367.608,320.000,0.000,0.000,0.000,0.000
-95.750,1.072,367.960,320.000,0.000,0.000,0.000,0.000
-95.500,1.076,368.314,320.000,0.000,0.000,0.000,0.000
-95.250,1.080,368.671,320.000,0.000,0.000,0.000,0.000
-95.000,1.084,369.029,320.000,0.000,0.000,0.000,0.000
-94.750,1.088,369.389,320.000,0.000,0.000,0.000,0.000
-94.500,1.092,369.752,320.000,0.000,0.000,0.000,0.000
-94.250,1.096,370.116,320.000,0.000,0.000,0.000,0.000
-94.000,1.101,370.482,320.000,0.000,0.000,0.000,0.000
-93.750,1.105,370.850,320.000,0.000,0.000,0.000,0.000
-93.500,1.109,371.221,320.000,0.000,0.000,0.000,0.000
-93.250,1.113,371.593,320.000,0.000,0.000,0.000,0.000
-93.000,1.118,371.967,320.000,0.000,0.000,0.000,0.000
-92.750,1.122,372.344,320.000,0.000,0.000,0.000,0.000
-92.500,1.126,372.722,320.000,0.000,0.000,0.000,0.000
-92.250,1.131,373.103,320.000,0.000,0.000,0.000,0.000
-92.000,1.135,373.486,320.000,0.000,0.000,0.000,0.000
-91.750,1.140,373.870,320.000,0.000,0.000,0.000,0.000
-91.500,1.144,374.257,320.000,0.000,0.000,0.000,0.000
-91.250,1.149,374.646,320.000,0.000,0.000,0.000,0.000
-91.000,1.154,375.037,320.000,0.000,0.000,0.000,0.000
-90.750,1.158,375.431,320.000,0.000,0.000,0.000,0.000
-90.500,1.163,375.826,320.000,0.000,0.000,0.000,0.000
-90.250,1.168,376.223,320.000,0.000,0.000,0.000,0.000
-90.000,1.172,376.623,320.000,0.000,0.000,0.000,0.000
-89.750,1.177,377.025,320.000,0.000,0.000,0.000,0.000
-89.500,1.182,377.429,320.000,0.000,0.000,0.000,0.000
-89.250,1.187,377.835,320.000,0.000,0.000,0.000,0.000
-89.000,1.192,378.244,320.000,0.000,0.000,0.000,0.000
-88.750,1.197,378.655,320.000,0.000,0.000,0.000,0.000
-88.500,1.202,379.068,320.000,0.000,0.000,0.000,0.000
-88.250,1.207,379.483,320.000,0.000,0.000,0.000,0.000
-88.000,1.212,379.900,320.000,0.000,0.000,0.000,0.000
-87.750,1.217,380.320,320.000,0.000,0.000,0.000,0.000
-87.500,1.223,380.742,320.000,0.000,0.000,0.000,0.000
-87.250,1.228,381.166,320.000,0.000,0.000,0.000,0.000
-87.000,1.233,381.593,320.000,0.000,0.000,0.000,0.000
-86.750,1.238,382.022,320.000,0.000,0.000,0.000,0.000
-86.500,1.244,382.453,320.000,0.000,0.000,0.000,0.000
-86.250,1.249,382.887,320.000,0.000,0.000,0.000,0.000
-86.000,1.255,383.323,320.000,0.000,0.000,0.000,0.000
-85.750,1.260,383.761,320.000,0.000,0.000,0.000,0.000
-85.500,1.266,384.201,320.000,0.000,0.000,0.000,0.000
-85.250,1.271,384.644,320.000,0.000,0.000,0.000,0.000
-85.000,1.277,385.090,320.000,0.000,0.000,0.000,0.000
-84.750,1.283,385.538,320.000,0.000,0.000,0.000,0.000
-84.500,1.289,385.988,320.000,0.000,0.000,0.000,0.000
-84.250,1.294,386.441,320.000,0.000,0.000,0.000,0.000
-84.000,1.300,386.896,320.000,0.000,0.000,0.000,0.000
-83.750,1.306,387.353,320.000,0.000,0.000,0.000,0.000
-83.500,1.312,387.813,320.000,0.000,0.000,0.000,0.000
-83.250,1.318,388.276,320.000,0.000,0.000,0.000,0.000
-83.000,1.324,388.741,320.000,0.000,0.000,0.000,0.000
-82.750,1.330,389.208,320.000,0.000,0.000,0.000,0.000
-82.500,1.337,389.678,320.000,0.000,0.000,0.000,0.000
-82.250,1.343,390.151,320.000,0.000,0.000,0.000,0.000
-82.000,1.349,390.626,320.000,0.000,0.000,0.000,0.000
-81.750,1.355,391.103,320.000,0.000,0.000,0.000,0.000
-81.500,1.362,391.583,320.000,0.000,0.000,0.000,0.000
-81.250,1.368,392.066,320.000,0.000,0.000,0.000,0.000
-81.000,1.375,392.551,320.000,0.000,0.000,0.000,0.000
-80.750,1.381,393.039,320.000,0.000,0.000,0.000,0.000
-80.500,1.388,393.530,320.000,0.000,0.000,0.000,0.000
-80.250,1.395,394.023,320.000,0.000,0.000,0.000,0.000
-80.000,1.401,394.519,320.000,0.000,0.000,0.000,0.000
-79.750,1.408,395.017,320.000,0.000,0.000,0.000,0.000
-79.500,1.415,395.518,320.000,0.000,0.000,0.000,0.000
-79.250,1.422,396.022,320.000,0.000,0.000,0.000,0.000
-79.000,1.429,396.529,320.000,0.000,0.000,0.000,0.000
-78.750,1.436,397.038,320.000,0.000,0.000,0.000,0.000
-78.500,1.443,397.550,320.000,0.000,0.000,0.000,0.000
-78.250,1.450,398.064,320.000,0.000,0.000,0.000,0.000
-78.000,1.458,398.582,320.000,0.000,0.000,0.000,0.000
-77.750,1.465,399.102,320.000,0.000,0.000,0.000,0.000
-77.500,1.472,399.625,320.000,0.000,0.000,0.000,0.000
-77.250,1.480,400.150,320.000,0.000,0.000,0.000,0.000
-77.000,1.487,400.679,320.000,0.000,0.000,0.000,0.000
-76.750,1.495,401.210,320.000,0.000,0.000,0.000,0.000
-76.500,1.503,401.744,320.000,0.000,0.000,0.000,0.000
-76.250,1.510,402.281,320.000,0.000,0.000,0.000,0.000
-76.000,1.518,402.821,320.000,0.000,0.000,0.000,0.000
-75.750,1.526,403.364,320.000,0.000,0.000,0.000,0.000
-75.500,1.534,403.909,320.000,0.000,0.000,0.000,0.000
-75.250,1.542,404.458,320.000,0.000,0.000,0.000,0.000
-75.000,1.550,405.009,320.000,0.000,0.000,0.000,0.000
-74.750,1.558,405.563,320.000,0.000,0.000,0.000,0.000
-74.500,1.566,406.120,320.000,0.000,0.000,0.000,0.000
-74.250,1.575,406.680,320.000,0.000,0.000,0.000,0.000
-74.000,1.583,407.243,320.000,0.000,0.000,0.000,0.000
-73.750,1.592,407.809,320.000,0.000,0.000,0.000,0.000
-73.500,1.600,408.378,320.000,0.000,0.000,0.000,0.000
-73.250,1.609,408.950,320.000,0.000,0.000,0.000,0.000
-73.000,1.617,409.525,320.000,0.000,0.000,0.000,0.000
-72.750,1.626,410.104,320.000,0.000,0.000,0.000,0.000
-72.500,1.635,410.685,320.000,0.000,0.000,0.000,0.000
-72.250,1.644,411.269,320.000,0.000,0.000,0.000,0.000
-72.000,1.653,411.856,320.000,0.000,0.000,0.000,0.000
-71.750,1.662,412.446,320.000,0.000,0.000,0.000,0.000
-71.500,1.671,413.040,320.000,0.000,0.000,0.000,0.000
-71.250,1.681,413.636,320.000,0.000,0.000,0.000,0.000
-71.000,1.690,414.236,320.000,0.000,0.000,0.000,0.000
-70.750,1.699,414.839,320.000,0.000,0.000,0.000,0.000
-70.500,1.709,415.445,320.000,0.000,0.000,0.000,0.000
-70.250,1.719,416.054,320.000,0.000,0.000,0.000,0.000
-70.000,1.728,416.666,320.000,0.000,0.000,0.000,0.000
-69.750,1.738,417.282,320.000,0.000,0.000,0.000,0.000
-69.500,1.748,417.900,320.000,0.000,0.000,0.000,0.000
-69.250,1.758,418.522,320.000,0.000,0.000,0.000,0.000
-69.000,1.768,419.148,320.000,0.000,0.000,0.000,0.000
-68.750,1.778,419.776,320.000,0.000,0.000,0.000,0.000
-68.500,1.789,420.408,320.000,0.000,0.000,0.000,0.000
-68.250,1.799,421.043,320.000,0.000,0.000,0.000,0.000
-68.000,1.809,421.681,320.000,0.000,0.000,0.000,0.000
-67.750,1.820,422.323,320.000,0.000,0.000,0.000,0.000
-67.500,1.831,422.968,320.000,0.000,0.000,0.000,0.000
-67.250,1.842,423.616,320.000,0.000,0.000,0.000,0.000
-67.000,1.852,424.268,320.000,0.000,0.000,0.000,0.000
-66.750,1.863,424.923,320.000,0.000,0.000,0.000,0.000
-66.500,1.875,425.581,320.000,0.000,0.000,0.000,0.000
-66.250,1.886,426.243,320.000,0.000,0.000,0.000,0.000
-66.000,1.897,426.908,320.000,0.000,0.000,0.000,0.000
-65.750,1.908,427.577,320.000,0.000,0.000,0.000,0.000
-65.500,1.920,428.249,320.000,0.000,0.000,0.000,0.000
-65.250,1.932,428.924,320.000,0.000,0.000,0.000,0.000
-65.000,1.943,429.603,320.000,0.000,0.000,0.000,0.000
-64.750,1.955,430.286,320.000,0.000,0.000,0.000,0.000
-64.500,1.967,430.972,320.000,0.000,0.000,0.000,0.000
-64.250,1.979,431.661,320.000,0.000,0.000,0.000,0.000
-64.000,1.992,432.354,320.000,0.000,0.000,0.000,0.000
-63.750,2.004,433.051,320.000,0.000,0.000,0.000,0.000
-63.500,2.016,433.751,320.000,0.000,0.000,0.000,0.000
-63.250,2.029,434.455,320.000,0.000,0.000,0.000,0.000
-63.000,2.042,435.162,320.000,0.000,0.000,0.000,0.000
-62.750,2.054,435.873,320.000,0.000,0.000,0.000,0.000
-62.500,2.067,436.588,320.000,0.000,0.000,0.000,0.000
-62.250,2.080,437.306,320.000,0.000,0.000,0.000,0.000
-62.000,2.094,438.028,320.000,0.000,0.000,0.000,0.000
-61.750,2.107,438.753,320.000,0.000,0.000,0.000,0.000
-61.500,2.120,439.482,320.000,0.000,0.000,0.000,0.000
-61.250,2.134,440.215,320.000,0.000,0.000,0.000,0.000
-61.000,2.148,440.952,320.000,0.000,0.000,0.000,0.000
-60.750,2.161,441.692,320.000,0.000,0.000,0.000,0.000
-60.500,2.175,442.436,320.000,0.000,0.000,0.000,0.000
-60.250,2.190,443.184,320.000,0.000,0.000,0.000,0.000
-60.000,2.204,443.935,320.000,0.000,0.000,0.000,0.000
-59.750,2.218,444.690,320.000,0.000,0.000,0.000,0.000
-59.500,2.233,445.449,320.000,0.000,0.000,0.000,0.000
-59.250,2.247,446.212,320.000,0.000,0.000,0.000,0.000
-59.000,2.262,446.978,320.000,0.000,0.000,0.000,0.000
-58.750,2.277,447.749,320.000,0.000,0.000,0.000,0.000
-58.500,2.292,448.523,320.000,0.000,0.000,0.000,0.000
-58.250,2.308,449.301,320.000,0.000,0.000,0.000,0.000
-58.000,2.323,450.083,320.000,0.000,0.000,0.000,0.000
-57.750,2.339,450.869,320.000,0.000,0.000,0.000,0.000
-57.500,2.354,451.658,320.000,0.000,0.000,0.000,0.000
-57.250,2.370,452.452,320.000,0.000,0.000,0.000,0.000
-57.000,2.386,453.249,320.000,0.000,0.000,0.000,0.000
-56.750,2.402,454.051,320.000,0.000,0.000,0.000,0.000
-56.500,2.419,454.856,320.000,0.000,0.000,0.000,0.000
-56.250,2.435,455.665,320.000,0.000,0.000,0.000,0.000
-56.000,2.452,456.478,320.000,0.000,0.000,0.000,0.000
-55.750,2.469,457.295,320.000,0.000,0.000,0.000,0.000
-55.500,2.486,458.116,320.000,0.000,0.000,0.000,0.000
-55.250,2.503,458.941,320.000,0.000,0.000,0.000,0.000
-55.000,2.520,459.770,320.000,0.000,0.000,0.000,0.000
-54.750,2.538,460.603,320.000,0.000,0.000,0.000,0.000
-54.500,2.556,461.440,320.000,0.000,0.000,0.000,0.000
-54.250,2.574,462.281,320.000,0.000,0.000,0.000,0.000
-54.000,2.592,463.126,320.000,0.000,0.000,0.000,0.000
-53.750,2.610,463.975,320.000,0.000,0.000,0.000,0.000
-53.500,2.628,464.828,320.000,0.000,0.000,0.000,0.000
-53.250,2.647,465.685,320.000,0.000,0.000,0.000,0.000
-53.000,2.666,466.547,320.000,0.000,0.000,0.000,0.000
-52.750,2.685,467.412,320.000,0.000,0.000,0.000,0.000
-52.500,2.704,468.281,320.000,0.000,0.000,0.000,0.000
-52.250,2.723,469.154,320.000,0.000,0.000,0.000,0.000
-52.000,2.743,470.032,320.000,0.000,0.000,0.000,0.000
-51.750,2.762,470.914,320.000,0.000,0.000,0.000,0.000
-51.500,2.782,471.799,320.000,0.000,0.000,0.000,0.000
-51.250,2.802,472.689,320.000,0.000,0.000,0.000,0.000
-51.000,2.823,473.583,320.000,0.000,0.000,0.000,0.000
-50.750,2.843,474.481,320.000,0.000,0.000,0.000,0.000
-50.500,2.864,475.383,320.000,0.000,0.000,0.000,0.000
-50.250,2.885,476.289,320.000,0.000,0.000,0.000,0.000
-50.000,2.906,477.199,320.000,0.000,0.000,0.000,0.000
-49.750,2.928,478.114,320.000,0.000,0.000,0.000,0.000
-49.500,2.949,479.033,320.000,0.000,0.000,0.000,0.000
-49.250,2.971,479.955,320.000,0.000,0.000,0.000,0.000
-49.000,2.993,480.882,320.000,0.000,0.000,0.000,0.000
-48.750,3.015,481.813,320.000,0.000,0.000,0.000,0.000
-48.500,3.038,482.748,320.000,0.000,0.000,0.000,0.000
-48.250,3.060,483.687,320.000,0.000,0.000,0.000,0.000
-48.000,3.083,484.631,320.000,0.000,0.000,0.000,0.000
-47.750,3.106,485.578,320.000,0.000,0.000,0.000,0.000
-47.500,3.130,486.530,320.000,0.000,0.000,0.000,0.000
-47.250,3.153,487.486,320.000,0.000,0.000,0.000,0.000
-47.000,3.177,488.446,320.000,0.000,0.000,0.000,0.000
-46.750,3.201,489.410,320.000,0.000,0.000,0.000,0.000
-46.500,3.225,490.378,320.000,0.000,0.000,0.000,0.000
-46.250,3.250,491.350,320.000,0.000,0.000,0.000,0.000
-46.000,3.275,492.327,320.000,0.000,0.000,0.000,0.000
-45.750,3.300,493.307,320.000,0.000,0.000,0.000,0.000
-45.500,3.325,494.292,320.000,0.000,0.000,0.000,0.000
-45.250,3.350,495.280,320.000,0.000,0.000,0.000,0.000
-45.000,3.376,496.273,320.000,0.000,0.000,0.000,0.000
-44.750,3.402,497.270,320.000,0.000,0.000,0.000,0.000
-44.500,3.428,498.271,320.000,0.000,0.000,0.000,0.000
-44.250,3.455,499.276,320.000,0.000,0.000,0.000,0.000
-44.000,3.482,500.285,320.000,0.000,0.000,0.000,0.000
-43.750,3.509,501.298,320.000,0.000,0.000,0.000,0.000
-43.500,3.536,502.315,320.000,0.000,0.000,0.000,0.000
-43.250,3.564,503.336,320.000,0.000,0.000,0.000,0.000
-43.000,3.591,504.361,320.000,0.000,0.000,0.000,0.000
-42.750,3.619,505.390,320.000,0.000,0.000,0.000,0.000
-42.500,3.648,506.423,320.000,0.000,0.000,0.000,0.000
-42.250,3.676,507.460,320.000,0.000,0.000,0.000,0.000
-42.000,3.705,508.501,320.000,0.000,0.000,0.000,0.000
-41.750,3.734,509.546,320.000,0.000,0.000,0.000,0.000
-41.500,3.764,510.594,320.000,0.000,0.000,0.000,0.000
-41.250,3.794,511.647,320.000,0.000,0.000,0.000,0.000
-41.000,3.824,512.703,320.000,0.000,0.000,0.000,0.000
-40.750,3.854,513.763,320.000,0.000,0.000,0.000,0.000
-40.500,3.885,514.827,320.000,0.000,0.000,0.000,0.000
-40.250,3.915,515.895,320.000,0.000,0.000,0.000,0.000
-40.000,3.947,516.966,320.000,0.000,0.000,0.000,0.000
-39.750,3.978,518.041,320.000,0.000,0.000,0.000,0.000
-39.500,4.010,519.120,320.000,0.000,0.000,0.000,0.000
-39.250,4.042,520.202,320.000,0.000,0.000,0.000,0.000
-39.000,4.074,521.288,320.000,0.000,0.000,0.000,0.000
-38.750,4.107,522.378,320.000,0.000,0.000,0.000,0.000
-38.500,4.140,523.471,320.000,0.000,0.000,0.000,0.000
-38.250,4.173,524.568,320.000,0.000,0.000,0.000,0.000
-38.000,4.206,525.668,320.000,0.000,0.000,0.000,0.000
-37.750,4.240,526.772,320.000,0.000,0.000,0.000,0.000
-37.500,4.274,527.878,320.000,0.000,0.000,0.000,0.000
-37.250,4.309,528.989,320.000,0.000,0.000,0.000,0.000
-37.000,4.343,530.102,320.000,0.000,0.000,0.000,0.000
-36.750,4.378,531.219,320.000,0.000,0.000,0.000,0.000
-36.500,4.414,532.339,320.000,0.000,0.000,0.000,0.000
-36.250,4.449,533.462,320.000,0.000,0.000,0.000,0.000
-36.000,4.485,534.589,320.000,0.000,0.000,0.000,0.000
-35.750,4.522,535.718,320.000,0.000,0.000,0.000,0.000
-35.500,4.558,536.850,320.000,0.000,0.000,0.000,0.000
-35.250,4.595,537.986,320.000,0.000,0.000,0.000,0.000
-35.000,4.632,539.124,320.000,0.000,0.000,0.000,0.000
-34.750,4.670,540.265,320.000,0.000,0.000,0.000,0.000
-34.500,4.708,541.409,320.000,0.000,0.000,0.000,0.000
-34.250,4.746,542.555,320.000,0.000,0.000,0.000,0.000
-34.000,4.784,543.705,320.000,0.000,0.000,0.000,0.000
-33.750,4.823,544.856,320.000,0.000,0.000,0.000,0.000
-33.500,4.862,546.011,320.000,0.000,0.000,0.000,0.000
-33.250,4.902,547.167,320.000,0.000,0.000,0.000,0.000
-33.000,4.941,548.326,320.000,0.000,0.000,0.000,0.000
-32.750,4.981,549.488,320.000,0.000,0.000,0.000,0.000
-32.500,5.022,550.651,320.000,0.000,0.000,0.000,0.000
-32.250,5.062,551.817,320.000,0.000,0.000,0.000,0.000
-32.000,5.103,552.984,320.000,0.000,0.000,0.000,0.000
-31.750,5.144,554.154,320.000,0.000,0.000,0.000,0.000
-31.500,5.186,555.326,320.000,0.000,0.000,0.000,0.000
-31.250,5.228,556.499,320.000,0.000,0.000,0.000,0.000
-31.000,5.270,557.674,320.000,0.000,0.000,0.000,0.000
-30.750,5.313,558.851,320.000,0.000,0.000,0.000,0.000
-30.500,5.355,560.029,320.000,0.000,0.000,0.000,0.000
-30.250,5.399,561.208,320.000,0.000,0.000,0.000,0.000
-30.000,5.442,562.389,320.000,0.000,0.000,0.000,0.000
-29.750,5.486,563.571,320.000,0.000,0.000,0.000,0.000
-29.500,5.530,564.755,320.000,0.000,0.000,0.000,0.000
-29.250,5.574,565.939,320.000,0.000,0.000,0.000,0.000
-29.000,5.618,567.124,320.000,0.000,0.000,0.000,0.000
-28.750,5.663,568.310,320.000,0.000,0.000,0.000,0.000
-28.500,5.709,569.496,320.000,0.000,0.000,0.000,0.000
-28.250,5.754,570.683,320.000,0.000,0.000,0.000,0.000
-28.000,5.800,571.871,320.000,0.000,0.000,0.000,0.000
-27.750,5.846,573.059,320.000,0.000,0.000,0.000,0.000
-27.500,5.892,574.247,320.000,0.000,0.000,0.000,0.000
-27.250,5.938,575.435,320.000,0.000,0.000,0.000,0.000
-27.000,5.985,576.623,320.000,0.000,0.000,0.000,0.000
-26.750,6.032,577.810,320.000,0.000,0.000,0.000,0.000
-26.500,6.080,578.998,320.000,0.000,0.000,0.000,0.000
-26.250,6.127,580.184,320.000,0.000,0.000,0.000,0.000
-26.000,6.175,581.371,320.000,0.000,0.000,0.000,0.000
-25.750,6.223,582.556,320.000,0.000,0.000,0.000,0.000
-25.500,6.271,583.740,320.000,0.000,0.000,0.000,0.000
-25.250,6.320,584.924,320.000,0.000,0.000,0.000,0.000
-25.000,6.368,586.106,320.000,0.000,0.000,0.000,0.000
-24.750,6.417,587.287,320.000,0.000,0.000,0.000,0.000
-24.500,6.466,588.466,320.000,0.000,0.000,0.000,0.000
-24.250,6.516,589.643,320.000,0.000,0.000,0.000,0.000
-24.000,6.565,590.819,320.000,0.000,0.000,0.000,0.000
-23.750,6.615,591.992,320.000,0.000,0.000,0.000,0.000
-23.500,6.665,593.164,320.000,0.000,0.000,0.000,0.000
-23.250,6.715,594.333,320.000,0.000,0.000,0.000,0.000
-23.000,6.765,595.499,320.000,0.000,0.000,0.000,0.000
-22.750,6.815,596.662,320.000,0.000,0.000,0.000,0.000
-22.500,6.866,597.823,320.000,0.000,0.000,0.000,0.000
-22.250,6.916,598.981,320.000,0.000,0.000,0.000,0.000
-22.000,6.967,600.135,320.000,0.000,0.000,0.000,0.000
-21.750,7.018,601.285,320.000,0.000,0.000,0.000,0.000
-21.500,7.069,602.432,320.000,0.000,0.000,0.000,0.000
-21.250,7.120,603.575,320.000,0.000,0.000,0.000,0.000
-21.000,7.171,604.714,320.000,0.000,0.000,0.000,0.000
-20.750,7.222,605.849,320.000,0.000,0.000,0.000,0.000
-20.500,7.273,606.979,320.000,0.000,0.000,0.000,0.000
-20.250,7.325,608.105,320.000,0.000,0.000,0.000,0.000
-20.000,7.376,609.225,320.000,0.000,0.000,0.000,0.000
-19.750,7.427,370.724,3000.000,0.000,0.000,0.000,0.000
-19.500,7.479,371.392,3000.000,0.000,0.002,0.000,0.000
-19.250,7.532,372.057,3000.000,0.000,0.010,0.000,0.000
-19.000,7.584,372.722,2709.824,0.000,0.024,0.000,0.000
-18.750,7.636,373.389,2419.210,0.000,0.044,0.000,0.000
-18.500,7.689,374.060,2180.128,0.000,0.071,0.000,0.000
-18.250,7.742,374.739,1987.021,0.000,0.104,0.000,0.000
-18.000,7.795,375.428,1829.684,0.000,0.144,0.000,0.000
-17.750,7.849,376.131,1699.701,0.000,0.190,0.000,0.000
-17.500,7.903,376.851,1590.805,0.000,0.242,0.000,0.000
-17.250,7.958,377.589,1498.396,0.000,0.301,0.000,0.000
-17.000,8.013,378.350,1419.078,0.000,0.366,0.000,0.000
-16.750,8.069,379.137,1350.304,0.000,0.438,0.000,0.000
-16.500,8.126,379.951,1290.140,0.000,0.516,0.000,0.000
-16.250,8.183,380.797,1237.092,0.000,0.600,0.000,0.000
-16.000,8.241,381.677,1189.991,0.001,0.691,0.000,0.000
-15.750,8.300,382.594,1147.910,0.001,0.788,0.000,0.000
-15.500,8.360,383.551,1110.105,0.001,0.891,0.000,0.000
-15.250,8.421,384.551,1075.971,0.001,1.001,0.000,0.000
-15.000,8.483,385.598,1045.015,0.001,1.117,0.000,0.000
-14.750,8.546,386.693,1016.828,0.001,1.239,0.000,0.000
-14.500,8.611,387.840,991.067,0.001,1.368,0.000,0.000
-14.250,8.676,389.042,967.448,0.002,1.503,0.000,0.000
-14.000,8.743,390.302,945.727,0.002,1.644,0.000,0.000
-13.750,8.811,391.623,925.699,0.002,1.792,0.000,0.000
-13.500,8.881,393.007,907.187,0.002,1.946,0.000,0.000
-13.250,8.952,394.459,890.038,0.003,2.106,0.000,0.000
-13.000,9.025,395.980,874.121,0.003,2.272,0.000,0.000
-12.750,9.100,397.574,859.321,0.003,2.445,0.000,0.000
-12.500,9.176,399.243,845.539,0.004,2.623,0.000,0.000
-12.250,9.254,400.992,832.686,0.004,2.808,0.000,0.000
-12.000,9.333,402.821,820.686,0.005,2.999,0.000,0.000
-11.750,9.415,404.736,809.469,0.005,3.196,0.000,0.000
-11.500,9.499,406.737,798.976,0.006,3.400,0.000,0.000
-11.250,9.585,408.829,789.152,0.006,3.609,0.000,0.000
-11.000,9.672,411.014,779.950,0.007,3.824,0.000,0.000
-10.750,9.763,413.296,771.326,0.007,4.045,0.000,0.000
-10.500,9.855,415.676,763.243,0.008,4.273,0.000,0.000
-10.250,9.949,418.158,755.664,0.008,4.506,0.000,0.000
-10.000,10.046,420.745,748.560,0.009,4.745,0.000,0.000
-9.750,10.146,423.440,741.902,0.010,4.990,0.000,0.000
-9.500,10.248,426.245,735.664,0.011,5.240,0.000,0.000
-9.250,10.352,429.164,729.824,0.011,5.497,0.000,0.000
-9.000,10.459,432.199,724.360,0.012,5.759,0.000,0.000
-8.750,10.569,435.352,719.253,0.013,6.026,0.000,0.000
-8.500,10.681,438.628,714.486,0.014,6.300,0.000,0.000
-8.250,10.796,442.027,710.044,0.015,6.579,0.000,0.000
-8.000,10.914,445.555,705.910,0.016,6.863,0.000,0.000
-7.750,11.035,449.212,702.073,0.017,7.153,0.000,0.000
-7.500,11.159,453.002,698.520,0.018,7.448,0.000,0.000
-7.250,11.285,456.928,695.241,0.019,7.748,0.000,0.000
-7.000,11.415,460.991,692.223,0.020,8.054,0.000,0.000
-6.750,11.548,465.196,689.459,0.021,8.365,0.000,0.000
-6.500,11.683,469.544,686.940,0.023,8.681,0.000,0.000
-6.250,11.822,474.039,684.658,0.024,9.001,0.000,0.000
-6.000,11.964,478.682,682.605,0.025,9.327,0.000,0.000
-5.750,12.109,483.476,680.774,0.027,9.658,0.000,0.000
-5.500,12.258,488.425,679.160,0.028,9.993,0.000,0.000
-5.250,12.409,493.530,677.756,0.030,10.333,0.000,0.000
-5.000,12.564,498.794,676.558,0.031,10.678,0.000,0.000
-4.750,12.722,504.220,675.560,0.033,11.027,0.000,0.000
-4.500,12.883,509.810,674.758,0.034,11.381,0.000,0.000
-4.250,13.048,515.566,674.147,0.036,11.739,0.000,0.000
-4.000,13.216,521.491,673.724,0.038,12.101,0.000,0.000
-3.750,13.387,527.587,673.485,0.040,12.467,0.000,0.000
-3.500,13.561,533.857,673.426,0.041,12.837,0.000,0.000
-3.250,13.739,540.303,673.545,0.043,13.212,0.000,0.000
-3.000,13.920,546.927,673.838,0.045,13.590,0.000,0.000
-2.750,14.105,553.732,674.304,0.047,13.971,0.000,0.000
-2.500,14.292,560.720,674.939,0.049,14.356,0.000,0.000
-2.250,14.483,567.893,675.740,0.051,14.745,0.000,0.000
-2.000,14.677,575.254,676.707,0.054,15.137,0.000,0.000
-1.750,14.874,582.803,677.837,0.056,15.532,0.000,0.000
-1.500,15.075,590.545,679.127,0.058,15.930,0.000,0.000
-1.250,15.279,598.480,680.577,0.060,16.331,0.000,0.000
-1.000,15.485,606.611,682.184,0.063,16.735,0.000,0.000
-0.750,15.695,614.939,683.947,0.065,17.142,0.000,0.000
-0.500,15.908,623.468,685.865,0.068,17.551,0.000,0.000
-0.250,16.124,632.198,687.936,0.070,17.963,0.000,0.000
0.000,16.342,641.132,690.159,0.073,18.377,0.000,0.000
0.250,16.564,650.271,692.533,0.076,18.792,0.000,0.000
0.500,16.789,659.618,695.057,0.078,19.210,0.000,0.000
0.750,17.016,669.175,697.729,0.081,19.630,0.000,0.000
1.000,17.246,678.942,700.549,0.084,20.051,0.000,0.000
1.250,17.478,688.923,703.515,0.087,20.474,0.000,0.000
1.500,17.713,699.118,706.628,0.090,20.898,0.000,0.000
1.750,17.951,709.529,709.885,0.093,21.324,0.000,0.000
2.000,18.191,720.158,713.286,0.096,21.750,0.000,0.000
2.250,18.433,730.636,720.158,0.099,22.178,0.000,0.000
2.500,18.678,740.909,730.636,0.103,22.606,0.000,0.000
2.750,18.924,751.390,740.909,0.106,23.034,0.000,0.000
3.000,19.173,762.031,751.390,0.109,23.463,0.000,0.000
3.250,19.424,772.837,762.031,0.113,23.892,0.000,0.000
3.500,19.676,783.805,772.837,0.116,24.321,0.000,0.000
3.750,19.931,794.935,783.805,0.120,24.750,0.000,0.000
4.000,20.187,806.226,794.935,0.123,25.179,0.000,0.000
4.250,20.444,817.676,806.226,0.127,25.607,0.000,0.000
4.500,20.703,829.283,817.676,0.131,26.034,0.000,0.000
4.750,20.964,841.047,829.283,0.135,26.461,0.000,0.000
5.000,21.225,852.965,841.047,0.138,26.886,0.000,0.000
5.250,21.488,865.036,852.965,0.142,27.310,0.000,0.000
5.500,21.752,877.258,865.036,0.146,27.733,0.000,0.000
5.750,22.017,889.629,877.258,0.150,28.155,0.000,0.000
6.000,22.282,902.147,889.629,0.154,28.574,0.000,0.000
6.250,22.548,914.810,902.147,0.159,28.991,0.000,0.000
6.500,22.815,927.616,914.810,0.163,29.407,0.000,0.000
6.750,23.082,940.563,927.616,0.167,29.820,0.000,0.000
7.000,23.349,953.648,940.563,0.171,30.230,0.000,0.000
7.250,23.617,966.868,953.648,0.176,30.638,0.000,0.000
7.500,23.884,980.222,966.868,0.180,31.043,0.000,0.000
7.750,24.152,993.707,980.222,0.185,31.444,0.000,0.000
8.000,24.419,1007.321,993.707,0.189,31.843,0.000,0.000
8.250,24.686,1021.059,1007.321,0.194,32.238,0.000,0.000
8.500,24.953,1034.920,1021.059,0.199,32.629,0.000,0.000
8.750,25.219,1048.901,1034.920,0.203,33.016,0.000,0.000
9.000,25.484,1062.999,1048.901,0.208,33.399,0.000,0.000
9.250,25.748,1077.211,1062.999,0.213,33.779,0.000,0.000
9.500,26.012,1091.533,1077.211,0.218,34.153,0.000,0.000
9.750,26.274,1105.963,1091.533,0.223,34.523,0.000,0.000
10.000,26.535,1120.497,1105.963,0.228,34.889,0.000,0.000
10.250,26.795,1135.132,1120.497,0.233,35.249,0.000,0.000
10.500,27.053,1149.865,1135.132,0.238,35.604,0.000,0.000
10.750,27.310,1164.692,1149.865,0.243,35.954,0.000,0.000
11.000,27.565,1179.610,1164.692,0.248,36.298,0.000,0.000
11.250,27.818,1194.615,1179.610,0.253,36.637,0.000,0.000
11.500,28.069,1209.704,1194.615,0.259,36.969,0.000,0.000
11.750,28.319,1224.873,1209.704,0.264,37.296,0.000,0.000
12.000,28.566,1240.119,1224.873,0.270,37.617,0.000,0.000
12.250,28.811,1255.437,1240.119,0.275,37.931,0.000,0.000
12.500,29.053,1270.825,1255.437,0.280,38.238,0.000,0.000
12.750,29.293,1286.277,1270.825,0.286,38.539,0.000,0.000
13.000,29.530,1301.791,1286.277,0.291,38.833,0.000,0.001
13.250,29.765,1317.362,1301.791,0.297,39.120,0.000,0.001
13.500,29.997,1332.986,1317.362,0.303,39.400,0.000,0.001
13.750,30.226,1348.660,1332.986,0.308,39.673,0.000,0.001
14.000,30.452,1364.380,1348.660,0.314,39.938,0.000,0.001
14.250,30.674,1380.141,1364.380,0.320,40.195,0.000,0.001
14.500,30.894,1395.940,1380.141,0.326,40.445,0.000,0.002
14.750,31.110,1411.772,1395.940,0.332,40.687,0.000,0.002
15.000,31.323,1427.634,1411.772,0.337,40.921,0.000,0.002
15.250,31.533,1443.520,1427.634,0.343,41.146,0.000,0.002
15.500,31.739,1459.428,1443.520,0.349,41.363,0.000,0.003
15.750,31.941,1475.353,1459.428,0.355,41.572,0.000,0.003
16.000,32.140,1491.291,1475.353,0.361,41.773,0.000,0.004
16.250,32.335,1507.238,1491.291,0.367,41.964,0.000,0.004
16.500,32.526,1523.189,1507.238,0.373,42.147,0.000,0.005
16.750,32.713,1539.140,1523.189,0.379,42.322,0.000,0.005
17.000,32.896,1555.088,1539.140,0.385,42.487,0.000,0.006
17.250,33.075,1571.028,1555.088,0.391,42.643,0.000,0.007
17.500,33.251,1586.956,1571.028,0.398,42.790,0.000,0.008
17.750,33.421,1602.867,1586.956,0.404,42.928,0.000,0.009
18.000,33.588,1618.759,1602.867,0.410,43.056,0.000,0.010
18.250,33.751,1634.626,1618.759,0.416,43.175,0.000,0.011
18.500,33.909,1650.464,1634.626,0.422,43.285,0.000,0.013
18.750,34.063,1666.270,1650.464,0.428,43.385,0.000,0.014
19.000,34.212,1682.039,1666.270,0.435,43.476,0.000,0.016
19.250,34.357,1697.767,1682.039,0.441,43.557,0.000,0.018
19.500,34.498,1713.450,1697.767,0.447,43.628,0.000,0.020
19.750,34.634,1729.085,1713.450,0.453,43.689,0.000,0.022
20.000,34.766,1744.666,1729.085,0.460,43.741,0.000,0.024
20.250,34.893,1760.192,1744.666,0.466,43.783,0.000,0.027
20.500,35.016,1775.656,1760.192,0.472,43.816,0.000,0.030
20.750,35.134,1791.056,1775.656,0.479,43.838,0.000,0.033
21.000,35.247,1806.387,1791.056,0.485,43.851,0.000,0.036
21.250,35.356,1821.647,1806.387,0.491,43.853,0.000,0.039
21.500,35.460,1836.830,1821.647,0.497,43.846,0.000,0.043
21.750,35.559,1851.934,1836.830,0.504,43.829,0.000,0.047
22.000,35.654,1866.955,1851.934,0.510,43.803,0.000,0.052
22.250,35.744,1881.889,1866.955,0.516,43.766,0.000,0.056
22.500,35.830,1896.732,1881.889,0.522,43.720,0.000,0.061
22.750,35.911,1911.481,1896.732,0.529,43.664,0.000,0.066
23.000,35.987,1926.133,1911.481,0.535,43.598,0.000,0.072
23.250,36.059,1940.684,1926.133,0.541,43.522,0.000,0.078
23.500,36.126,1955.131,1940.684,0.547,43.437,0.000,0.084
23.750,36.189,1969.471,1955.131,0.554,43.342,0.000,0.091
24.000,36.247,1983.699,1969.471,0.560,43.238,0.001,0.098
24.250,36.300,1997.814,1983.699,0.566,43.124,0.001,0.105
24.500,36.349,2011.811,1997.814,0.572,43.001,0.001,0.113
24.750,36.393,2025.689,2011.811,0.578,42.868,0.001,0.122
25.000,36.433,2039.444,2025.689,0.584,42.726,0.001,0.130
25.250,36.468,2053.072,2039.444,0.591,42.575,0.002,0.139
25.500,36.499,2066.572,2053.072,0.597,42.415,0.002,0.149
25.750,36.525,2079.940,2066.572,0.603,42.246,0.003,0.159
26.000,36.547,2093.174,2079.940,0.609,42.069,0.004,0.169
26.250,36.564,2106.271,2093.174,0.615,41.882,0.005,0.180
26.500,36.578,2119.229,2106.271,0.621,41.687,0.006,0.191
26.750,36.587,2132.044,2119.229,0.627,41.483,0.007,0.203
27.000,36.591,2144.716,2132.044,0.632,41.271,0.009,0.215
27.250,36.592,2157.240,2144.716,0.638,41.050,0.011,0.228
27.500,36.588,2169.616,2157.240,0.644,40.821,0.014,0.241
27.750,36.580,2181.841,2169.616,0.650,40.585,0.017,0.254
28.000,36.568,2193.912,2181.841,0.656,40.340,0.021,0.268
28.250,36.552,2205.829,2193.912,0.662,40.088,0.026,0.283
28.500,36.532,2217.588,2205.829,0.667,39.828,0.031,0.298
28.750,36.508,2229.188,2217.588,0.673,39.561,0.038,0.313
29.000,36.480,2240.627,2229.188,0.679,39.286,0.045,0.329
29.250,36.449,2251.904,2240.627,0.684,39.004,0.054,0.345
29.500,36.413,2263.017,2251.904,0.690,38.716,0.065,0.361
29.750,36.374,2273.964,2263.017,0.695,38.420,0.077,0.378
30.000,36.331,2284.745,2273.964,0.701,38.118,0.091,0.396
30.250,36.284,2295.357,2284.745,0.706,37.810,0.107,0.413
30.500,36.234,2305.799,2295.357,0.711,37.495,0.126,0.431
30.750,36.181,2316.070,2305.799,0.717,37.174,0.148,0.450
31.000,36.123,2326.169,2316.070,0.722,36.848,0.172,0.469
31.250,36.063,2336.095,2326.169,0.727,36.516,0.201,0.488
31.500,35.999,2345.848,2336.095,0.732,36.178,0.233,0.507
31.750,35.932,2355.422,2345.848,0.738,35.835,0.269,0.527
32.000,35.861,2364.833,2355.422,0.743,35.486,0.310,0.547
32.250,35.788,2374.032,2364.833,0.748,35.133,0.357,0.567
32.500,35.711,2383.158,2374.032,0.753,34.776,0.408,0.588
32.750,35.631,2391.786,2383.158,0.758,34.413,0.467,0.609
33.000,35.548,2401.260,2391.786,0.762,34.047,0.531,0.630
33.250,35.463,2407.191,2401.260,0.767,33.676,0.604,0.651
33.500,35.374,2424.298,2407.191,0.772,33.301,0.682,0.673
33.750,35.283,2401.845,2424.298,0.777,32.923,0.777,0.693
34.000,35.189,2438.665,2424.280,0.781,32.541,0.873,0.715
34.250,35.092,2422.852,2438.665,0.786,32.156,0.986,0.736
34.500,34.992,2459.603,2438.682,0.791,31.768,1.099,0.759
34.750,34.890,2415.262,2459.603,0.795,31.377,1.243,0.779
35.000,34.786,2451.919,2459.458,0.800,30.983,1.387,0.800
35.250,34.679,2488.475,2459.513,0.804,30.587,1.532,0.824
35.500,34.570,2402.843,2488.475,0.808,30.188,1.732,0.842
35.750,34.458,2439.263,2488.115,0.813,29.788,1.931,0.863
36.000,34.345,2475.536,2487.949,0.817,29.385,2.131,0.884
36.250,34.229,2500.000,2487.970,0.821,28.981,2.331,0.907
36.500,34.110,2491.341,2500.000,0.825,28.576,2.560,0.929
36.750,33.990,2500.000,2500.035,0.829,28.169,2.790,0.951
37.000,33.868,2500.000,2500.109,0.833,27.761,3.020,0.972
37.250,33.744,2500.000,2500.180,0.837,27.353,3.251,0.993
37.500,33.618,2500.000,2500.248,0.841,26.944,3.483,1.014
37.750,33.491,2500.000,2500.312,0.845,26.534,3.716,1.014
38.000,33.361,2500.000,2500.374,0.848,26.124,3.949,1.014
38.250,33.230,2500.000,2500.434,0.852,25.714,4.184,1.014
38.500,33.097,2500.000,2500.490,0.856,25.304,4.418,1.014
38.750,32.963,2500.000,2500.544,0.859,24.895,4.654,1.014
39.000,32.827,2500.000,2500.596,0.863,24.486,4.890,1.014
39.250,32.690,2500.000,2500.645,0.866,24.077,5.127,1.014
39.500,32.551,2500.000,2500.692,0.870,23.670,5.364,1.014
39.750,32.411,2500.000,2500.737,0.873,23.263,5.602,1.014
40.000,32.270,2500.000,2500.780,0.876,22.858,5.840,1.014
40.250,32.128,2500.000,2500.820,0.879,22.454,6.079,1.014
40.500,31.984,2500.000,2500.859,0.882,22.051,6.318,1.014
40.750,31.839,2500.000,2500.896,0.886,21.651,6.557,1.014
41.000,31.694,2500.000,2500.931,0.889,21.252,6.797,1.014
41.250,31.547,2500.000,2500.965,0.892,20.855,7.037,1.014
41.500,31.399,2500.000,2500.996,0.895,20.460,7.278,1.014
41.750,31.251,2500.000,2501.027,0.897,20.068,7.518,1.014
42.000,31.101,2500.000,2501.055,0.900,19.678,7.760,1.014
42.250,30.951,2500.000,2501.083,0.903,19.291,8.001,1.014
42.500,30.800,2500.000,2501.108,0.906,18.906,8.242,1.014
42.750,30.648,2500.000,2501.133,0.908,18.524,8.484,1.014
43.000,30.496,2500.000,2501.156,0.911,18.145,8.726,1.014
43.250,30.343,2500.000,2501.178,0.914,17.770,8.967,1.014
43.500,30.190,2500.000,2501.199,0.916,17.397,9.209,1.014
43.750,30.036,2500.000,2501.219,0.918,17.028,9.451,1.014
44.000,29.881,2500.000,2501.238,0.921,16.662,9.694,1.014
44.250,29.726,2500.000,2501.255,0.923,16.300,9.936,1.014
44.500,29.571,2500.000,2501.272,0.925,15.942,10.178,1.014
44.750,29.416,2500.000,2501.288,0.928,15.587,10.420,1.014
45.000,29.260,2500.000,2501.303,0.930,15.236,10.662,1.014
45.250,29.104,2500.000,2501.317,0.932,14.889,10.904,1.014
45.500,28.947,2500.000,2501.330,0.934,14.546,11.146,1.014
45.750,28.791,2500.000,2501.343,0.936,14.207,11.388,1.014
46.000,28.635,2500.000,2501.354,0.938,13.872,11.630,1.014
46.250,28.478,2500.000,2501.365,0.940,13.542,11.871,1.014
46.500,28.321,2500.000,2501.376,0.942,13.216,12.113,1.014
46.750,28.165,2500.000,2501.386,0.944,12.894,12.354,1.014
47.000,28.008,2500.000,2501.395,0.946,12.576,12.595,1.014
47.250,27.851,2500.000,2501.403,0.947,12.263,12.836,1.014
47.500,27.695,2500.000,2501.412,0.949,11.955,13.077,1.014
47.750,27.539,2500.000,2501.419,0.951,11.651,13.317,1.014
48.000,27.382,2500.000,2501.426,0.952,11.352,13.557,1.014
48.250,27.226,2500.000,2501.433,0.954,11.057,13.797,1.014
48.500,27.071,2500.000,2501.439,0.955,10.767,14.037,1.014
48.750,26.915,2500.000,2501.445,0.957,10.482,14.276,1.014
49.000,26.760,2500.000,2501.450,0.958,10.202,14.515,1.014
49.250,26.605,2500.000,2501.455,0.960,9.926,14.754,1.014
49.500,26.450,2500.000,2501.460,0.961,9.655,14.992,1.014
49.750,26.296,2500.000,2501.464,0.963,9.389,15.230,1.014
50.000,26.142,2500.000,2501.468,0.964,9.127,15.468,1.014
50.250,25.989,2500.000,2501.472,0.965,8.871,15.705,1.014
50.500,25.836,2500.000,2501.475,0.966,8.619,15.942,1.014
50.750,25.683,2500.000,2501.478,0.968,8.372,16.178,1.014
51.000,25.531,2500.000,2501.481,0.969,8.130,16.415,1.014
51.250,25.380,2500.000,2501.484,0.970,7.892,16.650,1.014
51.500,25.229,2500.000,2501.486,0.971,7.659,16.885,1.014
51.750,25.079,2500.000,2501.489,0.972,7.431,17.120,1.014
52.000,24.929,2500.000,2501.491,0.973,7.208,17.354,1.014
52.250,24.780,2500.000,2501.493,0.974,6.989,17.588,1.014
52.500,24.631,2500.000,2501.494,0.975,6.776,17.822,1.014
52.750,24.483,2500.000,2501.496,0.976,6.566,18.055,1.014
53.000,24.336,2500.000,2501.497,0.977,6.362,18.287,1.014
53.250,24.189,2500.000,2501.499,0.978,6.162,18.519,1.014
53.500,24.043,2500.000,2501.500,0.979,5.966,18.750,1.014
53.750,23.898,2500.000,2501.501,0.979,5.775,18.981,1.014
54.000,23.753,2500.000,2501.502,0.980,5.589,19.212,1.014
54.250,23.609,2500.000,2501.503,0.981,5.407,19.442,1.014
54.500,23.466,2500.000,2501.504,0.982,5.229,19.671,1.014
54.750,23.324,2500.000,2501.504,0.983,5.056,19.900,1.014
55.000,23.182,2500.000,2501.505,0.983,4.887,20.128,1.014
55.250,23.042,2500.000,2501.505,0.984,4.722,20.356,1.014
55.500,22.902,2500.000,2501.506,0.985,4.561,20.583,1.014
55.750,22.762,2500.000,2501.506,0.985,4.405,20.810,1.014
56.000,22.624,2500.000,2501.506,0.986,4.253,21.036,1.014
56.250,22.486,2500.000,2501.507,0.986,4.105,21.262,1.014
56.500,22.350,2500.000,2501.507,0.987,3.960,21.487,1.014
56.750,22.214,2500.000,2501.507,0.987,3.820,21.712,1.014
57.000,22.079,2500.000,2501.507,0.988,3.683,21.936,1.014
57.250,21.944,2500.000,2501.507,0.989,3.551,22.159,1.014
57.500,21.811,2500.000,2501.507,0.989,3.422,22.382,1.014
57.750,21.679,2500.000,2501.507,0.989,3.296,22.604,1.014
58.000,21.547,2500.000,2501.507,0.990,3.175,22.826,1.014
58.250,21.416,2500.000,2501.507,0.990,3.057,23.047,1.014
58.500,21.286,2500.000,2501.507,0.991,2.942,23.267,1.014
58.750,21.157,2500.000,2501.507,0.991,2.831,23.487,1.014
59.000,21.029,2500.000,2501.507,0.992,2.723,23.706,1.014
59.250,20.902,2500.000,2501.507,0.992,2.619,23.925,1.014
59.500,20.776,2500.000,2501.507,0.992,2.517,24.143,1.014
59.750,20.650,2500.000,2501.507,0.993,2.419,24.361,1.014
60.000,20.525,2500.000,2501.507,0.993,2.324,24.578,1.014
60.250,20.546,2500.000,2501.655,1.000,48.837,24.797,1.014
60.500,20.415,2500.000,2501.655,1.000,0.000,25.015,1.014
60.750,20.286,2500.000,2501.655,1.000,0.000,25.233,1.014
61.000,20.159,2500.000,2501.655,1.000,0.000,25.450,1.014
61.250,20.032,2500.000,2501.655,1.000,0.000,25.666,1.014
61.500,19.907,2500.000,2501.655,1.000,0.000,25.882,1.014
61.750,19.783,2500.000,2501.655,1.000,0.000,26.096,1.014
62.000,19.660,2500.000,2501.655,1.000,0.000,26.311,1.014
62.250,19.538,2500.000,2501.655,1.000,0.000,26.524,1.014
62.500,19.417,2500.000,2501.655,1.000,0.000,26.737,1.014
62.750,19.298,2500.000,2501.655,1.000,0.000,26.949,1.014
63.000,19.180,2500.000,2501.655,1.000,0.000,27.161,1.014
63.250,19.062,2500.000,2501.655,1.000,0.000,27.372,1.014
63.500,18.946,2500.000,2501.655,1.000,0.000,27.582,1.014
63.750,18.831,2500.000,2501.655,1.000,0.000,27.792,1.014
64.000,18.717,2500.000,2501.655,1.000,0.000,28.001,1.014
64.250,18.605,2500.000,2501.655,1.000,0.000,28.209,1.014
64.500,18.493,2500.000,2501.655,1.000,0.000,28.417,1.014
64.750,18.382,2500.000,2501.655,1.000,0.000,28.624,1.014
65.000,18.272,2500.000,2501.655,1.000,0.000,28.831,1.014
65.250,18.164,2500.000,2501.655,1.000,0.000,29.037,1.014
65.500,18.056,2500.000,2501.655,1.000,0.000,29.242,1.014
65.750,17.949,2500.000,2501.655,1.000,0.000,29.447,1.014
66.000,17.844,2500.000,2501.655,1.000,0.000,29.651,1.014
66.250,17.739,2500.000,2501.655,1.000,0.000,29.854,1.014
66.500,17.635,2500.000,2501.655,1.000,0.000,30.057,1.014
66.750,17.533,2500.000,2501.655,1.000,0.000,30.259,1.014
67.000,17.431,2500.000,2501.655,1.000,0.000,30.461,1.014
67.250,17.330,2500.000,2501.655,1.000,0.000,30.662,1.014
67.500,17.230,2500.000,2501.655,1.000,0.000,30.863,1.014
67.750,17.131,2500.000,2501.655,1.000,0.000,31.063,1.014
68.000,17.033,2500.000,2501.655,1.000,0.000,31.262,1.014
68.250,16.936,2500.000,2501.655,1.000,0.000,31.461,1.014
68.500,16.840,2500.000,2501.655,1.000,0.000,31.659,1.014
68.750,16.745,2500.000,2501.655,1.000,0.000,31.857,1.014
69.000,16.650,2500.000,2501.655,1.000,0.000,32.054,1.014
69.250,16.557,2500.000,2501.655,1.000,0.000,32.251,1.014
69.500,16.464,2500.000,2501.655,1.000,0.000,32.447,1.014
69.750,16.372,2500.000,2501.655,1.000,0.000,32.642,1.014
70.000,16.281,2500.000,2501.655,1.000,0.000,32.837,1.014
70.250,16.191,2500.000,2501.655,1.000,0.000,33.031,1.014
70.500,16.101,2500.000,2501.655,1.000,0.000,33.225,1.014
70.750,16.013,2500.000,2501.655,1.000,0.000,33.419,1.014
71.000,15.925,2500.000,2501.655,1.000,0.000,33.611,1.014
71.250,15.838,2500.000,2501.655,1.000,0.000,33.804,1.014
71.500,15.752,2500.000,2501.655,1.000,0.000,33.995,1.014
71.750,15.667,2500.000,2501.655,1.000,0.000,34.187,1.014
72.000,15.582,2500.000,2501.655,1.000,0.000,34.377,1.014
72.250,15.498,2500.000,2501.655,1.000,0.000,34.568,1.014
72.500,15.415,2500.000,2501.655,1.000,0.000,34.757,1.014
72.750,15.333,2500.000,2501.655,1.000,0.000,34.946,1.014
73.000,15.251,2500.000,2501.655,1.000,0.000,35.135,1.014
73.250,15.170,2500.000,2501.655,1.000,0.000,35.323,1.014
73.500,15.090,2500.000,2501.655,1.000,0.000,35.511,1.014
73.750,15.011,2500.000,2501.655,1.000,0.000,35.698,1.014
74.000,14.932,2500.000,2501.655,1.000,0.000,35.885,1.014
74.250,14.854,2500.000,2501.655,1.000,0.000,36.071,1.014
74.500,14.777,2500.000,2501.655,1.000,0.000,36.257,1.014
74.750,14.700,2500.000,2501.655,1.000,0.000,36.442,1.014
75.000,14.624,2500.000,2501.655,1.000,0.000,36.627,1.014
75.250,14.549,2500.000,2501.655,1.000,0.000,36.811,1.014
75.500,14.475,2500.000,2501.655,1.000,0.000,36.995,1.014
75.750,14.401,2500.000,2501.655,1.000,0.000,37.178,1.014
76.000,14.328,2500.000,2501.655,1.000,0.000,37.361,1.014
76.250,14.255,2500.000,2501.655,1.000,0.000,37.544,1.014
76.500,14.183,2500.000,2501.655,1.000,0.000,37.726,1.014
76.750,14.112,2500.000,2501.655,1.000,0.000,37.907,1.014
77.000,14.041,2500.000,2501.655,1.000,0.000,38.088,1.014
77.250,13.971,2500.000,2501.655,1.000,0.000,38.269,1.014
77.500,13.902,2500.000,2501.655,1.000,0.000,38.449,1.014
77.750,13.833,2500.000,2501.655,1.000,0.000,38.628,1.014
78.000,13.765,2500.000,2501.655,1.000,0.000,38.808,1.014
78.250,13.697,2500.000,2501.655,1.000,0.000,38.987,1.014
78.500,13.630,2500.000,2501.655,1.000,0.000,39.165,1.014
78.750,13.564,2500.000,2501.655,1.000,0.000,39.343,1.014
79.000,13.498,2500.000,2501.655,1.000,0.000,39.520,1.014
79.250,13.432,2500.000,2501.655,1.000,0.000,39.697,1.014
79.500,13.368,2500.000,2501.655,1.000,0.000,39.874,1.014
79.750,13.304,2500.000,2501.655,1.000,0.000,40.050,1.014
80.000,13.240,2500.000,2501.655,1.000,0.000,40.226,1.014
80.250,13.177,2500.000,2501.655,1.000,0.000,40.401,1.014
80.500,13.114,2500.000,2501.655,1.000,0.000,40.576,1.014
80.750,13.053,2500.000,2501.655,1.000,0.000,40.751,1.014
81.000,12.991,2500.000,2501.655,1.000,0.000,40.925,1.014
81.250,12.930,2500.000,2501.655,1.000,0.000,41.099,1.014
81.500,12.870,2500.000,2501.655,1.000,0.000,41.272,1.014
81.750,12.810,2500.000,2501.655,1.000,0.000,41.445,1.014
82.000,12.751,2500.000,2501.655,1.000,0.000,41.618,1.014
82.250,12.692,2500.000,2501.655,1.000,0.000,41.790,1.014
82.500,12.634,2500.000,2501.655,1.000,0.000,41.961,1.014
82.750,12.576,2500.000,2501.655,1.000,0.000,42.133,1.014
83.000,12.518,2500.000,2501.655,1.000,0.000,42.304,1.014
83.250,12.462,2500.000,2501.655,1.000,0.000,42.474,1.014
83.500,12.405,2500.000,2501.655,1.000,0.000,42.644,1.014
83.750,12.349,2500.000,2501.655,1.000,0.000,42.814,1.014
84.000,12.294,2500.000,2501.655,1.000,0.000,42.984,1.014
84.250,12.239,2500.000,2501.655,1.000,0.000,43.153,1.014
84.500,12.185,2500.000,2501.655,1.000,0.000,43.321,1.014
84.750,12.131,2500.000,2501.655,1.000,0.000,43.489,1.014
85.000,12.077,2500.000,2501.655,1.000,0.000,43.657,1.014
85.250,12.024,2500.000,2501.655,1.000,0.000,43.825,1.014
85.500,11.971,2500.000,2501.655,1.000,0.000,43.992,1.014
85.750,11.919,2500.000,2501.655,1.000,0.000,44.159,1.014
86.000,11.868,2500.000,2501.655,1.000,0.000,44.325,1.014
86.250,11.816,2500.000,2501.655,1.000,0.000,44.491,1.014
86.500,11.765,2500.000,2501.655,1.000,0.000,44.657,1.014
86.750,11.715,2500.000,2501.655,1.000,0.000,44.822,1.014
87.000,11.665,2500.000,2501.655,1.000,0.000,44.987,1.014
87.250,11.615,2500.000,2501.655,1.000,0.000,45.152,1.014
87.500,11.566,2500.000,2501.655,1.000,0.000,45.316,1.014
87.750,11.517,2500.000,2501.655,1.000,0.000,45.480,1.014
88.000,11.469,2500.000,2501.655,1.000,0.000,45.644,1.014
88.250,11.421,2500.000,2501.655,1.000,0.000,45.807,1.014
88.500,11.373,2500.000,2501.655,1.000,0.000,45.970,1.014
88.750,11.326,2500.000,2501.655,1.000,0.000,46.133,1.014
89.000,11.279,2500.000,2501.655,1.000,0.000,46.295,1.014
89.250,11.233,2500.000,2501.655,1.000,0.000,46.457,1.014
89.500,11.187,2500.000,2501.655,1.000,0.000,46.619,1.014
89.750,11.141,2500.000,2501.655,1.000,0.000,46.780,1.014
90.000,11.096,2500.000,2501.655,1.000,0.000,46.941,1.014
90.250,11.051,2500.000,2501.655,1.000,0.000,47.101,1.014
90.500,11.007,2500.000,2501.655,1.000,0.000,47.262,1.014
90.750,10.962,2500.000,2501.655,1.000,0.000,47.422,1.014
91.000,10.919,2500.000,2501.655,1.000,0.000,47.581,1.014
91.250,10.875,2500.000,2501.655,1.000,0.000,47.741,1.014
91.500,10.832,2500.000,2501.655,1.000,0.000,47.900,1.014
91.750,10.789,2500.000,2501.655,1.000,0.000,48.058,1.014
92.000,10.747,2500.000,2501.655,1.000,0.000,48.217,1.014
92.250,10.705,2500.000,2501.655,1.000,0.000,48.375,1.014
92.500,10.663,2500.000,2501.655,1.000,0.000,48.533,1.014
92.750,10.622,2500.000,2501.655,1.000,0.000,48.690,1.014
93.000,10.581,2500.000,2501.655,1.000,0.000,48.847,1.014
93.250,10.540,2500.000,2501.655,1.000,0.000,49.004,1.014
93.500,10.500,2500.000,2501.655,1.000,0.000,49.161,1.014
93.750,10.460,2500.000,2501.655,1.000,0.000,49.317,1.014
94.000,10.420,2500.000,2501.655,1.000,0.000,49.473,1.014
94.250,10.381,2500.000,2501.655,1.000,0.000,49.628,1.014
94.500,10.341,2500.000,2501.655,1.000,0.000,49.784,1.014
94.750,10.303,2500.000,2501.655,1.000,0.000,49.939,1.014
95.000,10.264,2500.000,2501.655,1.000,0.000,50.094,1.014
95.250,10.226,2500.000,2501.655,1.000,0.000,50.248,1.014
95.500,10.188,2500.000,2501.655,1.000,0.000,50.402,1.014
95.750,10.151,2500.000,2501.655,1.000,0.000,50.556,1.014
96.000,10.114,2500.000,2501.655,1.000,0.000,50.710,1.014
96.250,10.077,2500.000,2501.655,1.000,0.000,50.863,1.014
96.500,10.040,2500.000,2501.655,1.000,0.000,51.016,1.014
96.750,10.004,2500.000,2501.655,1.000,0.000,51.169,1.014
97.000,9.968,2500.000,2501.655,1.000,0.000,51.322,1.014
97.250,9.932,2500.000,2501.655,1.000,0.000,51.474,1.014
97.500,9.896,2500.000,2501.655,1.000,0.000,51.626,1.014
97.750,9.861,2500.000,2501.655,1.000,0.000,51.778,1.014
98.000,9.826,2500.000,2501.655,1.000,0.000,51.929,1.014
98.250,9.791,2500.000,2501.655,1.000,0.000,52.080,1.014
98.500,9.757,2500.000,2501.655,1.000,0.000,52.231,1.014
98.750,9.723,2500.000,2501.655,1.000,0.000,52.382,1.014
99.000,9.689,2500.000,2501.655,1.000,0.000,52.532,1.014
99.250,9.656,2500.000,2501.655,1.000,0.000,52.682,1.014
99.500,9.622,2500.000,2501.655,1.000,0.000,52.832,1.014
99.750,9.589,2500.000,2501.655,1.000,0.000,52.982,1.014
100.000,9.556,2500.000,2501.655,1.000,0.000,53.131,1.014
100.250,9.524,2500.000,2501.655,1.000,0.000,53.280,1.014
100.500,9.492,2500.000,2501.655,1.000,0.000,53.429,1.014
100.750,9.460,2500.000,2501.655,1.000,0.000,53.578,1.014
101.000,9.428,2500.000,2501.655,1.000,0.000,53.726,1.014
101.250,9.396,2500.000,2501.655,1.000,0.000,53.874,1.014
101.500,9.365,2500.000,2501.655,1.000,0.000,54.022,1.014
101.750,9.334,2500.000,2501.655,1.000,0.000,54.170,1.014
102.000,9.303,2500.000,2501.655,1.000,0.000,54.317,1.014
102.250,9.273,2500.000,2501.655,1.000,0.000,54.464,1.014
102.500,9.242,2500.000,2501.655,1.000,0.000,54.611,1.014
102.750,9.212,2500.000,2501.655,1.000,0.000,54.758,1.014
103.000,9.182,2500.000,2501.655,1.000,0.000,54.904,1.014
103.250,9.153,2500.000,2501.655,1.000,0.000,55.050,1.014
103.500,9.123,2500.000,2501.655,1.000,0.000,55.196,1.014
103.750,9.094,2500.000,2501.655,1.000,0.000,55.342,1.014
104.000,9.065,2500.000,2501.655,1.000,0.000,55.487,1.014
104.250,9.037,2500.000,2501.655,1.000,0.000,55.633,1.014
104.500,9.008,2500.000,2501.655,1.000,0.000,55.778,1.014
104.750,8.980,2500.000,2501.655,1.000,0.000,55.922,1.014
105.000,8.952,2500.000,2501.655,1.000,0.000,56.067,1.014
105.250,8.924,2500.000,2501.655,1.000,0.000,56.211,1.014
105.500,8.896,2500.000,2501.655,1.000,0.000,56.355,1.014
105.750,8.869,2500.000,2501.655,1.000,0.000,56.499,1.014
106.000,8.842,2500.000,2501.655,1.000,0.000,56.643,1.014
106.250,8.815,2500.000,2501.655,1.000,0.000,56.786,1.014
106.500,8.788,2500.000,2501.655,1.000,0.000,56.930,1.014
106.750,8.761,2500.000,2501.655,1.000,0.000,57.073,1.014
107.000,8.735,2500.000,2501.655,1.000,0.000,57.215,1.014
107.250,8.709,2500.000,2501.655,1.000,0.000,57.358,1.014
107.500,8.683,2500.000,2501.655,1.000,0.000,57.500,1.014
107.750,8.657,2500.000,2501.655,1.000,0.000,57.642,1.014
108.000,8.632,2500.000,2501.655,1.000,0.000,57.784,1.014
108.250,8.606,2500.000,2501.655,1.000,0.000,57.926,1.014
108.500,8.581,2500.000,2501.655,1.000,0.000,58.068,1.014
108.750,8.556,2500.000,2501.655,1.000,0.000,58.209,1.014
109.000,8.531,2500.000,2501.655,1.000,0.000,58.350,1.014
109.250,8.507,2500.000,2501.655,1.000,0.000,58.491,1.014
109.500,8.482,2500.000,2501.655,1.000,0.000,58.632,1.014
109.750,8.458,2500.000,2501.655,1.000,0.000,58.772,1.014
110.000,8.434,2500.000,2501.655,1.000,0.000,58.912,1.014
110.250,8.410,2500.000,2501.655,1.000,0.000,59.053,1.014
110.500,8.386,2500.000,2501.655,1.000,0.000,59.193,1.014
110.750,8.363,2500.000,2501.655,1.000,0.000,59.332,1.014
111.000,8.339,2500.000,2501.655,1.000,0.000,59.472,1.014
111.250,8.316,2500.000,2501.655,1.000,0.000,59.611,1.014
111.500,8.293,2500.000,2501.655,1.000,0.000,59.750,1.014
111.750,8.270,2500.000,2501.655,1.000,0.000,59.889,1.014
112.000,8.248,2500.000,2501.655,1.000,0.000,60.028,1.014
112.250,8.225,2500.000,2501.655,1.000,0.000,60.166,1.014
112.500,8.203,2500.000,2501.655,1.000,0.000,60.305,1.014
112.750,8.181,2500.000,2501.655,1.000,0.000,60.443,1.014
113.000,8.159,2500.000,2501.655,1.000,0.000,60.581,1.014
113.250,8.137,2500.000,2501.655,1.000,0.000,60.719,1.014
113.500,8.115,2500.000,2501.655,1.000,0.000,60.856,1.014
113.750,8.094,2500.000,2501.655,1.000,0.000,60.994,1.014
114.000,8.073,2500.000,2501.655,1.000,0.000,61.131,1.014
114.250,8.051,2500.000,2501.655,1.000,0.000,61.268,1.014
114.500,8.030,2500.000,2501.655,1.000,0.000,61.405,1.014
114.750,8.010,2500.000,2501.655,1.000,0.000,61.542,1.014
115.000,7.989,2500.000,2501.655,1.000,0.000,61.678,1.014
115.250,7.968,2500.000,2501.655,1.000,0.000,61.815,1.014
115.500,7.948,2500.000,2501.655,1.000,0.000,61.951,1.014
115.750,7.928,2500.000,2501.655,1.000,0.000,62.087,1.014
116.000,7.908,2500.000,2501.655,1.000,0.000,62.223,1.014
116.250,7.888,2500.000,2501.655,1.000,0.000,62.359,1.014
116.500,7.868,2500.000,2501.655,1.000,0.000,62.494,1.014
116.750,7.848,2500.000,2501.655,1.000,0.000,62.630,1.014
117.000,7.829,2500.000,2501.655,1.000,0.000,62.765,1.014
117.250,7.809,2500.000,2501.655,1.000,0.000,62.900,1.014
117.500,7.790,2500.000,2501.655,1.000,0.000,63.035,1.014
117.750,7.771,2500.000,2501.655,1.000,0.000,63.169,1.014
118.000,7.752,2500.000,2501.655,1.000,0.000,63.304,1.014
118.250,7.734,2500.000,2501.655,1.000,0.000,63.438,1.014
118.500,7.715,2500.000,2501.655,1.000,0.000,63.572,1.014
118.750,7.696,2500.000,2501.655,1.000,0.000,63.706,1.014
119.000,7.678,2500.000,2501.655,1.000,0.000,63.840,1.014
119.250,7.660,2500.000,2501.655,1.000,0.000,63.974,1.014
119.500,7.642,2500.000,2501.655,1.000,0.000,64.107,1.014
119.750,7.624,2500.000,2501.655,1.000,0.000,64.241,1.014
120.000,7.606,2500.000,2501.655,1.000,0.000,64.374,1.014
120.250,7.588,2500.000,2501.655,1.000,0.000,64.507,1.014
120.500,7.571,2500.000,2501.655,1.000,0.000,64.640,1.014
120.750,7.553,2500.000,2501.655,1.000,0.000,64.773,1.014
121.000,7.536,2500.000,2501.655,1.000,0.000,64.906,1.014
121.250,7.519,2500.000,2501.655,1.000,0.000,65.038,1.014
121.500,7.502,2500.000,2501.655,1.000,0.000,65.170,1.014
121.750,7.485,2500.000,2501.655,1.000,0.000,65.303,1.014
122.000,7.468,2500.000,2501.655,1.000,0.000,65.435,1.014
122.250,7.451,2500.000,2501.655,1.000,0.000,65.566,1.014
122.500,7.435,2500.000,2501.655,1.000,0.000,65.698,1.014
122.750,7.419,2500.000,2501.655,1.000,0.000,65.830,1.014
123.000,7.402,2500.000,2501.655,1.000,0.000,65.961,1.014
123.250,7.386,2500.000,2501.655,1.000,0.000,66.093,1.014
123.500,7.370,2500.000,2501.655,1.000,0.000,66.224,1.014
123.750,7.354,2500.000,2501.655,1.000,0.000,66.355,1.014
124.000,7.338,2500.000,2501.655,1.000,0.000,66.486,1.014
124.250,7.323,2500.000,2501.655,1.000,0.000,66.616,1.014
124.500,7.307,2500.000,2501.655,1.000,0.000,66.747,1.014
124.750,7.292,2500.000,2501.655,1.000,0.000,66.877,1.014
125.000,7.276,2500.000,2501.655,1.000,0.000,67.008,1.014
125.250,7.261,2500.000,2501.655,1.000,0.000,67.138,1.014
125.500,7.246,2500.000,2501.655,1.000,0.000,67.268,1.014
125.750,7.231,2500.000,2501.655,1.000,0.000,67.398,1.014
126.000,7.216,2500.000,2501.655,1.000,0.000,67.528,1.014
126.250,7.201,2500.000,2501.655,1.000,0.000,67.657,1.014
126.500,7.186,2500.000,2501.655,1.000,0.000,67.787,1.014
126.750,7.172,2500.000,2501.655,1.000,0.000,67.916,1.014
127.000,7.157,2500.000,2501.655,1.000,0.000,68.045,1.014
127.250,7.143,2500.000,2501.655,1.000,0.000,68.175,1.014
127.500,7.129,2500.000,2501.655,1.000,0.000,68.304,1.014
127.750,7.115,2500.000,2501.655,1.000,0.000,68.432,1.014
128.000,7.101,2500.000,2501.655,1.000,0.000,68.561,1.014
128.250,7.087,2500.000,2501.655,1.000,0.000,68.690,1.014
128.500,7.073,2500.000,2501.655,1.000,0.000,68.818,1.014
128.750,7.059,2500.000,2501.655,1.000,0.000,68.947,1.014
129.000,7.046,2500.000,2501.655,1.000,0.000,69.075,1.014
129.250,7.032,2500.000,2501.655,1.000,0.000,69.203,1.014
129.500,7.019,2500.000,2501.655,1.000,0.000,69.331,1.014
129.750,7.005,2500.000,2501.655,1.000,0.000,69.459,1.014
130.000,6.992,2500.000,2501.655,1.000,0.000,69.587,1.014
130.250,6.979,2500.000,2501.655,1.000,0.000,69.714,1.014
130.500,6.966,2500.000,2501.655,1.000,0.000,69.842,1.014
130.750,6.953,2500.000,2501.655,1.000,0.000,69.969,1.014
131.000,6.940,2500.000,2501.655,1.000,0.000,70.096,1.014
131.250,6.927,2500.000,2501.655,1.000,0.000,70.224,1.014
131.500,6.915,2500.000,2501.655,1.000,0.000,70.351,1.014
131.750,6.902,2500.000,2501.655,1.000,0.000,70.478,1.014
132.000,6.890,2500.000,2501.655,1.000,0.000,70.604,1.014
132.250,6.878,2500.000,2501.655,1.000,0.000,70.731,1.014
132.500,6.865,2500.000,2501.655,1.000,0.000,70.858,1.014
132.750,6.853,2500.000,2501.655,1.000,0.000,70.984,1.014
133.000,6.841,2500.000,2501.655,1.000,0.000,71.111,1.014
133.250,6.829,2500.000,2501.655,1.000,0.000,71.237,1.014
133.500,6.817,2500.000,2501.655,1.000,0.000,71.363,1.014
133.750,6.805,2500.000,2501.655,1.000,0.000,71.489,1.014
134.000,6.794,2500.000,2501.655,1.000,0.000,71.615,1.014
134.250,6.782,2500.000,2501.655,1.000,0.000,71.741,1.014
134.500,6.771,2500.000,2501.655,1.000,0.000,71.866,1.014
134.750,6.759,2500.000,2501.655,1.000,0.000,71.992,1.014
135.000,6.748,2500.000,2501.655,1.000,0.000,72.118,1.014
135.250,6.736,2500.000,2501.655,1.000,0.000,72.243,1.014
135.500,6.725,2500.000,2501.655,1.000,0.000,72.368,1.014
135.750,6.714,2500.000,2501.655,1.000,0.000,72.493,1.014
136.000,6.703,2500.000,2501.655,1.000,0.000,72.618,1.014
136.250,6.692,2500.000,2501.655,1.000,0.000,72.743,1.014
136.500,6.681,2500.000,2501.655,1.000,0.000,72.868,1.014
136.750,6.671,2500.000,2501.655,1.000,0.000,72.993,1.014
137.000,6.660,2500.000,2501.655,1.000,0.000,73.118,1.014
137.250,6.649,2500.000,2501.655,1.000,0.000,73.242,1.014
137.500,6.639,2500.000,2501.655,1.000,0.000,73.367,1.014
137.750,6.628,2500.000,2501.655,1.000,0.000,73.491,1.014
138.000,6.618,2500.000,2501.655,1.000,0.000,73.616,1.014
138.250,6.608,2500.000,2501.655,1.000,0.000,73.740,1.014
138.500,6.598,2500.000,2501.655,1.000,0.000,73.864,1.014
138.750,6.587,2500.000,2501.655,1.000,0.000,73.988,1.014
139.000,6.577,2500.000,2501.655,1.000,0.000,74.112,1.014
139.250,6.567,2500.000,2501.655,1.000,0.000,74.236,1.014
139.500,6.558,2500.000,2501.655,1.000,0.000,74.359,1.014
139.750,6.548,2500.000,2501.655,1.000,0.000,74.483,1.014
140.000,6.538,2500.000,2501.655,1.000,0.000,74.606,1.014
140.250,6.528,2500.000,2501.655,1.000,0.000,74.730,1.014
140.500,6.519,2500.000,2501.655,1.000,0.000,74.853,1.014
140.750,6.509,2500.000,2501.655,1.000,0.000,74.977,1.014
141.000,6.500,2500.000,2501.655,1.000,0.000,75.100,1.014
141.250,6.491,2500.000,2501.655,1.000,0.000,75.223,1.014
141.500,6.481,2500.000,2501.655,1.000,0.000,75.346,1.014
141.750,6.472,2500.000,2501.655,1.000,0.000,75.469,1.014
142.000,6.463,2500.000,2501.655,1.000,0.000,75.592,1.014
142.250,6.454,2500.000,2501.655,1.000,0.000,75.714,1.014
142.500,6.445,2500.000,2501.655,1.000,0.000,75.837,1.014
142.750,6.436,2500.000,2501.655,1.000,0.000,75.959,1.014
143.000,6.427,2500.000,2501.655,1.000,0.000,76.082,1.014
143.250,6.418,2500.000,2501.655,1.000,0.000,76.204,1.014
143.500,6.410,2500.000,2501.655,1.000,0.000,76.327,1.014
143.750,6.401,2500.000,2501.655,1.000,0.000,76.449,1.014
144.000,6.393,2500.000,2501.655,1.000,0.000,76.571,1.014
144.250,6.384,2500.000,2501.655,1.000,0.000,76.693,1.014
144.500,6.376,2500.000,2501.655,1.000,0.000,76.815,1.014
144.750,6.367,2500.000,2501.655,1.000,0.000,76.937,1.014
145.000,6.359,2500.000,2501.655,1.000,0.000,77.059,1.014
145.250,6.351,2500.000,2501.655,1.000,0.000,77.181,1.014
145.500,6.343,2500.000,2501.655,1.000,0.000,77.302,1.014
145.750,6.335,2500.000,2501.655,1.000,0.000,77.424,1.014
146.000,6.327,2500.000,2501.655,1.000,0.000,77.545,1.014
146.250,6.319,2500.000,2501.655,1.000,0.000,77.667,1.014
146.500,6.311,2500.000,2501.655,1.000,0.000,77.788,1.014
146.750,6.303,2500.000,2501.655,1.000,0.000,77.910,1.014
147.000,6.295,2500.000,2501.655,1.000,0.000,78.031,1.014
147.250,6.288,2500.000,2501.655,1.000,0.000,78.152,1.014
147.500,6.280,2500.000,2501.655,1.000,0.000,78.273,1.014
147.750,6.272,2500.000,2501.655,1.000,0.000,78.394,1.014
148.000,6.265,2500.000,2501.655,1.000,0.000,78.515,1.014
148.250,6.258,2500.000,2501.655,1.000,0.000,78.636,1.014
148.500,6.250,2500.000,2501.655,1.000,0.000,78.757,1.014
148.750,6.243,2500.000,2501.655,1.000,0.000,78.877,1.014
149.000,6.236,2500.000,2501.655,1.000,0.000,78.998,1.014
149.250,6.229,2500.000,2501.655,1.000,0.000,79.118,1.014
149.500,6.221,2500.000,2501.655,1.000,0.000,79.239,1.014
149.750,6.214,2500.000,2501.655,1.000,0.000,79.359,1.014
150.000,6.207,2500.000,2501.655,1.000,0.000,79.480,1.014
150.250,6.201,2500.000,2501.655,1.000,0.000,79.600,1.014
150.500,6.194,2500.000,2501.655,1.000,0.000,79.720,1.014
150.750,6.187,2500.000,2501.655,1.000,0.000,79.841,1.014
151.000,6.180,2500.000,2501.655,1.000,0.000,79.961,1.014
151.250,6.173,2500.000,2501.655,1.000,0.000,80.081,1.014
151.500,6.167,2500.000,2501.655,1.000,0.000,80.201,1.014
151.750,6.160,2500.000,2501.655,1.000,0.000,80.321,1.014
152.000,6.154,2500.000,2501.655,1.000,0.000,80.440,1.014
152.250,6.147,2500.000,2501.655,1.000,0.000,80.560,1.014
152.500,6.141,2500.000,2501.655,1.000,0.000,80.680,1.014
152.750,6.135,2500.000,2501.655,1.000,0.000,80.800,1.014
153.000,6.128,2500.000,2501.655,1.000,0.000,80.919,1.014
153.250,6.122,2500.000,2501.655,1.000,0.000,81.039,1.014
153.500,6.116,2500.000,2501.655,1.000,0.000,81.158,1.014
153.750,6.110,2500.000,2501.655,1.000,0.000,81.278,1.014
154.000,6.104,2500.000,2501.655,1.000,0.000,81.397,1.014
154.250,6.098,2500.000,2501.655,1.000,0.000,81.516,1.014
154.500,6.092,2500.000,2501.655,1.000,0.000,81.636,1.014
154.750,6.086,2500.000,2501.655,1.000,0.000,81.755,1.014
155.000,6.080,2500.000,2501.655,1.000,0.000,81.874,1.014
155.250,6.075,2500.000,2501.655,1.000,0.000,81.993,1.014
155.500,6.069,2500.000,2501.655,1.000,0.000,82.112,1.014
155.750,6.063,2500.000,2501.655,1.000,0.000,82.231,1.014
156.000,6.058,2500.000,2501.655,1.000,0.000,82.350,1.014
156.250,6.052,2500.000,2501.655,1.000,0.000,82.469,1.014
156.500,6.047,2500.000,2501.655,1.000,0.000,82.588,1.014
156.750,6.041,2500.000,2501.655,1.000,0.000,82.706,1.014
157.000,6.036,2500.000,2501.655,1.000,0.000,82.825,1.014
157.250,6.031,2500.000,2501.655,1.000,0.000,82.944,1.014
157.500,6.025,2500.000,2501.655,1.000,0.000,83.062,1.014
157.750,6.020,2500.000,2501.655,1.000,0.000,83.181,1.014
158.000,6.015,2500.000,2501.655,1.000,0.000,83.299,1.014
158.250,6.010,2500.000,2501.655,1.000,0.000,83.418,1.014
158.500,6.005,2500.000,2501.655,1.000,0.000,83.536,1.014
158.750,6.000,2500.000,2501.655,1.000,0.000,83.654,1.014
159.000,5.995,2500.000,2501.655,1.000,0.000,83.773,1.014
159.250,5.990,2500.000,2501.655,1.000,0.000,83.891,1.014
159.500,5.985,2500.000,2501.655,1.000,0.000,84.009,1.014
159.750,5.981,2500.000,2501.655,1.000,0.000,84.127,1.014
160.000,5.976,2500.000,2501.655,1.000,0.000,84.245,1.014
160.250,5.971,2500.000,2501.655,1.000,0.000,84.363,1.014
160.500,5.967,2500.000,2501.655,1.000,0.000,84.481,1.014
160.750,5.962,2500.000,2501.655,1.000,0.000,84.599,1.014
161.000,5.957,2500.000,2501.655,1.000,0.000,84.717,1.014
161.250,5.953,2500.000,2501.655,1.000,0.000,84.835,1.014
161.500,5.949,2500.000,2501.655,1.000,0.000,84.953,1.014
161.750,5.944,2500.000,2501.655,1.000,0.000,85.071,1.014
162.000,5.940,2500.000,2501.655,1.000,0.000,85.189,1.014
162.250,5.936,2500.000,2501.655,1.000,0.000,85.306,1.014
162.500,5.931,2500.000,2501.655,1.000,0.000,85.424,1.014
162.750,5.927,2500.000,2501.655,1.000,0.000,85.542,1.014
163.000,5.923,2500.000,2501.655,1.000,0.000,85.659,1.014
163.250,5.919,2500.000,2501.655,1.000,0.000,85.777,1.014
163.500,5.915,2500.000,2501.655,1.000,0.000,85.894,1.014
163.750,5.911,2500.000,2501.655,1.000,0.000,86.012,1.014
164.000,5.907,2500.000,2501.655,1.000,0.000,86.129,1.014
164.250,5.903,2500.000,2501.655,1.000,0.000,86.246,1.014
164.500,5.899,2500.000,2501.655,1.000,0.000,86.364,1.014
164.750,5.896,2500.000,2501.655,1.000,0.000,86.481,1.014
165.000,5.892,2500.000,2501.655,1.000,0.000,86.598,1.014
165.250,5.888,2500.000,2501.655,1.000,0.000,86.716,1.014
165.500,5.885,2500.000,2501.655,1.000,0.000,86.833,1.014
165.750,5.881,2500.000,2501.655,1.000,0.000,86.950,1.014
166.000,5.878,2500.000,2501.655,1.000,0.000,87.067,1.014
166.250,5.874,2500.000,2501.655,1.000,0.000,87.184,1.014
166.500,5.871,2500.000,2501.655,1.000,0.000,87.301,1.014
166.750,5.867,2500.000,2501.655,1.000,0.000,87.418,1.014
167.000,5.864,2500.000,2501.655,1.000,0.000,87.535,1.014
167.250,5.861,2500.000,2501.655,1.000,0.000,87.652,1.014
167.500,5.857,2500.000,2501.655,1.000,0.000,87.769,1.014
167.750,5.854,2500.000,2501.655,1.000,0.000,87.886,1.014
168.000,5.851,2500.000,2501.655,1.000,0.000,88.003,1.014
168.250,5.848,2500.000,2501.655,1.000,0.000,88.120,1.014
168.500,5.845,2500.000,2501.655,1.000,0.000,88.237,1.014
168.750,5.842,2500.000,2501.655,1.000,0.000,88.353,1.014
169.000,5.839,2500.000,2501.655,1.000,0.000,88.470,1.014
169.250,5.836,2500.000,2501.655,1.000,0.000,88.587,1.014
169.500,5.833,2500.000,2501.655,1.000,0.000,88.704,1.014
169.750,5.830,2500.000,2501.655,1.000,0.000,88.820,1.014
170.000,5.827,2500.000,2501.655,1.000,0.000,88.937,1.014
170.250,5.825,2500.000,2501.655,1.000,0.000,89.053,1.014
170.500,5.822,2500.000,2501.655,1.000,0.000,89.170,1.014
170.750,5.819,2500.000,2501.655,1.000,0.000,89.287,1.014
171.000,5.817,2500.000,2501.655,1.000,0.000,89.403,1.014
171.250,5.814,2500.000,2501.655,1.000,0.000,89.520,1.014
171.500,5.812,2500.000,2501.655,1.000,0.000,89.636,1.014
171.750,5.809,2500.000,2501.655,1.000,0.000,89.752,1.014
172.000,5.807,2500.000,2501.655,1.000,0.000,89.869,1.014
172.250,5.804,2500.000,2501.655,1.000,0.000,89.985,1.014
172.500,5.802,2500.000,2501.655,1.000,0.000,90.102,1.014
172.750,5.800,2500.000,2501.655,1.000,0.000,90.218,1.014
173.000,5.798,2500.000,2501.655,1.000,0.000,90.334,1.014
173.250,5.795,2500.000,2501.655,1.000,0.000,90.451,1.014
173.500,5.793,2500.000,2501.655,1.000,0.000,90.567,1.014
173.750,5.791,2500.000,2501.655,1.000,0.000,90.683,1.014
174.000,5.789,2500.000,2501.655,1.000,0.000,90.799,1.014
174.250,5.787,2500.000,2501.655,1.000,0.000,90.916,1.014
174.500,5.785,2500.000,2501.655,1.000,0.000,91.032,1.014
174.750,5.783,2500.000,2501.655,1.000,0.000,91.148,1.014
175.000,5.781,2500.000,2501.655,1.000,0.000,91.264,1.014
175.250,5.779,2500.000,2501.655,1.000,0.000,91.380,1.014
175.500,5.778,2500.000,2501.655,1.000,0.000,91.497,1.014
175.750,5.776,2500.000,2501.655,1.000,0.000,91.613,1.014
176.000,5.774,2500.000,2501.655,1.000,0.000,91.729,1.014
176.250,5.773,2500.000,2501.655,1.000,0.000,91.845,1.014
176.500,5.771,2500.000,2501.655,1.000,0.000,91.961,1.014
176.750,5.769,2500.000,2501.655,1.000,0.000,92.077,1.014
177.000,5.768,2500.000,2501.655,1.000,0.000,92.193,1.014
177.250,5.766,2500.000,2501.655,1.000,0.000,92.309,1.014
177.500,5.765,2500.000,2501.655,1.000,0.000,92.425,1.014
177.750,5.764,2500.000,2501.655,1.000,0.000,92.541,1.014
178.000,5.762,2500.000,2501.655,1.000,0.000,92.657,1.014
178.250,5.761,2500.000,2501.655,1.000,0.000,92.773,1.014
178.500,5.760,2500.000,2501.655,1.000,0.000,92.889,1.014
178.750,5.758,2500.000,2501.655,1.000,0.000,93.005,1.014
179.000,5.757,2500.000,2501.655,1.000,0.000,93.121,1.014
179.250,5.756,2500.000,2501.655,1.000,0.000,93.237,1.014
179.500,5.755,2500.000,2501.655,1.000,0.000,93.352,1.014
179.750,5.754,2500.000,2501.655,1.000,0.000,93.468,1.014
180.000,5.753,2500.000,2501.655,1.000,0.000,93.584,1.014
