CA_deg,P_bar,T_u_K,T_b_K,xb,ROHR_J_deg,NOx_ppm,knock_integral
-359.750,10.588,662.560,320.000,0.000,0.000,0.000,0.000
-359.500,10.585,662.530,320.000,0.000,0.000,0.000,0.000
-359.250,10.580,662.480,320.000,0.000,0.000,0.000,0.000
-359.000,10.574,662.410,320.000,0.000,0.000,0.000,0.000
-358.750,10.567,662.320,320.000,0.000,0.000,0.000,0.000
-358.500,10.559,662.211,320.000,0.000,0.000,0.000,0.000
-358.250,10.549,662.081,320.000,0.000,0.000,0.000,0.000
-358.000,10.539,661.932,320.000,0.000,0.000,0.000,0.000
-357.750,10.527,661.763,320.000,0.000,0.000,0.000,0.000
-357.500,10.514,661.574,320.000,0.000,0.000,0.000,0.000
-357.250,10.499,661.366,320.000,0.000,0.000,0.000,0.000
-357.000,10.484,661.138,320.000,0.000,0.000,0.000,0.000
-356.750,10.467,660.891,320.000,0.000,0.000,0.000,0.000
-356.500,10.450,660.625,320.000,0.000,0.000,0.000,0.000
-356.250,10.431,660.339,320.000,0.000,0.000,0.000,0.000
-356.000,10.410,660.034,320.000,0.000,0.000,0.000,0.000
-355.750,10.389,659.711,320.000,0.000,0.000,0.000,0.000
-355.500,10.367,659.368,320.000,0.000,0.000,0.000,0.000
-355.250,10.344,659.006,320.000,0.000,0.000,0.000,0.000
-355.000,10.319,658.626,320.000,0.000,0.000,0.000,0.000
-354.750,10.293,658.227,320.000,0.000,0.000,0.000,0.000
-354.500,10.267,657.810,320.000,0.000,0.000,0.000,0.000
-354.250,10.239,657.375,320.000,0.000,0.000,0.000,0.000
-354.000,10.210,656.922,320.000,0.000,0.000,0.000,0.000
-353.750,10.181,656.451,320.000,0.000,0.000,0.000,0.000
-353.500,10.150,655.962,320.000,0.000,0.000,0.000,0.000
-353.250,10.118,655.455,320.000,0.000,0.000,0.000,0.000
-353.000,10.086,654.932,320.000,0.000,0.000,0.000,0.000
-352.750,10.052,654.390,320.000,0.000,0.000,0.000,0.000
-352.500,10.018,653.832,320.000,0.000,0.000,0.000,0.000
-352.250,9.982,653.258,320.000,0.000,0.000,0.000,0.000
-352.000,9.946,652.666,320.000,0.000,0.000,0.000,0.000
-351.750,9.909,652.058,320.000,0.000,0.000,0.000,0.000
-351.500,9.871,651.434,320.000,0.000,0.000,0.000,0.000
-351.250,9.832,650.794,320.000,0.000,0.000,0.000,0.000
-351.000,9.793,650.138,320.000,0.000,0.000,0.000,0.000
-350.750,9.753,649.467,320.000,0.000,0.000,0.000,0.000
-350.500,9.711,648.780,320.000,0.000,0.000,0.000,0.000
-350.250,9.670,648.078,320.000,0.000,0.000,0.000,0.000
-350.000,9.627,647.361,320.000,0.000,0.000,0.000,0.000
-349.750,9.584,646.630,320.000,0.000,0.000,0.000,0.000
-349.500,9.540,645.884,320.000,0.000,0.000,0.000,0.000
-349.250,9.495,645.123,320.000,0.000,0.000,0.000,0.000
-349.000,9.450,644.349,320.000,0.000,0.000,0.000,0.000
-348.750,9.404,643.561,320.000,0.000,0.000,0.000,0.000
-348.500,9.358,642.760,320.000,0.000,0.000,0.000,0.000
-348.250,9.311,641.945,320.000,0.000,0.000,0.000,0.000
-348.000,9.264,641.117,320.000,0.000,0.000,0.000,0.000
-347.750,9.216,640.277,320.000,0.000,0.000,0.000,0.000
-347.500,9.167,639.424,320.000,0.000,0.000,0.000,0.000
-347.250,9.118,638.558,320.000,0.000,0.000,0.000,0.000
-347.000,9.069,637.681,320.000,0.000,0.000,0.000,0.000
-346.750,9.019,636.792,320.000,0.000,0.000,0.000,0.000
-346.500,8.968,635.891,320.000,0.000,0.000,0.000,0.000
-346.250,8.918,634.979,320.000,0.000,0.000,0.000,0.000
-346.000,8.867,634.056,320.000,0.000,0.000,0.000,0.000
-345.750,8.815,633.122,320.000,0.000,0.000,0.000,0.000
-345.500,8.763,632.178,320.000,0.000,0.000,0.000,0.000
-345.250,8.711,631.223,320.000,0.000,0.000,0.000,0.000
-345.000,8.659,630.258,320.000,0.000,0.000,0.000,0.000
-344.750,8.606,629.284,320.000,0.000,0.000,0.000,0.000
-344.500,8.553,628.300,320.000,0.000,0.000,0.000,0.000
-344.250,8.500,627.306,320.000,0.000,0.000,0.000,0.000
-344.000,8.447,626.304,320.000,0.000,0.000,0.000,0.000
-343.750,8.393,625.292,320.000,0.000,0.000,0.000,0.000
-343.500,8.339,624.272,320.000,0.000,0.000,0.000,0.000
-343.250,8.285,623.244,320.000,0.000,0.000,0.000,0.000
-343.000,8.231,622.208,320.000,0.000,0.000,0.000,0.000
-342.750,8.177,621.163,320.000,0.000,0.000,0.000,0.000
-342.500,8.123,620.112,320.000,0.000,0.000,0.000,0.000
-342.250,8.068,619.052,320.000,0.000,0.000,0.000,0.000
-342.000,8.014,617.986,320.000,0.000,0.000,0.000,0.000
-341.750,7.959,616.913,320.000,0.000,0.000,0.000,0.000
-341.500,7.905,615.833,320.000,0.000,0.000,0.000,0.000
-341.250,7.850,614.746,320.000,0.000,0.000,0.000,0.000
-341.000,7.795,613.654,320.000,0.000,0.000,0.000,0.000
-340.750,7.741,612.555,320.000,0.000,0.000,0.000,0.000
-340.500,7.686,611.451,320.000,0.000,0.000,0.000,0.000
-340.250,7.631,610.340,320.000,0.000,0.000,0.000,0.000
-340.000,7.577,609.225,320.000,0.000,0.000,0.000,0.000
-339.750,7.522,608.105,320.000,0.000,0.000,0.000,0.000
-339.500,7.468,606.979,320.000,0.000,0.000,0.000,0.000
-339.250,7.414,605.849,320.000,0.000,0.000,0.000,0.000
-339.000,7.359,604.714,320.000,0.000,0.000,0.000,0.000
-338.750,7.305,603.575,320.000,0.000,0.000,0.000,0.000
-338.500,7.251,602.432,320.000,0.000,0.000,0.000,0.000
-338.250,7.197,601.285,320.000,0.000,0.000,0.000,0.000
-338.000,7.143,600.135,320.000,0.000,0.000,0.000,0.000
-337.750,7.089,598.981,320.000,0.000,0.000,0.000,0.000
-337.500,7.036,597.823,320.000,0.000,0.000,0.000,0.000
-337.250,6.983,596.662,320.000,0.000,0.000,0.000,0.000
-337.000,6.929,595.499,320.000,0.000,0.000,0.000,0.000
-336.750,6.876,594.333,320.000,0.000,0.000,0.000,0.000
-336.500,6.824,593.164,320.000,0.000,0.000,0.000,0.000
-336.250,6.771,591.992,320.000,0.000,0.000,0.000,0.000
-336.000,6.719,590.819,320.000,0.000,0.000,0.000,0.000
-335.750,6.666,589.643,320.000,0.000,0.000,0.000,0.000
-335.500,6.615,588.466,320.000,0.000,0.000,0.000,0.000
-335.250,6.563,587.287,320.000,0.000,0.000,0.000,0.000
-335.000,6.511,586.106,320.000,0.000,0.000,0.000,0.000
-334.750,6.460,584.924,320.000,0.000,0.000,0.000,0.000
-334.500,6.409,583.740,320.000,0.000,0.000,0.000,0.000
-334.250,6.358,582.556,320.000,0.000,0.000,0.000,0.000
-334.000,6.308,581.371,320.000,0.000,0.000,0.000,0.000
-333.750,6.258,580.184,320.000,0.000,0.000,0.000,0.000
-333.500,6.208,578.998,320.000,0.000,0.000,0.000,0.000
-333.250,6.158,577.810,320.000,0.000,0.000,0.000,0.000
-333.000,6.109,576.623,320.000,0.000,0.000,0.000,0.000
-332.750,6.060,575.435,320.000,0.000,0.000,0.000,0.000
-332.500,6.011,574.247,320.000,0.000,0.000,0.000,0.000
-332.250,5.963,573.059,320.000,0.000,0.000,0.000,0.000
-332.000,5.915,571.871,320.000,0.000,0.000,0.000,0.000
-331.750,5.867,570.683,320.000,0.000,0.000,0.000,0.000
-331.500,5.819,569.496,320.000,0.000,0.000,0.000,0.000
-331.250,5.772,568.310,320.000,0.000,0.000,0.000,0.000
-331.000,5.725,567.124,320.000,0.000,0.000,0.000,0.000
-330.750,5.678,565.939,320.000,0.000,0.000,0.000,0.000
-330.500,5.632,564.755,320.000,0.000,0.000,0.000,0.000
-330.250,5.586,563.571,320.000,0.000,0.000,0.000,0.000
-330.000,5.541,562.389,320.000,0.000,0.000,0.000,0.000
-329.750,5.495,561.208,320.000,0.000,0.000,0.000,0.000
-329.500,5.450,560.029,320.000,0.000,0.000,0.000,0.000
-329.250,5.406,558.851,320.000,0.000,0.000,0.000,0.000
-329.000,5.361,557.674,320.000,0.000,0.000,0.000,0.000
-328.750,5.317,556.499,320.000,0.000,0.000,0.000,0.000
-328.500,5.274,555.326,320.000,0.000,0.000,0.000,0.000
-328.250,5.231,554.154,320.000,0.000,0.000,0.000,0.000
-328.000,5.188,552.984,320.000,0.000,0.000,0.000,0.000
-327.750,5.145,551.817,320.000,0.000,0.000,0.000,0.000
-327.500,5.103,550.651,320.000,0.000,0.000,0.000,0.000
-327.250,5.061,549.488,320.000,0.000,0.000,0.000,0.000
-327.000,5.019,548.326,320.000,0.000,0.000,0.000,0.000
-326.750,4.978,547.167,320.000,0.000,0.000,0.000,0.000
-326.500,4.937,546.011,320.000,0.000,0.000,0.000,0.000
-326.250,4.896,544.856,320.000,0.000,0.000,0.000,0.000
-326.000,4.856,543.705,320.000,0.000,0.000,0.000,0.000
-325.750,4.816,542.555,320.000,0.000,0.000,0.000,0.000
-325.500,4.777,541.409,320.000,0.000,0.000,0.000,0.000
-325.250,4.737,540.265,320.000,0.000,0.000,0.000,0.000
-325.000,4.699,539.124,320.000,0.000,0.000,0.000,0.000
-324.750,4.660,537.986,320.000,0.000,0.000,0.000,0.000
-324.500,4.622,536.850,320.000,0.000,0.000,0.000,0.000
-324.250,4.584,535.718,320.000,0.000,0.000,0.000,0.000
-324.000,4.546,534.589,320.000,0.000,0.000,0.000,0.000
-323.750,4.509,533.462,320.000,0.000,0.000,0.000,0.000
-323.500,4.472,532.339,320.000,0.000,0.000,0.000,0.000
-323.250,4.436,531.219,320.000,0.000,0.000,0.000,0.000
-323.000,4.399,530.102,320.000,0.000,0.000,0.000,0.000
-322.750,4.364,528.989,320.000,0.000,0.000,0.000,0.000
-322.500,4.328,527.878,320.000,0.000,0.000,0.000,0.000
-322.250,4.293,526.772,320.000,0.000,0.000,0.000,0.000
-322.000,4.258,525.668,320.000,0.000,0.000,0.000,0.000
-321.750,4.223,524.568,320.000,0.000,0.000,0.000,0.000
-321.500,4.189,523.471,320.000,0.000,0.000,0.000,0.000
-321.250,4.155,522.378,320.000,0.000,0.000,0.000,0.000
-321.000,4.121,521.288,320.000,0.000,0.000,0.000,0.000
-320.750,4.088,520.202,320.000,0.000,0.000,0.000,0.000
-320.500,4.055,519.120,320.000,0.000,0.000,0.000,0.000
-320.250,4.022,518.041,320.000,0.000,0.000,0.000,0.000
-320.000,3.990,516.966,320.000,0.000,0.000,0.000,0.000
-319.750,3.958,515.895,320.000,0.000,0.000,0.000,0.000
-319.500,3.926,514.827,320.000,0.000,0.000,0.000,0.000
-319.250,3.894,513.763,320.000,0.000,0.000,0.000,0.000
-319.000,3.863,512.703,320.000,0.000,0.000,0.000,0.000
-318.750,3.832,511.647,320.000,0.000,0.000,0.000,0.000
-318.500,3.802,510.594,320.000,0.000,0.000,0.000,0.000
-318.250,3.771,509.546,320.000,0.000,0.000,0.000,0.000
-318.000,3.741,508.501,320.000,0.000,0.000,0.000,0.000
-317.750,3.712,507.460,320.000,0.000,0.000,0.000,0.000
-317.500,3.682,506.423,320.000,0.000,0.000,0.000,0.000
-317.250,3.653,505.390,320.000,0.000,0.000,0.000,0.000
-317.000,3.624,504.361,320.000,0.000,0.000,0.000,0.000
-316.750,3.595,503.336,320.000,0.000,0.000,0.000,0.000
-316.500,3.567,502.315,320.000,0.000,0.000,0.000,0.000
-316.250,3.539,501.298,320.000,0.000,0.000,0.000,0.000
-316.000,3.511,500.285,320.000,0.000,0.000,0.000,0.000
-315.750,3.484,499.276,320.000,0.000,0.000,0.000,0.000
-315.500,3.457,498.271,320.000,0.000,0.000,0.000,0.000
-315.250,3.430,497.270,320.000,0.000,0.000,0.000,0.000
-315.000,3.403,496.273,320.000,0.000,0.000,0.000,0.000
-314.750,3.377,495.280,320.000,0.000,0.000,0.000,0.000
-314.500,3.351,494.292,320.000,0.000,0.000,0.000,0.000
-314.250,3.325,493.307,320.000,0.000,0.000,0.000,0.000
-314.000,3.299,492.327,320.000,0.000,0.000,0.000,0.000
-313.750,3.274,491.350,320.000,0.000,0.000,0.000,0.000
-313.500,3.248,490.378,320.000,0.000,0.000,0.000,0.000
-313.250,3.224,489.410,320.000,0.000,0.000,0.000,0.000
-313.000,3.199,488.446,320.000,0.000,0.000,0.000,0.000
-312.750,3.175,487.486,320.000,0.000,0.000,0.000,0.000
-312.500,3.150,486.530,320.000,0.000,0.000,0.000,0.000
-312.250,3.127,485.578,320.000,0.000,0.000,0.000,0.000
-312.000,3.103,484.631,320.000,0.000,0.000,0.000,0.000
-311.750,3.079,483.687,320.000,0.000,0.000,0.000,0.000
-311.500,3.056,482.748,320.000,0.000,0.000,0.000,0.000
-311.250,3.033,481.813,320.000,0.000,0.000,0.000,0.000
-311.000,3.011,480.882,320.000,0.000,0.000,0.000,0.000
-310.750,2.988,479.955,320.000,0.000,0.000,0.000,0.000
-310.500,2.966,479.033,320.000,0.000,0.000,0.000,0.000
-310.250,2.944,478.114,320.000,0.000,0.000,0.000,0.000
-310.000,2.922,477.199,320.000,0.000,0.000,0.000,0.000
-309.750,2.900,476.289,320.000,0.000,0.000,0.000,0.000
-309.500,2.879,475.383,320.000,0.000,0.000,0.000,0.000
-309.250,2.858,474.481,320.000,0.000,0.000,0.000,0.000
-309.000,2.837,473.583,320.000,0.000,0.000,0.000,0.000
-308.750,2.816,472.689,320.000,0.000,0.000,0.000,0.000
-308.500,2.795,471.799,320.000,0.000,0.000,0.000,0.000
-308.250,2.775,470.914,320.000,0.000,0.000,0.000,0.000
-308.000,2.755,470.032,320.000,0.000,0.000,0.000,0.000
-307.750,2.735,469.154,320.000,0.000,0.000,0.000,0.000
-307.500,2.715,468.281,320.000,0.000,0.000,0.000,0.000
-307.250,2.696,467.412,320.000,0.000,0.000,0.000,0.000
-307.000,2.676,466.547,320.000,0.000,0.000,0.000,0.000
-306.750,2.657,465.685,320.000,0.000,0.000,0.000,0.000
-306.500,2.638,464.828,320.000,0.000,0.000,0.000,0.000
-306.250,2.620,463.975,320.000,0.000,0.000,0.000,0.000
-306.000,2.601,463.126,320.000,0.000,0.000,0.000,0.000
-305.750,2.583,462.281,320.000,0.000,0.000,0.000,0.000
-305.500,2.564,461.440,320.000,0.000,0.000,0.000,0.000
-305.250,2.546,460.603,320.000,0.000,0.000,0.000,0.000
-305.000,2.528,459.770,320.000,0.000,0.000,0.000,0.000
-304.750,2.511,458.941,320.000,0.000,0.000,0.000,0.000
-304.500,2.493,458.116,320.000,0.000,0.000,0.000,0.000
-304.250,2.476,457.295,320.000,0.000,0.000,0.000,0.000
-304.000,2.459,456.478,320.000,0.000,0.000,0.000,0.000
-303.750,2.442,455.665,320.000,0.000,0.000,0.000,0.000
-303.500,2.425,454.856,320.000,0.000,0.000,0.000,0.000
-303.250,2.408,454.051,320.000,0.000,0.000,0.000,0.000
-303.000,2.392,453.249,320.000,0.000,0.000,0.000,0.000
-302.750,2.376,452.452,320.000,0.000,0.000,0.000,0.000
-302.500,2.360,451.658,320.000,0.000,0.000,0.000,0.000
-302.250,2.344,450.869,320.000,0.000,0.000,0.000,0.000
-302.000,2.328,450.083,320.000,0.000,0.000,0.000,0.000
-301.750,2.312,449.301,320.000,0.000,0.000,0.000,0.000
-301.500,2.297,448.523,320.000,0.000,0.000,0.000,0.000
-301.250,2.281,447.749,320.000,0.000,0.000,0.000,0.000
-301.000,2.266,446.978,320.000,0.000,0.000,0.000,0.000
-300.750,2.251,446.212,320.000,0.000,0.000,0.000,0.000
-300.500,2.236,445.449,320.000,0.000,0.000,0.000,0.000
-300.250,2.221,444.690,320.000,0.000,0.000,0.000,0.000
-300.000,2.207,443.935,320.000,0.000,0.000,0.000,0.000
-299.750,2.192,443.184,320.000,0.000,0.000,0.000,0.000
-299.500,2.178,442.436,320.000,0.000,0.000,0.000,0.000
-299.250,2.164,441.692,320.000,0.000,0.000,0.000,0.000
-299.000,2.150,440.952,320.000,0.000,0.000,0.000,0.000
-298.750,2.136,440.215,320.000,0.000,0.000,0.000,0.000
-298.500,2.122,439.482,320.000,0.000,0.000,0.000,0.000
-298.250,2.108,438.753,320.000,0.000,0.000,0.000,0.000
-298.000,2.095,438.028,320.000,0.000,0.000,0.000,0.000
-297.750,2.081,437.306,320.000,0.000,0.000,0.000,0.000
-297.500,2.068,436.588,320.000,0.000,0.000,0.000,0.000
-297.250,2.055,435.873,320.000,0.000,0.000,0.000,0.000
-297.000,2.042,435.162,320.000,0.000,0.000,0.000,0.000
-296.750,2.029,434.455,320.000,0.000,0.000,0.000,0.000
-296.500,2.017,433.751,320.000,0.000,0.000,0.000,0.000
-296.250,2.004,433.051,320.000,0.000,0.000,0.000,0.000
-296.000,1.991,432.354,320.000,0.000,0.000,0.000,0.000
-295.750,1.979,431.661,320.000,0.000,0.000,0.000,0.000
-295.500,1.967,430.972,320.000,0.000,0.000,0.000,0.000
-295.250,1.955,430.286,320.000,0.000,0.000,0.000,0.000
-295.000,1.943,429.603,320.000,0.000,0.000,0.000,0.000
-294.750,1.931,428.924,320.000,0.000,0.000,0.000,0.000
-294.500,1.919,428.249,320.000,0.000,0.000,0.000,0.000
-294.250,1.907,427.577,320.000,0.000,0.000,0.000,0.000
-294.000,1.896,426.908,320.000,0.000,0.000,0.000,0.000
-293.750,1.884,426.243,320.000,0.000,0.000,0.000,0.000
-293.500,1.873,425.581,320.000,0.000,0.000,0.000,0.000
-293.250,1.862,424.923,320.000,0.000,0.000,0.000,0.000
-293.000,1.851,424.268,320.000,0.000,0.000,0.000,0.000
-292.750,1.840,423.616,320.000,0.000,0.000,0.000,0.000
-292.500,1.829,422.968,320.000,0.000,0.000,0.000,0.000
-292.250,1.818,422.323,320.000,0.000,0.000,0.000,0.000
-292.000,1.807,421.681,320.000,0.000,0.000,0.000,0.000
-291.750,1.797,421.043,320.000,0.000,0.000,0.000,0.000
-291.500,1.786,420.408,320.000,0.000,0.000,0.000,0.000
-291.250,1.776,419.776,320.000,0.000,0.000,0.000,0.000
-291.000,1.766,419.148,320.000,0.000,0.000,0.000,0.000
-290.750,1.755,418.522,320.000,0.000,0.000,0.000,0.000
-290.500,1.745,417.900,320.000,0.000,0.000,0.000,0.000
-290.250,1.735,417.282,320.000,0.000,0.000,0.000,0.000
-290.000,1.725,416.666,320.000,0.000,0.000,0.000,0.000
-289.750,1.716,416.054,320.000,0.000,0.000,0.000,0.000
-289.500,1.706,415.445,320.000,0.000,0.000,0.000,0.000
-289.250,1.696,414.839,320.000,0.000,0.000,0.000,0.000
-289.000,1.687,414.236,320.000,0.000,0.000,0.000,0.000
-288.750,1.677,413.636,320.000,0.000,0.000,0.000,0.000
-288.500,1.668,413.040,320.000,0.000,0.000,0.000,0.000
-288.250,1.659,412.446,320.000,0.000,0.000,0.000,0.000
-288.000,1.649,411.856,320.000,0.000,0.000,0.000,0.000
-287.750,1.640,411.269,320.000,0.000,0.000,0.000,0.000
-287.500,1.631,410.685,320.000,0.000,0.000,0.000,0.000
-287.250,1.622,410.104,320.000,0.000,0.000,0.000,0.000
-287.000,1.614,409.525,320.000,0.000,0.000,0.000,0.000
-286.750,1.605,408.950,320.000,0.000,0.000,0.000,0.000
-286.500,1.596,408.378,320.000,0.000,0.000,0.000,0.000
-286.250,1.587,407.809,320.000,0.000,0.000,0.000,0.000
-286.000,1.579,407.243,320.000,0.000,0.000,0.000,0.000
-285.750,1.571,406.680,320.000,0.000,0.000,0.000,0.000
-285.500,1.562,406.120,320.000,0.000,0.000,0.000,0.000
-285.250,1.554,405.563,320.000,0.000,0.000,0.000,0.000
-285.000,1.546,405.009,320.000,0.000,0.000,0.000,0.000
-284.750,1.537,404.458,320.000,0.000,0.000,0.000,0.000
-284.500,1.529,403.909,320.000,0.000,0.000,0.000,0.000
-284.250,1.521,403.364,320.000,0.000,0.000,0.000,0.000
-284.000,1.514,402.821,320.000,0.000,0.000,0.000,0.000
-283.750,1.506,402.281,320.000,0.000,0.000,0.000,0.000
-283.500,1.498,401.744,320.000,0.000,0.000,0.000,0.000
-283.250,1.490,401.210,320.000,0.000,0.000,0.000,0.000
-283.000,1.483,400.679,320.000,0.000,0.000,0.000,0.000
-282.750,1.475,400.150,320.000,0.000,0.000,0.000,0.000
-282.500,1.468,399.625,320.000,0.000,0.000,0.000,0.000
-282.250,1.460,399.102,320.000,0.000,0.000,0.000,0.000
-282.000,1.453,398.582,320.000,0.000,0.000,0.000,0.000
-281.750,1.445,398.064,320.000,0.000,0.000,0.000,0.000
-281.500,1.438,397.550,320.000,0.000,0.000,0.000,0.000
-281.250,1.431,397.038,320.000,0.000,0.000,0.000,0.000
-281.000,1.424,396.529,320.000,0.000,0.000,0.000,0.000
-280.750,1.417,396.022,320.000,0.000,0.000,0.000,0.000
-280.500,1.410,395.518,320.000,0.000,0.000,0.000,0.000
-280.250,1.403,395.017,320.000,0.000,0.000,0.000,0.000
-280.000,1.396,394.519,320.000,0.000,0.000,0.000,0.000
-279.750,1.389,394.023,320.000,0.000,0.000,0.000,0.000
-279.500,1.383,393.530,320.000,0.000,0.000,0.000,0.000
-279.250,1.376,393.039,320.000,0.000,0.000,0.000,0.000
-279.000,1.369,392.551,320.000,0.000,0.000,0.000,0.000
-278.750,1.363,392.066,320.000,0.000,0.000,0.000,0.000
-278.500,1.356,391.583,320.000,0.000,0.000,0.000,0.000
-278.250,1.350,391.103,320.000,0.000,0.000,0.000,0.000
-278.000,1.344,390.626,320.000,0.000,0.000,0.000,0.000
-277.750,1.337,390.151,320.000,0.000,0.000,0.000,0.000
-277.500,1.331,389.678,320.000,0.000,0.000,0.000,0.000
-277.250,1.325,389.208,320.000,0.000,0.000,0.000,0.000
-277.000,1.319,388.741,320.000,0.000,0.000,0.000,0.000
-276.750,1.313,388.276,320.000,0.000,0.000,0.000,0.000
-276.500,1.306,387.813,320.000,0.000,0.000,0.000,0.000
-276.250,1.301,387.353,320.000,0.000,0.000,0.000,0.000
-276.000,1.295,386.896,320.000,0.000,0.000,0.000,0.000
-275.750,1.289,386.441,320.000,0.000,0.000,0.000,0.000
-275.500,1.283,385.988,320.000,0.000,0.000,0.000,0.000
-275.250,1.277,385.538,320.000,0.000,0.000,0.000,0.000
-275.000,1.271,385.090,320.000,0.000,0.000,0.000,0.000
-274.750,1.266,384.644,320.000,0.000,0.000,0.000,0.000
-274.500,1.260,384.201,320.000,0.000,0.000,0.000,0.000
-274.250,1.254,383.761,320.000,0.000,0.000,0.000,0.000
-274.000,1.249,383.323,320.000,0.000,0.000,0.000,0.000
-273.750,1.243,382.887,320.000,0.000,0.000,0.000,0.000
-273.500,1.238,382.453,320.000,0.000,0.000,0.000,0.000
-273.250,1.233,382.022,320.000,0.000,0.000,0.000,0.000
-273.000,1.227,381.593,320.000,0.000,0.000,0.000,0.000
-272.750,1.222,381.166,320.000,0.000,0.000,0.000,0.000
-272.500,1.217,380.742,320.000,0.000,0.000,0.000,0.000
-272.250,1.211,380.320,320.000,0.000,0.000,0.000,0.000
-272.000,1.206,379.900,320.000,0.000,0.000,0.000,0.000
-271.750,1.201,379.483,320.000,0.000,0.000,0.000,0.000
-271.500,1.196,379.068,320.000,0.000,0.000,0.000,0.000
-271.250,1.191,378.655,320.000,0.000,0.000,0.000,0.000
-271.000,1.186,378.244,320.000,0.000,0.000,0.000,0.000
-270.750,1.181,377.835,320.000,0.000,0.000,0.000,0.000
-270.500,1.176,377.429,320.000,0.000,0.000,0.000,0.000
-270.250,1.171,377.025,320.000,0.000,0.000,0.000,0.000
-270.000,1.167,376.623,320.000,0.000,0.000,0.000,0.000
-269.750,1.162,376.223,320.000,0.000,0.000,0.000,0.000
-269.500,1.157,375.826,320.000,0.000,0.000,0.000,0.000
-269.250,1.152,375.431,320.000,0.000,0.000,0.000,0.000
-269.000,1.148,375.037,320.000,0.000,0.000,0.000,0.000
-268.750,1.143,374.646,320.000,0.000,0.000,0.000,0.000
-268.500,1.138,374.257,320.000,0.000,0.000,0.000,0.000
-268.250,1.134,373.870,320.000,0.000,0.000,0.000,0.000
-268.000,1.129,373.486,320.000,0.000,0.000,0.000,0.000
-267.750,1.125,373.103,320.000,0.000,0.000,0.000,0.000
-267.500,1.120,372.722,320.000,0.000,0.000,0.000,0.000
-267.250,1.116,372.344,320.000,0.000,0.000,0.000,0.000
-267.000,1.112,371.967,320.000,0.000,0.000,0.000,0.000
-266.750,1.107,371.593,320.000,0.000,0.000,0.000,0.000
-266.500,1.103,371.221,320.000,0.000,0.000,0.000,0.000
-266.250,1.099,370.850,320.000,0.000,0.000,0.000,0.000
-266.000,1.095,370.482,320.000,0.000,0.000,0.000,0.000
-265.750,1.090,370.116,320.000,0.000,0.000,0.000,0.000
-265.500,1.086,369.752,320.000,0.000,0.000,0.000,0.000
-265.250,1.082,369.389,320.000,0.000,0.000,0.000,0.000
-265.000,1.078,369.029,320.000,0.000,0.000,0.000,0.000
-264.750,1.074,368.671,320.000,0.000,0.000,0.000,0.000
-264.500,1.070,368.314,320.000,0.000,0.000,0.000,0.000
-264.250,1.066,367.960,320.000,0.000,0.000,0.000,0.000
-264.000,1.062,367.608,320.000,0.000,0.000,0.000,0.000
-263.750,1.058,367.257,320.000,0.000,0.000,0.000,0.000
-263.500,1.054,366.909,320.000,0.000,0.000,0.000,0.000
-263.250,1.051,366.562,320.000,0.000,0.000,0.000,0.000
-263.000,1.047,366.217,320.000,0.000,0.000,0.000,0.000
-262.750,1.043,365.874,320.000,0.000,0.000,0.000,0.000
-262.500,1.039,365.533,320.000,0.000,0.000,0.000,0.000
-262.250,1.035,365.194,320.000,0.000,0.000,0.000,0.000
-262.000,1.032,364.857,320.000,0.000,0.000,0.000,0.000
-261.750,1.028,364.522,320.000,0.000,0.000,0.000,0.000
-261.500,1.024,364.188,320.000,0.000,0.000,0.000,0.000
-261.250,1.021,363.857,320.000,0.000,0.000,0.000,0.000
-261.000,1.017,363.527,320.000,0.000,0.000,0.000,0.000
-260.750,1.014,363.199,320.000,0.000,0.000,0.000,0.000
-260.500,1.010,362.873,320.000,0.000,0.000,0.000,0.000
-260.250,1.007,362.548,320.000,0.000,0.000,0.000,0.000
-260.000,1.003,362.226,320.000,0.000,0.000,0.000,0.000
-259.750,1.000,361.905,320.000,0.000,0.000,0.000,0.000
-259.500,0.996,361.586,320.000,0.000,0.000,0.000,0.000
-259.250,0.993,361.269,320.000,0.000,0.000,0.000,0.000
-259.000,0.990,360.954,320.000,0.000,0.000,0.000,0.000
-258.750,0.986,360.640,320.000,0.000,0.000,0.000,0.000
-258.500,0.983,360.328,320.000,0.000,0.000,0.000,0.000
-258.250,0.980,360.018,320.000,0.000,0.000,0.000,0.000
-258.000,0.977,359.710,320.000,0.000,0.000,0.000,0.000
-257.750,0.973,359.403,320.000,0.000,0.000,0.000,0.000
-257.500,0.970,359.098,320.000,0.000,0.000,0.000,0.000
-257.250,0.967,358.795,320.000,0.000,0.000,0.000,0.000
-257.000,0.964,358.493,320.000,0.000,0.000,0.000,0.000
-256.750,0.961,358.193,320.000,0.000,0.000,0.000,0.000
-256.500,0.958,357.895,320.000,0.000,0.000,0.000,0.000
-256.250,0.955,357.598,320.000,0.000,0.000,0.000,0.000
-256.000,0.952,357.304,320.000,0.000,0.000,0.000,0.000
-255.750,0.949,357.010,320.000,0.000,0.000,0.000,0.000
-255.500,0.946,356.719,320.000,0.000,0.000,0.000,0.000
-255.250,0.943,356.429,320.000,0.000,0.000,0.000,0.000
-255.000,0.940,356.141,320.000,0.000,0.000,0.000,0.000
-254.750,0.937,355.854,320.000,0.000,0.000,0.000,0.000
-254.500,0.934,355.569,320.000,0.000,0.000,0.000,0.000
-254.250,0.931,355.286,320.000,0.000,0.000,0.000,0.000
-254.000,0.928,355.004,320.000,0.000,0.000,0.000,0.000
-253.750,0.925,354.724,320.000,0.000,0.000,0.000,0.000
-253.500,0.923,354.445,320.000,0.000,0.000,0.000,0.000
-253.250,0.920,354.168,320.000,0.000,0.000,0.000,0.000
-253.000,0.917,353.893,320.000,0.000,0.000,0.000,0.000
-252.750,0.914,353.619,320.000,0.000,0.000,0.000,0.000
-252.500,0.912,353.346,320.000,0.000,0.000,0.000,0.000
-252.250,0.909,353.076,320.000,0.000,0.000,0.000,0.000
-252.000,0.906,352.806,320.000,0.000,0.000,0.000,0.000
-251.750,0.904,352.539,320.000,0.000,0.000,0.000,0.000
-251.500,0.901,352.273,320.000,0.000,0.000,0.000,0.000
-251.250,0.898,352.008,320.000,0.000,0.000,0.000,0.000
-251.000,0.896,351.745,320.000,0.000,0.000,0.000,0.000
-250.750,0.893,351.483,320.000,0.000,0.000,0.000,0.000
-250.500,0.891,351.223,320.000,0.000,0.000,0.000,0.000
-250.250,0.888,350.965,320.000,0.000,0.000,0.000,0.000
-250.000,0.886,350.707,320.000,0.000,0.000,0.000,0.000
-249.750,0.883,350.452,320.000,0.000,0.000,0.000,0.000
-249.500,0.881,350.198,320.000,0.000,0.000,0.000,0.000
-249.250,0.878,349.945,320.000,0.000,0.000,0.000,0.000
-249.000,0.876,349.694,320.000,0.000,0.000,0.000,0.000
-248.750,0.873,349.444,320.000,0.000,0.000,0.000,0.000
-248.500,0.871,349.196,320.000,0.000,0.000,0.000,0.000
-248.250,0.869,348.949,320.000,0.000,0.000,0.000,0.000
-248.000,0.866,348.703,320.000,0.000,0.000,0.000,0.000
-247.750,0.864,348.459,320.000,0.000,0.000,0.000,0.000
-247.500,0.862,348.217,320.000,0.000,0.000,0.000,0.000
-247.250,0.859,347.976,320.000,0.000,0.000,0.000,0.000
-247.000,0.857,347.736,320.000,0.000,0.000,0.000,0.000
-246.750,0.855,347.498,320.000,0.000,0.000,0.000,0.000
-246.500,0.853,347.261,320.000,0.000,0.000,0.000,0.000
-246.250,0.850,347.025,320.000,0.000,0.000,0.000,0.000
-246.000,0.848,346.791,320.000,0.000,0.000,0.000,0.000
-245.750,0.846,346.558,320.000,0.000,0.000,0.000,0.000
-245.500,0.844,346.327,320.000,0.000,0.000,0.000,0.000
-245.250,0.842,346.096,320.000,0.000,0.000,0.000,0.000
-245.000,0.839,345.868,320.000,0.000,0.000,0.000,0.000
-244.750,0.837,345.640,320.000,0.000,0.000,0.000,0.000
-244.500,0.835,345.414,320.000,0.000,0.000,0.000,0.000
-244.250,0.833,345.190,320.000,0.000,0.000,0.000,0.000
-244.000,0.831,344.966,320.000,0.000,0.000,0.000,0.000
-243.750,0.829,344.744,320.000,0.000,0.000,0.000,0.000
-243.500,0.827,344.524,320.000,0.000,0.000,0.000,0.000
-243.250,0.825,344.304,320.000,0.000,0.000,0.000,0.000
-243.000,0.823,344.086,320.000,0.000,0.000,0.000,0.000
-242.750,0.821,343.869,320.000,0.000,0.000,0.000,0.000
-242.500,0.819,343.654,320.000,0.000,0.000,0.000,0.000
-242.250,0.817,343.440,320.000,0.000,0.000,0.000,0.000
-242.000,0.815,343.227,320.000,0.000,0.000,0.000,0.000
-241.750,0.813,343.015,320.000,0.000,0.000,0.000,0.000
-241.500,0.811,342.805,320.000,0.000,0.000,0.000,0.000
-241.250,0.809,342.596,320.000,0.000,0.000,0.000,0.000
-241.000,0.807,342.388,320.000,0.000,0.000,0.000,0.000
-240.750,0.806,342.181,320.000,0.000,0.000,0.000,0.000
-240.500,0.804,341.976,320.000,0.000,0.000,0.000,0.000
-240.250,0.802,341.772,320.000,0.000,0.000,0.000,0.000
-240.000,0.800,341.569,320.000,0.000,0.000,0.000,0.000
-239.750,0.798,341.368,320.000,0.000,0.000,0.000,0.000
-239.500,0.796,341.167,320.000,0.000,0.000,0.000,0.000
-239.250,0.795,340.968,320.000,0.000,0.000,0.000,0.000
-239.000,0.793,340.770,320.000,0.000,0.000,0.000,0.000
-238.750,0.791,340.574,320.000,0.000,0.000,0.000,0.000
-238.500,0.789,340.378,320.000,0.000,0.000,0.000,0.000
-238.250,0.788,340.184,320.000,0.000,0.000,0.000,0.000
-238.000,0.786,339.991,320.000,0.000,0.000,0.000,0.000
-237.750,0.784,339.799,320.000,0.000,0.000,0.000,0.000
-237.500,0.782,339.608,320.000,0.000,0.000,0.000,0.000
-237.250,0.781,339.419,320.000,0.000,0.000,0.000,0.000
-237.000,0.779,339.231,320.000,0.000,0.000,0.000,0.000
-236.750,0.777,339.044,320.000,0.000,0.000,0.000,0.000
-236.500,0.776,338.858,320.000,0.000,0.000,0.000,0.000
-236.250,0.774,338.673,320.000,0.000,0.000,0.000,0.000
-236.000,0.773,338.489,320.000,0.000,0.000,0.000,0.000
-235.750,0.771,338.307,320.000,0.000,0.000,0.000,0.000
-235.500,0.769,338.125,320.000,0.000,0.000,0.000,0.000
-235.250,0.768,337.945,320.000,0.000,0.000,0.000,0.000
-235.000,0.766,337.766,320.000,0.000,0.000,0.000,0.000
-234.750,0.765,337.588,320.000,0.000,0.000,0.000,0.000
-234.500,0.763,337.411,320.000,0.000,0.000,0.000,0.000
-234.250,0.762,337.236,320.000,0.000,0.000,0.000,0.000
-234.000,0.760,337.061,320.000,0.000,0.000,0.000,0.000
-233.750,0.759,336.888,320.000,0.000,0.000,0.000,0.000
-233.500,0.757,336.715,320.000,0.000,0.000,0.000,0.000
-233.250,0.756,336.544,320.000,0.000,0.000,0.000,0.000
-233.000,0.754,336.374,320.000,0.000,0.000,0.000,0.000
-232.750,0.753,336.205,320.000,0.000,0.000,0.000,0.000
-232.500,0.751,336.037,320.000,0.000,0.000,0.000,0.000
-232.250,0.750,335.870,320.000,0.000,0.000,0.000,0.000
-232.000,0.748,335.704,320.000,0.000,0.000,0.000,0.000
-231.750,0.747,335.540,320.000,0.000,0.000,0.000,0.000
-231.500,0.746,335.376,320.000,0.000,0.000,0.000,0.000
-231.250,0.744,335.214,320.000,0.000,0.000,0.000,0.000
-231.000,0.743,335.052,320.000,0.000,0.000,0.000,0.000
-230.750,0.741,334.892,320.000,0.000,0.000,0.000,0.000
-230.500,0.740,334.732,320.000,0.000,0.000,0.000,0.000
-230.250,0.739,334.574,320.000,0.000,0.000,0.000,0.000
-230.000,0.737,334.417,320.000,0.000,0.000,0.000,0.000
-229.750,0.736,334.261,320.000,0.000,0.000,0.000,0.000
-229.500,0.735,334.105,320.000,0.000,0.000,0.000,0.000
-229.250,0.734,333.951,320.000,0.000,0.000,0.000,0.000
-229.000,0.732,333.798,320.000,0.000,0.000,0.000,0.000
-228.750,0.731,333.646,320.000,0.000,0.000,0.000,0.000
-228.500,0.730,333.495,320.000,0.000,0.000,0.000,0.000
-228.250,0.728,333.345,320.000,0.000,0.000,0.000,0.000
-228.000,0.727,333.196,320.000,0.000,0.000,0.000,0.000
-227.750,0.726,333.048,320.000,0.000,0.000,0.000,0.000
-227.500,0.725,332.901,320.000,0.000,0.000,0.000,0.000
-227.250,0.723,332.755,320.000,0.000,0.000,0.000,0.000
-227.000,0.722,332.610,320.000,0.000,0.000,0.000,0.000
-226.750,0.721,332.466,320.000,0.000,0.000,0.000,0.000
-226.500,0.720,332.323,320.000,0.000,0.000,0.000,0.000
-226.250,0.719,332.181,320.000,0.000,0.000,0.000,0.000
-226.000,0.718,332.040,320.000,0.000,0.000,0.000,0.000
-225.750,0.716,331.900,320.000,0.000,0.000,0.000,0.000
-225.500,0.715,331.761,320.000,0.000,0.000,0.000,0.000
-225.250,0.714,331.623,320.000,0.000,0.000,0.000,0.000
-225.000,0.713,331.486,320.000,0.000,0.000,0.000,0.000
-224.750,0.712,331.349,320.000,0.000,0.000,0.000,0.000
-224.500,0.711,331.214,320.000,0.000,0.000,0.000,0.000
-224.250,0.710,331.080,320.000,0.000,0.000,0.000,0.000
-224.000,0.709,330.947,320.000,0.000,0.000,0.000,0.000
-223.750,0.707,330.814,320.000,0.000,0.000,0.000,0.000
-223.500,0.706,330.683,320.000,0.000,0.000,0.000,0.000
-223.250,0.705,330.553,320.000,0.000,0.000,0.000,0.000
-223.000,0.704,330.423,320.000,0.000,0.000,0.000,0.000
-222.750,0.703,330.295,320.000,0.000,0.000,0.000,0.000
-222.500,0.702,330.167,320.000,0.000,0.000,0.000,0.000
-222.250,0.701,330.040,320.000,0.000,0.000,0.000,0.000
-222.000,0.700,329.914,320.000,0.000,0.000,0.000,0.000
-221.750,0.699,329.790,320.000,0.000,0.000,0.000,0.000
-221.500,0.698,329.666,320.000,0.000,0.000,0.000,0.000
-221.250,0.697,329.543,320.000,0.000,0.000,0.000,0.000
-221.000,0.696,329.421,320.000,0.000,0.000,0.000,0.000
-220.750,0.695,329.299,320.000,0.000,0.000,0.000,0.000
-220.500,0.694,329.179,320.000,0.000,0.000,0.000,0.000
-220.250,0.693,329.060,320.000,0.000,0.000,0.000,0.000
-220.000,0.692,328.941,320.000,0.000,0.000,0.000,0.000
-219.750,0.691,328.824,320.000,0.000,0.000,0.000,0.000
-219.500,0.690,328.707,320.000,0.000,0.000,0.000,0.000
-219.250,0.689,328.591,320.000,0.000,0.000,0.000,0.000
-219.000,0.688,328.476,320.000,0.000,0.000,0.000,0.000
-218.750,0.688,328.362,320.000,0.000,0.000,0.000,0.000
-218.500,0.687,328.249,320.000,0.000,0.000,0.000,0.000
-218.250,0.686,328.137,320.000,0.000,0.000,0.000,0.000
-218.000,0.685,328.026,320.000,0.000,0.000,0.000,0.000
-217.750,0.684,327.915,320.000,0.000,0.000,0.000,0.000
-217.500,0.683,327.805,320.000,0.000,0.000,0.000,0.000
-217.250,0.682,327.697,320.000,0.000,0.000,0.000,0.000
-217.000,0.681,327.589,320.000,0.000,0.000,0.000,0.000
-216.750,0.681,327.482,320.000,0.000,0.000,0.000,0.000
-216.500,0.680,327.376,320.000,0.000,0.000,0.000,0.000
-216.250,0.679,327.270,320.000,0.000,0.000,0.000,0.000
-216.000,0.678,327.166,320.000,0.000,0.000,0.000,0.000
-215.750,0.677,327.062,320.000,0.000,0.000,0.000,0.000
-215.500,0.676,326.959,320.000,0.000,0.000,0.000,0.000
-215.250,0.676,326.857,320.000,0.000,0.000,0.000,0.000
-215.000,0.675,326.756,320.000,0.000,0.000,0.000,0.000
-214.750,0.674,326.656,320.000,0.000,0.000,0.000,0.000
-214.500,0.673,326.557,320.000,0.000,0.000,0.000,0.000
-214.250,0.672,326.458,320.000,0.000,0.000,0.000,0.000
-214.000,0.672,326.360,320.000,0.000,0.000,0.000,0.000
-213.750,0.671,326.263,320.000,0.000,0.000,0.000,0.000
-213.500,0.670,326.167,320.000,0.000,0.000,0.000,0.000
-213.250,0.669,326.072,320.000,0.000,0.000,0.000,0.000
-213.000,0.669,325.978,320.000,0.000,0.000,0.000,0.000
-212.750,0.668,325.884,320.000,0.000,0.000,0.000,0.000
-212.500,0.667,325.791,320.000,0.000,0.000,0.000,0.000
-212.250,0.667,325.699,320.000,0.000,0.000,0.000,0.000
-212.000,0.666,325.608,320.000,0.000,0.000,0.000,0.000
-211.750,0.665,325.518,320.000,0.000,0.000,0.000,0.000
-211.500,0.664,325.428,320.000,0.000,0.000,0.000,0.000
-211.250,0.664,325.339,320.000,0.000,0.000,0.000,0.000
-211.000,0.663,325.251,320.000,0.000,0.000,0.000,0.000
-210.750,0.662,325.164,320.000,0.000,0.000,0.000,0.000
-210.500,0.662,325.078,320.000,0.000,0.000,0.000,0.000
-210.250,0.661,324.992,320.000,0.000,0.000,0.000,0.000
-210.000,0.660,324.908,320.000,0.000,0.000,0.000,0.000
-209.750,0.660,324.824,320.000,0.000,0.000,0.000,0.000
-209.500,0.659,324.740,320.000,0.000,0.000,0.000,0.000
-209.250,0.658,324.658,320.000,0.000,0.000,0.000,0.000
-209.000,0.658,324.576,320.000,0.000,0.000,0.000,0.000
-208.750,0.657,324.496,320.000,0.000,0.000,0.000,0.000
-208.500,0.657,324.415,320.000,0.000,0.000,0.000,0.000
-208.250,0.656,324.336,320.000,0.000,0.000,0.000,0.000
-208.000,0.655,324.258,320.000,0.000,0.000,0.000,0.000
-207.750,0.655,324.180,320.000,0.000,0.000,0.000,0.000
-207.500,0.654,324.103,320.000,0.000,0.000,0.000,0.000
-207.250,0.654,324.027,320.000,0.000,0.000,0.000,0.000
-207.000,0.653,323.951,320.000,0.000,0.000,0.000,0.000
-206.750,0.652,323.877,320.000,0.000,0.000,0.000,0.000
-206.500,0.652,323.803,320.000,0.000,0.000,0.000,0.000
-206.250,0.651,323.730,320.000,0.000,0.000,0.000,0.000
-206.000,0.651,323.657,320.000,0.000,0.000,0.000,0.000
-205.750,0.650,323.586,320.000,0.000,0.000,0.000,0.000
-205.500,0.650,323.515,320.000,0.000,0.000,0.000,0.000
-205.250,0.649,323.445,320.000,0.000,0.000,0.000,0.000
-205.000,0.649,323.375,320.000,0.000,0.000,0.000,0.000
-204.750,0.648,323.307,320.000,0.000,0.000,0.000,0.000
-204.500,0.648,323.239,320.000,0.000,0.000,0.000,0.000
-204.250,0.647,323.172,320.000,0.000,0.000,0.000,0.000
-204.000,0.647,323.105,320.000,0.000,0.000,0.000,0.000
-203.750,0.646,323.040,320.000,0.000,0.000,0.000,0.000
-203.500,0.646,322.975,320.000,0.000,0.000,0.000,0.000
-203.250,0.645,322.911,320.000,0.000,0.000,0.000,0.000
-203.000,0.645,322.847,320.000,0.000,0.000,0.000,0.000
-202.750,0.644,322.785,320.000,0.000,0.000,0.000,0.000
-202.500,0.644,322.723,320.000,0.000,0.000,0.000,0.000
-202.250,0.643,322.661,320.000,0.000,0.000,0.000,0.000
-202.000,0.643,322.601,320.000,0.000,0.000,0.000,0.000
-201.750,0.642,322.541,320.000,0.000,0.000,0.000,0.000
-201.500,0.642,322.482,320.000,0.000,0.000,0.000,0.000
-201.250,0.641,322.424,320.000,0.000,0.000,0.000,0.000
-201.000,0.641,322.366,320.000,0.000,0.000,0.000,0.000
-200.750,0.641,322.309,320.000,0.000,0.000,0.000,0.000
-200.500,0.640,322.253,320.000,0.000,0.000,0.000,0.000
-200.250,0.640,322.198,320.000,0.000,0.000,0.000,0.000
-200.000,0.639,322.143,320.000,0.000,0.000,0.000,0.000
-199.750,0.639,322.089,320.000,0.000,0.000,0.000,0.000
-199.500,0.639,322.036,320.000,0.000,0.000,0.000,0.000
-199.250,0.638,321.983,320.000,0.000,0.000,0.000,0.000
-199.000,0.638,321.932,320.000,0.000,0.000,0.000,0.000
-198.750,0.637,321.880,320.000,0.000,0.000,0.000,0.000
-198.500,0.637,321.830,320.000,0.000,0.000,0.000,0.000
-198.250,0.637,321.780,320.000,0.000,0.000,0.000,0.000
-198.000,0.636,321.731,320.000,0.000,0.000,0.000,0.000
-197.750,0.636,321.683,320.000,0.000,0.000,0.000,0.000
-197.500,0.636,321.635,320.000,0.000,0.000,0.000,0.000
-197.250,0.635,321.589,320.000,0.000,0.000,0.000,0.000
-197.000,0.635,321.542,320.000,0.000,0.000,0.000,0.000
-196.750,0.635,321.497,320.000,0.000,0.000,0.000,0.000
-196.500,0.634,321.452,320.000,0.000,0.000,0.000,0.000
-196.250,0.634,321.408,320.000,0.000,0.000,0.000,0.000
-196.000,0.634,321.365,320.000,0.000,0.000,0.000,0.000
-195.750,0.633,321.322,320.000,0.000,0.000,0.000,0.000
-195.500,0.633,321.280,320.000,0.000,0.000,0.000,0.000
-195.250,0.633,321.239,320.000,0.000,0.000,0.000,0.000
-195.000,0.632,321.198,320.000,0.000,0.000,0.000,0.000
-194.750,0.632,321.158,320.000,0.000,0.000,0.000,0.000
-194.500,0.632,321.119,320.000,0.000,0.000,0.000,0.000
-194.250,0.631,321.080,320.000,0.000,0.000,0.000,0.000
-194.000,0.631,321.043,320.000,0.000,0.000,0.000,0.000
-193.750,0.631,321.006,320.000,0.000,0.000,0.000,0.000
-193.500,0.631,320.969,320.000,0.000,0.000,0.000,0.000
-193.250,0.630,320.933,320.000,0.000,0.000,0.000,0.000
-193.000,0.630,320.898,320.000,0.000,0.000,0.000,0.000
-192.750,0.630,320.864,320.000,0.000,0.000,0.000,0.000
-192.500,0.630,320.830,320.000,0.000,0.000,0.000,0.000
-192.250,0.629,320.797,320.000,0.000,0.000,0.000,0.000
-192.000,0.629,320.765,320.000,0.000,0.000,0.000,0.000
-191.750,0.629,320.733,320.000,0.000,0.000,0.000,0.000
-191.500,0.629,320.702,320.000,0.000,0.000,0.000,0.000
-191.250,0.628,320.672,320.000,0.000,0.000,0.000,0.000
-191.000,0.628,320.642,320.000,0.000,0.000,0.000,0.000
-190.750,0.628,320.613,320.000,0.000,0.000,0.000,0.000
-190.500,0.628,320.585,320.000,0.000,0.000,0.000,0.000
-190.250,0.628,320.557,320.000,0.000,0.000,0.000,0.000
-190.000,0.627,320.530,320.000,0.000,0.000,0.000,0.000
-189.750,0.627,320.504,320.000,0.000,0.000,0.000,0.000
-189.500,0.627,320.478,320.000,0.000,0.000,0.000,0.000
-189.250,0.627,320.453,320.000,0.000,0.000,0.000,0.000
-189.000,0.627,320.429,320.000,0.000,0.000,0.000,0.000
-188.750,0.627,320.406,320.000,0.000,0.000,0.000,0.000
-188.500,0.626,320.383,320.000,0.000,0.000,0.000,0.000
-188.250,0.626,320.360,320.000,0.000,0.000,0.000,0.000
-188.000,0.626,320.339,320.000,0.000,0.000,0.000,0.000
-187.750,0.626,320.318,320.000,0.000,0.000,0.000,0.000
-187.500,0.626,320.298,320.000,0.000,0.000,0.000,0.000
-187.250,0.626,320.278,320.000,0.000,0.000,0.000,0.000
-187.000,0.626,320.259,320.000,0.000,0.000,0.000,0.000
-186.750,0.625,320.241,320.000,0.000,0.000,0.000,0.000
-186.500,0.625,320.224,320.000,0.000,0.000,0.000,0.000
-186.250,0.625,320.207,320.000,0.000,0.000,0.000,0.000
-186.000,0.625,320.190,320.000,0.000,0.000,0.000,0.000
-185.750,0.625,320.175,320.000,0.000,0.000,0.000,0.000
-185.500,0.625,320.160,320.000,0.000,0.000,0.000,0.000
-185.250,0.625,320.146,320.000,0.000,0.000,0.000,0.000
-185.000,0.625,320.132,320.000,0.000,0.000,0.000,0.000
-184.750,0.625,320.119,320.000,0.000,0.000,0.000,0.000
-184.500,0.624,320.107,320.000,0.000,0.000,0.000,0.000
-184.250,0.624,320.095,320.000,0.000,0.000,0.000,0.000
-184.000,0.624,320.085,320.000,0.000,0.000,0.000,0.000
-183.750,0.624,320.074,320.000,0.000,0.000,0.000,0.000
-183.500,0.624,320.065,320.000,0.000,0.000,0.000,0.000
-183.250,0.624,320.056,320.000,0.000,0.000,0.000,0.000
-183.000,0.624,320.048,320.000,0.000,0.000,0.000,0.000
-182.750,0.624,320.040,320.000,0.000,0.000,0.000,0.000
-182.500,0.624,320.033,320.000,0.000,0.000,0.000,0.000
-182.250,0.624,320.027,320.000,0.000,0.000,0.000,0.000
-182.000,0.624,320.021,320.000,0.000,0.000,0.000,0.000
-181.750,0.624,320.016,320.000,0.000,0.000,0.000,0.000
-181.500,0.624,320.012,320.000,0.000,0.000,0.000,0.000
-181.250,0.624,320.008,320.000,0.000,0.000,0.000,0.000
-181.000,0.624,320.005,320.000,0.000,0.000,0.000,0.000
-180.750,0.624,320.003,320.000,0.000,0.000,0.000,0.000
-180.500,0.624,320.001,320.000,0.000,0.000,0.000,0.000
-180.250,0.624,320.000,320.000,0.000,0.000,0.000,0.000
-180.000,0.624,320.000,320.000,0.000,0.000,0.000,0.000
-179.750,0.624,320.000,320.000,0.000,0.000,0.000,0.000
-179.500,0.624,320.001,320.000,0.000,0.000,0.000,0.000
-179.250,0.624,320.003,320.000,0.000,0.000,0.000,0.000
-179.000,0.624,320.005,320.000,0.000,0.000,0.000,0.000
-178.750,0.624,320.008,320.000,0.000,0.000,0.000,0.000
-178.500,0.624,320.012,320.000,0.000,0.000,0.000,0.000
-178.250,0.624,320.016,320.000,0.000,0.000,0.000,0.000
-178.000,0.624,320.021,320.000,0.000,0.000,0.000,0.000
-177.750,0.624,320.027,320.000,0.000,0.000,0.000,0.000
-177.500,0.624,320.033,320.000,0.000,0.000,0.000,0.000
-177.250,0.624,320.040,320.000,0.000,0.000,0.000,0.000
-177.000,0.624,320.048,320.000,0.000,0.000,0.000,0.000
-176.750,0.624,320.056,320.000,0.000,0.000,0.000,0.000
-176.500,0.624,320.065,320.000,0.000,0.000,0.000,0.000
-176.250,0.625,320.074,320.000,0.000,0.000,0.000,0.000
-176.000,0.625,320.085,320.000,0.000,0.000,0.000,0.000
-175.750,0.625,320.095,320.000,0.000,0.000,0.000,0.000
-175.500,0.625,320.107,320.000,0.000,0.000,0.000,0.000
-175.250,0.625,320.119,320.000,0.000,0.000,0.000,0.000
-175.000,0.625,320.132,320.000,0.000,0.000,0.000,0.000
-174.750,0.625,320.146,320.000,0.000,0.000,0.000,0.000
-174.500,0.625,320.160,320.000,0.000,0.000,0.000,0.000
-174.250,0.625,320.175,320.000,0.000,0.000,0.000,0.000
-174.000,0.626,320.190,320.000,0.000,0.000,0.000,0.000
-173.750,0.626,320.207,320.000,0.000,0.000,0.000,0.000
-173.500,0.626,320.224,320.000,0.000,0.000,0.000,0.000
-173.250,0.626,320.241,320.000,0.000,0.000,0.000,0.000
-173.000,0.626,320.259,320.000,0.000,0.000,0.000,0.000
-172.750,0.626,320.278,320.000,0.000,0.000,0.000,0.000
-172.500,0.626,320.298,320.000,0.000,0.000,0.000,0.000
-172.250,0.627,320.318,320.000,0.000,0.000,0.000,0.000
-172.000,0.627,320.339,320.000,0.000,0.000,0.000,0.000
-171.750,0.627,320.360,320.000,0.000,0.000,0.000,0.000
-171.500,0.627,320.383,320.000,0.000,0.000,0.000,0.000
-171.250,0.627,320.406,320.000,0.000,0.000,0.000,0.000
-171.000,0.627,320.429,320.000,0.000,0.000,0.000,0.000
-170.750,0.628,320.453,320.000,0.000,0.000,0.000,0.000
-170.500,0.628,320.478,320.000,0.000,0.000,0.000,0.000
-170.250,0.628,320.504,320.000,0.000,0.000,0.000,0.000
-170.000,0.628,320.530,320.000,0.000,0.000,0.000,0.000
-169.750,0.628,320.557,320.000,0.000,0.000,0.000,0.000
-169.500,0.629,320.585,320.000,0.000,0.000,0.000,0.000
-169.250,0.629,320.613,320.000,0.000,0.000,0.000,0.000
-169.000,0.629,320.642,320.000,0.000,0.000,0.000,0.000
-168.750,0.629,320.672,320.000,0.000,0.000,0.000,0.000
-168.500,0.630,320.702,320.000,0.000,0.000,0.000,0.000
-168.250,0.630,320.733,320.000,0.000,0.000,0.000,0.000
-168.000,0.630,320.765,320.000,0.000,0.000,0.000,0.000
-167.750,0.630,320.797,320.000,0.000,0.000,0.000,0.000
-167.500,0.631,320.830,320.000,0.000,0.000,0.000,0.000
-167.250,0.631,320.864,320.000,0.000,0.000,0.000,0.000
-167.000,0.631,320.898,320.000,0.000,0.000,0.000,0.000
-166.750,0.631,320.933,320.000,0.000,0.000,0.000,0.000
-166.500,0.632,320.969,320.000,0.000,0.000,0.000,0.000
-166.250,0.632,321.006,320.000,0.000,0.000,0.000,0.000
-166.000,0.632,321.043,320.000,0.000,0.000,0.000,0.000
-165.750,0.633,321.080,320.000,0.000,0.000,0.000,0.000
-165.500,0.633,321.119,320.000,0.000,0.000,0.000,0.000
-165.250,0.633,321.158,320.000,0.000,0.000,0.000,0.000
-165.000,0.633,321.198,320.000,0.000,0.000,0.000,0.000
-164.750,0.634,321.239,320.000,0.000,0.000,0.000,0.000
-164.500,0.634,321.280,320.000,0.000,0.000,0.000,0.000
-164.250,0.634,321.322,320.000,0.000,0.000,0.000,0.000
-164.000,0.635,321.365,320.000,0.000,0.000,0.000,0.000
-163.750,0.635,321.408,320.000,0.000,0.000,0.000,0.000
-163.500,0.635,321.452,320.000,0.000,0.000,0.000,0.000
-163.250,0.636,321.497,320.000,0.000,0.000,0.000,0.000
-163.000,0.636,321.542,320.000,0.000,0.000,0.000,0.000
-162.750,0.637,321.589,320.000,0.000,0.000,0.000,0.000
-162.500,0.637,321.635,320.000,0.000,0.000,0.000,0.000
-162.250,0.637,321.683,320.000,0.000,0.000,0.000,0.000
-162.000,0.638,321.731,320.000,0.000,0.000,0.000,0.000
-161.750,0.638,321.780,320.000,0.000,0.000,0.000,0.000
-161.500,0.638,321.830,320.000,0.000,0.000,0.000,0.000
-161.250,0.639,321.880,320.000,0.000,0.000,0.000,0.000
-161.000,0.639,321.932,320.000,0.000,0.000,0.000,0.000
-160.750,0.640,321.983,320.000,0.000,0.000,0.000,0.000
-160.500,0.640,322.036,320.000,0.000,0.000,0.000,0.000
-160.250,0.640,322.089,320.000,0.000,0.000,0.000,0.000
-160.000,0.641,322.143,320.000,0.000,0.000,0.000,0.000
-159.750,0.641,322.198,320.000,0.000,0.000,0.000,0.000
-159.500,0.642,322.253,320.000,0.000,0.000,0.000,0.000
-159.250,0.642,322.309,320.000,0.000,0.000,0.000,0.000
-159.000,0.643,322.366,320.000,0.000,0.000,0.000,0.000
-158.750,0.643,322.424,320.000,0.000,0.000,0.000,0.000
-158.500,0.644,322.482,320.000,0.000,0.000,0.000,0.000
-158.250,0.644,322.541,320.000,0.000,0.000,0.000,0.000
-158.000,0.644,322.601,320.000,0.000,0.000,0.000,0.000
-157.750,0.645,322.661,320.000,0.000,0.000,0.000,0.000
-157.500,0.645,322.723,320.000,0.000,0.000,0.000,0.000
-157.250,0.646,322.785,320.000,0.000,0.000,0.000,0.000
-157.000,0.646,322.847,320.000,0.000,0.000,0.000,0.000
-156.750,0.647,322.911,320.000,0.000,0.000,0.000,0.000
-156.500,0.647,322.975,320.000,0.000,0.000,0.000,0.000
-156.250,0.648,323.040,320.000,0.000,0.000,0.000,0.000
-156.000,0.648,323.105,320.000,0.000,0.000,0.000,0.000
-155.750,0.649,323.172,320.000,0.000,0.000,0.000,0.000
-155.500,0.650,323.239,320.000,0.000,0.000,0.000,0.000
-155.250,0.650,323.307,320.000,0.000,0.000,0.000,0.000
-155.000,0.651,323.375,320.000,0.000,0.000,0.000,0.000
-154.750,0.651,323.445,320.000,0.000,0.000,0.000,0.000
-154.500,0.652,323.515,320.000,0.000,0.000,0.000,0.000
-154.250,0.652,323.586,320.000,0.000,0.000,0.000,0.000
-154.000,0.653,323.657,320.000,0.000,0.000,0.000,0.000
-153.750,0.653,323.730,320.000,0.000,0.000,0.000,0.000
-153.500,0.654,323.803,320.000,0.000,0.000,0.000,0.000
-153.250,0.655,323.877,320.000,0.000,0.000,0.000,0.000
-153.000,0.655,323.951,320.000,0.000,0.000,0.000,0.000
-152.750,0.656,324.027,320.000,0.000,0.000,0.000,0.000
-152.500,0.656,324.103,320.000,0.000,0.000,0.000,0.000
-152.250,0.657,324.180,320.000,0.000,0.000,0.000,0.000
-152.000,0.658,324.258,320.000,0.000,0.000,0.000,0.000
-151.750,0.658,324.336,320.000,0.000,0.000,0.000,0.000
-151.500,0.659,324.415,320.000,0.000,0.000,0.000,0.000
-151.250,0.659,324.496,320.000,0.000,0.000,0.000,0.000
-151.000,0.660,324.576,320.000,0.000,0.000,0.000,0.000
-150.750,0.661,324.658,320.000,0.000,0.000,0.000,0.000
-150.500,0.661,324.740,320.000,0.000,0.000,0.000,0.000
-150.250,0.662,324.824,320.000,0.000,0.000,0.000,0.000
-150.000,0.663,324.908,320.000,0.000,0.000,0.000,0.000
-149.750,0.663,324.992,320.000,0.000,0.000,0.000,0.000
-149.500,0.664,325.078,320.000,0.000,0.000,0.000,0.000
-149.250,0.665,325.164,320.000,0.000,0.000,0.000,0.000
-149.000,0.665,325.251,320.000,0.000,0.000,0.000,0.000
-148.750,0.666,325.339,320.000,0.000,0.000,0.000,0.000
-148.500,0.667,325.428,320.000,0.000,0.000,0.000,0.000
-148.250,0.668,325.518,320.000,0.000,0.000,0.000,0.000
-148.000,0.668,325.608,320.000,0.000,0.000,0.000,0.000
-147.750,0.669,325.699,320.000,0.000,0.000,0.000,0.000
-147.500,0.670,325.791,320.000,0.000,0.000,0.000,0.000
-147.250,0.671,325.884,320.000,0.000,0.000,0.000,0.000
-147.000,0.671,325.978,320.000,0.000,0.000,0.000,0.000
-146.750,0.672,326.072,320.000,0.000,0.000,0.000,0.000
-146.500,0.673,326.167,320.000,0.000,0.000,0.000,0.000
-146.250,0.674,326.263,320.000,0.000,0.000,0.000,0.000
-146.000,0.674,326.360,320.000,0.000,0.000,0.000,0.000
-145.750,0.675,326.458,320.000,0.000,0.000,0.000,0.000
-145.500,0.676,326.557,320.000,0.000,0.000,0.000,0.000
-145.250,0.677,326.656,320.000,0.000,0.000,0.000,0.000
-145.000,0.678,326.756,320.000,0.000,0.000,0.000,0.000
-144.750,0.678,326.857,320.000,0.000,0.000,0.000,0.000
-144.500,0.679,326.959,320.000,0.000,0.000,0.000,0.000
-144.250,0.680,327.062,320.000,0.000,0.000,0.000,0.000
-144.000,0.681,327.166,320.000,0.000,0.000,0.000,0.000
-143.750,0.682,327.270,320.000,0.000,0.000,0.000,0.000
-143.500,0.683,327.376,320.000,0.000,0.000,0.000,0.000
-143.250,0.683,327.482,320.000,0.000,0.000,0.000,0.000
-143.000,0.684,327.589,320.000,0.000,0.000,0.000,0.000
-142.750,0.685,327.697,320.000,0.000,0.000,0.000,0.000
-142.500,0.686,327.805,320.000,0.000,0.000,0.000,0.000
-142.250,0.687,327.915,320.000,0.000,0.000,0.000,0.000
-142.000,0.688,328.026,320.000,0.000,0.000,0.000,0.000
-141.750,0.689,328.137,320.000,0.000,0.000,0.000,0.000
-141.500,0.690,328.249,320.000,0.000,0.000,0.000,0.000
-141.250,0.691,328.362,320.000,0.000,0.000,0.000,0.000
-141.000,0.692,328.476,320.000,0.000,0.000,0.000,0.000
-140.750,0.693,328.591,320.000,0.000,0.000,0.000,0.000
-140.500,0.693,328.707,320.000,0.000,0.000,0.000,0.000
-140.250,0.694,328.824,320.000,0.000,0.000,0.000,0.000
-140.000,0.695,328.941,320.000,0.000,0.000,0.000,0.000
-139.750,0.696,329.060,320.000,0.000,0.000,0.000,0.000
-139.500,0.697,329.179,320.000,0.000,0.000,0.000,0.000
-139.250,0.698,329.299,320.000,0.000,0.000,0.000,0.000
-139.000,0.699,329.421,320.000,0.000,0.000,0.000,0.000
-138.750,0.700,329.543,320.000,0.000,0.000,0.000,0.000
-138.500,0.701,329.666,320.000,0.000,0.000,0.000,0.000
-138.250,0.702,329.790,320.000,0.000,0.000,0.000,0.000
-138.000,0.703,329.914,320.000,0.000,0.000,0.000,0.000
-137.750,0.704,330.040,320.000,0.000,0.000,0.000,0.000
-137.500,0.706,330.167,320.000,0.000,0.000,0.000,0.000
-137.250,0.707,330.295,320.000,0.000,0.000,0.000,0.000
-137.000,0.708,330.423,320.000,0.000,0.000,0.000,0.000
-136.750,0.709,330.553,320.000,0.000,0.000,0.000,0.000
-136.500,0.710,330.683,320.000,0.000,0.000,0.000,0.000
-136.250,0.711,330.814,320.000,0.000,0.000,0.000,0.000
-136.000,0.712,330.947,320.000,0.000,0.000,0.000,0.000
-135.750,0.713,331.080,320.000,0.000,0.000,0.000,0.000
-135.500,0.714,331.214,320.000,0.000,0.000,0.000,0.000
-135.250,0.715,331.349,320.000,0.000,0.000,0.000,0.000
-135.000,0.717,331.486,320.000,0.000,0.000,0.000,0.000
-134.750,0.718,331.623,320.000,0.000,0.000,0.000,0.000
-134.500,0.719,331.761,320.000,0.000,0.000,0.000,0.000
-134.250,0.720,331.900,320.000,0.000,0.000,0.000,0.000
-134.000,0.721,332.040,320.000,0.000,0.000,0.000,0.000
-133.750,0.722,332.181,320.000,0.000,0.000,0.000,0.000
-133.500,0.724,332.323,320.000,0.000,0.000,0.000,0.000
-133.250,0.725,332.466,320.000,0.000,0.000,0.000,0.000
-133.000,0.726,332.610,320.000,0.000,0.000,0.000,0.000
-132.750,0.727,332.755,320.000,0.000,0.000,0.000,0.000
-132.500,0.728,332.901,320.000,0.000,0.000,0.000,0.000
-132.250,0.730,333.048,320.000,0.000,0.000,0.000,0.000
-132.000,0.731,333.196,320.000,0.000,0.000,0.000,0.000
-131.750,0.732,333.345,320.000,0.000,0.000,0.000,0.000
-131.500,0.734,333.495,320.000,0.000,0.000,0.000,0.000
-131.250,0.735,333.646,320.000,0.000,0.000,0.000,0.000
-131.000,0.736,333.798,320.000,0.000,0.000,0.000,0.000
-130.750,0.737,333.951,320.000,0.000,0.000,0.000,0.000
-130.500,0.739,334.105,320.000,0.000,0.000,0.000,0.000
-130.250,0.740,334.261,320.000,0.000,0.000,0.000,0.000
-130.000,0.741,334.417,320.000,0.000,0.000,0.000,0.000
-129.750,0.743,334.574,320.000,0.000,0.000,0.000,0.000
-129.500,0.744,334.732,320.000,0.000,0.000,0.000,0.000
-129.250,0.745,334.892,320.000,0.000,0.000,0.000,0.000
-129.000,0.747,335.052,320.000,0.000,0.000,0.000,0.000
-128.750,0.748,335.214,320.000,0.000,0.000,0.000,0.000
-128.500,0.750,335.376,320.000,0.000,0.000,0.000,0.000
-128.250,0.751,335.540,320.000,0.000,0.000,0.000,0.000
-128.000,0.753,335.704,320.000,0.000,0.000,0.000,0.000
-127.750,0.754,335.870,320.000,0.000,0.000,0.000,0.000
-127.500,0.755,336.037,320.000,0.000,0.000,0.000,0.000
-127.250,0.757,336.205,320.000,0.000,0.000,0.000,0.000
-127.000,0.758,336.374,320.000,0.000,0.000,0.000,0.000
-126.750,0.760,336.544,320.000,0.000,0.000,0.000,0.000
-126.500,0.761,336.715,320.000,0.000,0.000,0.000,0.000
-126.250,0.763,336.888,320.000,0.000,0.000,0.000,0.000
-126.000,0.764,337.061,320.000,0.000,0.000,0.000,0.000
-125.750,0.766,337.236,320.000,0.000,0.000,0.000,0.000
-125.500,0.767,337.411,320.000,0.000,0.000,0.000,0.000
-125.250,0.769,337.588,320.000,0.000,0.000,0.000,0.000
-125.000,0.771,337.766,320.000,0.000,0.000,0.000,0.000
-124.750,0.772,337.945,320.000,0.000,0.000,0.000,0.000
-124.500,0.774,338.125,320.000,0.000,0.000,0.000,0.000
-124.250,0.775,338.307,320.000,0.000,0.000,0.000,0.000
-124.000,0.777,338.489,320.000,0.000,0.000,0.000,0.000
-123.750,0.779,338.673,320.000,0.000,0.000,0.000,0.000
-123.500,0.780,338.858,320.000,0.000,0.000,0.000,0.000
-123.250,0.782,339.044,320.000,0.000,0.000,0.000,0.000
-123.000,0.784,339.231,320.000,0.000,0.000,0.000,0.000
-122.750,0.785,339.419,320.000,0.000,0.000,0.000,0.000
-122.500,0.787,339.608,320.000,0.000,0.000,0.000,0.000
-122.250,0.789,339.799,320.000,0.000,0.000,0.000,0.000
-122.000,0.790,339.991,320.000,0.000,0.000,0.000,0.000
-121.750,0.792,340.184,320.000,0.000,0.000,0.000,0.000
-121.500,0.794,340.378,320.000,0.000,0.000,0.000,0.000
-121.250,0.796,340.574,320.000,0.000,0.000,0.000,0.000
-121.000,0.797,340.770,320.000,0.000,0.000,0.000,0.000
-120.750,0.799,340.968,320.000,0.000,0.000,0.000,0.000
-120.500,0.801,341.167,320.000,0.000,0.000,0.000,0.000
-120.250,0.803,341.368,320.000,0.000,0.000,0.000,0.000
-120.000,0.805,341.569,320.000,0.000,0.000,0.000,0.000
-119.750,0.807,341.772,320.000,0.000,0.000,0.000,0.000
-119.500,0.808,341.976,320.000,0.000,0.000,0.000,0.000
-119.250,0.810,342.181,320.000,0.000,0.000,0.000,0.000
-119.000,0.812,342.388,320.000,0.000,0.000,0.000,0.000
-118.750,0.814,342.596,320.000,0.000,0.000,0.000,0.000
-118.500,0.816,342.805,320.000,0.000,0.000,0.000,0.000
-118.250,0.818,343.015,320.000,0.000,0.000,0.000,0.000
-118.000,0.820,343.227,320.000,0.000,0.000,0.000,0.000
-117.750,0.822,343.440,320.000,0.000,0.000,0.000,0.000
-117.500,0.824,343.654,320.000,0.000,0.000,0.000,0.000
-117.250,0.826,343.869,320.000,0.000,0.000,0.000,0.000
-117.000,0.828,344.086,320.000,0.000,0.000,0.000,0.000
-116.750,0.830,344.304,320.000,0.000,0.000,0.000,0.000
-116.500,0.832,344.524,320.000,0.000,0.000,0.000,0.000
-116.250,0.834,344.744,320.000,0.000,0.000,0.000,0.000
-116.000,0.836,344.966,320.000,0.000,0.000,0.000,0.000
-115.750,0.838,345.190,320.000,0.000,0.000,0.000,0.000
-115.500,0.840,345.414,320.000,0.000,0.000,0.000,0.000
-115.250,0.842,345.640,320.000,0.000,0.000,0.000,0.000
-115.000,0.844,345.868,320.000,0.000,0.000,0.000,0.000
-114.750,0.847,346.096,320.000,0.000,0.000,0.000,0.000
-114.500,0.849,346.327,320.000,0.000,0.000,0.000,0.000
-114.250,0.851,346.558,320.000,0.000,0.000,0.000,0.000
-114.000,0.853,346.791,320.000,0.000,0.000,0.000,0.000
-113.750,0.855,347.025,320.000,0.000,0.000,0.000,0.000
-113.500,0.858,347.261,320.000,0.000,0.000,0.000,0.000
-113.250,0.860,347.498,320.000,0.000,0.000,0.000,0.000
-113.000,0.862,347.736,320.000,0.000,0.000,0.000,0.000
-112.750,0.865,347.976,320.000,0.000,0.000,0.000,0.000
-112.500,0.867,348.217,320.000,0.000,0.000,0.000,0.000
-112.250,0.869,348.459,320.000,0.000,0.000,0.000,0.000
-112.000,0.872,348.703,320.000,0.000,0.000,0.000,0.000
-111.750,0.874,348.949,320.000,0.000,0.000,0.000,0.000
-111.500,0.876,349.196,320.000,0.000,0.000,0.000,0.000
-111.250,0.879,349.444,320.000,0.000,0.000,0.000,0.000
-111.000,0.881,349.694,320.000,0.000,0.000,0.000,0.000
-110.750,0.884,349.945,320.000,0.000,0.000,0.000,0.000
-110.500,0.886,350.198,320.000,0.000,0.000,0.000,0.000
-110.250,0.889,350.452,320.000,0.000,0.000,0.000,0.000
-110.000,0.891,350.707,320.000,0.000,0.000,0.000,0.000
-109.750,0.894,350.965,320.000,0.000,0.000,0.000,0.000
-109.500,0.896,351.223,320.000,0.000,0.000,0.000,0.000
-109.250,0.899,351.483,320.000,0.000,0.000,0.000,0.000
-109.000,0.901,351.745,320.000,0.000,0.000,0.000,0.000
-108.750,0.904,352.008,320.000,0.000,0.000,0.000,0.000
-108.500,0.906,352.273,320.000,0.000,0.000,0.000,0.000
-108.250,0.909,352.539,320.000,0.000,0.000,0.000,0.000
-108.000,0.912,352.806,320.000,0.000,0.000,0.000,0.000
-107.750,0.914,353.076,320.000,0.000,0.000,0.000,0.000
-107.500,0.917,353.346,320.000,0.000,0.000,0.000,0.000
-107.250,0.920,353.619,320.000,0.000,0.000,0.000,0.000
-107.000,0.923,353.893,320.000,0.000,0.000,0.000,0.000
-106.750,0.925,354.168,320.000,0.000,0.000,0.000,0.000
-106.500,0.928,354.445,320.000,0.000,0.000,0.000,0.000
-106.250,0.931,354.724,320.000,0.000,0.000,0.000,0.000
-106.000,0.934,355.004,320.000,0.000,0.000,0.000,0.000
-105.750,0.937,355.286,320.000,0.000,0.000,0.000,0.000
-105.500,0.940,355.569,320.000,0.000,0.000,0.000,0.000
-105.250,0.942,355.854,320.000,0.000,0.000,0.000,0.000
-105.000,0.945,356.141,320.000,0.000,0.000,0.000,0.000
-104.750,0.948,356.429,320.000,0.000,0.000,0.000,0.000
-104.500,0.951,356.719,320.000,0.000,0.000,0.000,0.000
-104.250,0.954,357.010,320.000,0.000,0.000,0.000,0.000
-104.000,0.957,357.304,320.000,0.000,0.000,0.000,0.000
-103.750,0.960,357.598,320.000,0.000,0.000,0.000,0.000
-103.500,0.963,357.895,320.000,0.000,0.000,0.000,0.000
-103.250,0.967,358.193,320.000,0.000,0.000,0.000,0.000
-103.000,0.970,358.493,320.000,0.000,0.000,0.000,0.000
-102.750,0.973,358.795,320.000,0.000,0.000,0.000,0.000
-102.500,0.976,359.098,320.000,0.000,0.000,0.000,0.000
-102.250,0.979,359.403,320.000,0.000,0.000,0.000,0.000
-102.000,0.982,359.710,320.000,0.000,0.000,0.000,0.000
-101.750,0.986,360.018,320.000,0.000,0.000,0.000,0.000
-101.500,0.989,360.328,320.000,0.000,0.000,0.000,0.000
-101.250,0.992,360.640,320.000,0.000,0.000,0.000,0.000
-101.000,0.996,360.954,320.000,0.000,0.000,0.000,0.000
-100.750,0.999,361.269,320.000,0.000,0.000,0.000,0.000
-100.500,1.002,361.586,320.000,0.000,0.000,0.000,0.000
-100.250,1.006,361.905,320.000,0.000,0.000,0.000,0.000
-100.000,1.009,362.226,320.000,0.000,0.000,0.000,0.000
-99.750,1.013,362.548,320.000,0.000,0.000,0.000,0.000
-99.500,1.016,362.873,320.000,0.000,0.000,0.000,0.000
-99.250,1.020,363.199,320.000,0.000,0.000,0.000,0.000
-99.000,1.023,363.527,320.000,0.000,0.000,0.000,0.000
-98.750,1.027,363.857,320.000,0.000,0.000,0.000,0.000
-98.500,1.030,364.188,320.000,0.000,0.000,0.000,0.000
-98.250,1.034,364.522,320.000,0.000,0.000,0.000,0.000
-98.000,1.038,364.857,320.000,0.000,0.000,0.000,0.000
-97.750,1.041,365.194,320.000,0.000,0.000,0.000,0.000
-97.500,1.045,365.533,320.000,0.000,0.000,0.000,0.000
-97.250,1.049,365.874,320.000,0.000,0.000,0.000,0.000
-97.000,1.053,366.217,320.000,0.000,0.000,0.000,0.000
-96.750,1.056,366.562,320.000,0.000,0.000,0.000,0.000
-96.500,1.060,366.909,320.000,0.000,0.000,0.000,0.000
-96.250,1.064,367.257,320.000,0.000,0.000,0.000,0.000
-96.000,1.068,367.608,320.000,0.000,0.000,0.000,0.000
-95.750,1.072,367.960,320.000,0.000,0.000,0.000,0.000
-95.500,1.076,368.314,320.000,0.000,0.000,0.000,0.000
-95.250,1.080,368.671,320.000,0.000,0.000,0.000,0.000
-95.000,1.084,369.029,320.000,0.000,0.000,0.000,0.000
-94.750,1.088,369.389,320.000,0.000,0.000,0.000,0.000
-94.500,1.092,369.752,320.000,0.000,0.000,0.000,0.000
-94.250,1.096,370.116,320.000,0.000,0.000,0.000,0.000
-94.000,1.101,370.482,320.000,0.000,0.000,0.000,0.000
-93.750,1.105,370.850,320.000,0.000,0.000,0.000,0.000
-93.500,1.109,371.221,320.000,0.000,0.000,0.000,0.000
-93.250,1.113,371.593,320.000,0.000,0.000,0.000,0.000
-93.000,1.118,371.967,320.000,0.000,0.000,0.000,0.000
-92.750,1.122,372.344,320.000,0.000,0.000,0.000,0.000
-92.500,1.126,372.722,320.000,0.000,0.000,0.000,0.000
-92.250,1.131,373.103,320.000,0.000,0.000,0.000,0.000
-92.000,1.135,373.486,320.000,0.000,0.000,0.000,0.000
-91.750,1.140,373.870,320.000,0.000,0.000,0.000,0.000
-91.500,1.144,374.257,320.000,0.000,0.000,0.000,0.000
-91.250,1.149,374.646,320.000,0.000,0.000,0.000,0.000
-91.000,1.154,375.037,320.000,0.000,0.000,0.000,0.000
-90.750,1.158,375.431,320.000,0.000,0.000,0.000,0.000
-90.500,1.163,375.826,320.000,0.000,0.000,0.000,0.000
-90.250,1.168,376.223,320.000,0.000,0.000,0.000,0.000
-90.000,1.172,376.623,320.000,0.000,0.000,0.000,0.000
-89.750,1.177,377.025,320.000,0.000,0.000,0.000,0.000
-89.500,1.182,377.429,320.000,0.000,0.000,0.000,0.000
-89.250,1.187,377.835,320.000,0.000,0.000,0.000,0.000
-89.000,1.192,378.244,320.000,0.000,0.000,0.000,0.000
-88.750,1.197,378.655,320.000,0.000,0.000,0.000,0.000
-88.500,1.202,379.068,320.000,0.000,0.000,0.000,0.000
-88.250,1.207,379.483,320.000,0.000,0.000,0.000,0.000
-88.000,1.212,379.900,320.000,0.000,0.000,0.000,0.000
-87.750,1.217,380.320,320.000,0.000,0.000,0.000,0.000
-87.500,1.223,380.742,320.000,0.000,0.000,0.000,0.000
-87.250,1.228,381.166,320.000,0.000,0.000,0.000,0.000
-87.000,1.233,381.593,320.000,0.000,0.000,0.000,0.000
-86.750,1.238,382.022,320.000,0.000,0.000,0.000,0.000
-86.500,1.244,382.453,320.000,0.000,0.000,0.000,0.000
-86.250,1.249,382.887,320.000,0.000,0.000,0.000,0.000
-86.000,1.255,383.323,320.000,0.000,0.000,0.000,0.000
-85.750,1.260,383.761,320.000,0.000,0.000,0.000,0.000
-85.500,1.266,384.201,320.000,0.000,0.000,0.000,0.000
-85.250,1.271,384.644,320.000,0.000,0.000,0.000,0.000
-85.000,1.277,385.090,320.000,0.000,0.000,0.000,0.000
-84.750,1.283,385.538,320.000,0.000,0.000,0.000,0.000
-84.500,1.289,385.988,320.000,0.000,0.000,0.000,0.000
-84.250,1.294,386.441,320.000,0.000,0.000,0.000,0.000
-84.000,1.300,386.896,320.000,0.000,0.000,0.000,0.000
-83.750,1.306,387.353,320.000,0.000,0.000,0.000,0.000
-83.500,1.312,387.813,320.000,0.000,0.000,0.000,0.000
-83.250,1.318,388.276,320.000,0.000,0.000,0.000,0.000
-83.000,1.324,388.741,320.000,0.000,0.000,0.000,0.000
-82.750,1.330,389.208,320.000,0.000,0.000,0.000,0.000
-82.500,1.337,389.678,320.000,0.000,0.000,0.000,0.000
-82.250,1.343,390.151,320.000,0.000,0.000,0.000,0.000
-82.000,1.349,390.626,320.000,0.000,0.000,0.000,0.000
-81.750,1.355,391.103,320.000,0.000,0.000,0.000,0.000
-81.500,1.362,391.583,320.000,0.000,0.000,0.000,0.000
-81.250,1.368,392.066,320.000,0.000,0.000,0.000,0.000
-81.000,1.375,392.551,320.000,0.000,0.000,0.000,0.000
-80.750,1.381,393.039,320.000,0.000,0.000,0.000,0.000
-80.500,1.388,393.530,320.000,0.000,0.000,0.000,0.000
-80.250,1.395,394.023,320.000,0.000,0.000,0.000,0.000
-80.000,1.401,394.519,320.000,0.000,0.000,0.000,0.000
-79.750,1.408,395.017,320.000,0.000,0.000,0.000,0.000
-79.500,1.415,395.518,320.000,0.000,0.000,0.000,0.000
-79.250,1.422,396.022,320.000,0.000,0.000,0.000,0.000
-79.000,1.429,396.529,320.000,0.000,0.000,0.000,0.000
-78.750,1.436,397.038,320.000,0.000,0.000,0.000,0.000
-78.500,1.443,397.550,320.000,0.000,0.000,0.000,0.000
-78.250,1.450,398.064,320.000,0.000,0.000,0.000,0.000
-78.000,1.458,398.582,320.000,0.000,0.000,0.000,0.000
-77.750,1.465,399.102,320.000,0.000,0.000,0.000,0.000
-77.500,1.472,399.625,320.000,0.000,0.000,0.000,0.000
-77.250,1.480,400.150,320.000,0.000,0.000,0.000,0.000
-77.000,1.487,400.679,320.000,0.000,0.000,0.000,0.000
-76.750,1.495,401.210,320.000,0.000,0.000,0.000,0.000
-76.500,1.503,401.744,320.000,0.000,0.000,0.000,0.000
-76.250,1.510,402.281,320.000,0.000,0.000,0.000,0.000
-76.000,1.518,402.821,320.000,0.000,0.000,0.000,0.000
-75.750,1.526,403.364,320.000,0.000,0.000,0.000,0.000
-75.500,1.534,403.909,320.000,0.000,0.000,0.000,0.000
-75.250,1.542,404.458,320.000,0.000,0.000,0.000,0.000
-75.000,1.550,405.009,320.000,0.000,0.000,0.000,0.000
-74.750,1.558,405.563,320.000,0.000,0.000,0.000,0.000
-74.500,1.566,406.120,320.000,0.000,0.000,0.000,0.000
-74.250,1.575,406.680,320.000,0.000,0.000,0.000,0.000
-74.000,1.583,407.243,320.000,0.000,0.000,0.000,0.000
-73.750,1.592,407.809,320.000,0.000,0.000,0.000,0.000
-73.500,1.600,408.378,320.000,0.000,0.000,0.000,0.000
-73.250,1.609,408.950,320.000,0.000,0.000,0.000,0.000
-73.000,1.617,409.525,320.000,0.000,0.000,0.000,0.000
-72.750,1.626,410.104,320.000,0.000,0.000,0.000,0.000
-72.500,1.635,410.685,320.000,0.000,0.000,0.000,0.000
-72.250,1.644,411.269,320.000,0.000,0.000,0.000,0.000
-72.000,1.653,411.856,320.000,0.000,0.000,0.000,0.000
-71.750,1.662,412.446,320.000,0.000,0.000,0.000,0.000
-71.500,1.671,413.040,320.000,0.000,0.000,0.000,0.000
-71.250,1.681,413.636,320.000,0.000,0.000,0.000,0.000
-71.000,1.690,414.236,320.000,0.000,0.000,0.000,0.000
-70.750,1.699,414.839,320.000,0.000,0.000,0.000,0.000
-70.500,1.709,415.445,320.000,0.000,0.000,0.000,0.000
-70.250,1.719,416.054,320.000,0.000,0.000,0.000,0.000
-70.000,1.728,416.666,320.000,0.000,0.000,0.000,0.000
-69.750,1.738,417.282,320.000,0.000,0.000,0.000,0.000
-69.500,1.748,417.900,320.000,0.000,0.000,0.000,0.000
-69.250,1.758,418.522,320.000,0.000,0.000,0.000,0.000
-69.000,1.768,419.148,320.000,0.000,0.000,0.000,0.000
-68.750,1.778,419.776,320.000,0.000,0.000,0.000,0.000
-68.500,1.789,420.408,320.000,0.000,0.000,0.000,0.000
-68.250,1.799,421.043,320.000,0.000,0.000,0.000,0.000
-68.000,1.809,421.681,320.000,0.000,0.000,0.000,0.000
-67.750,1.820,422.323,320.000,0.000,0.000,0.000,0.000
-67.500,1.831,422.968,320.000,0.000,0.000,0.000,0.000
-67.250,1.842,423.616,320.000,0.000,0.000,0.000,0.000
-67.000,1.852,424.268,320.000,0.000,0.000,0.000,0.000
-66.750,1.863,424.923,320.000,0.000,0.000,0.000,0.000
-66.500,1.875,425.581,320.000,0.000,0.000,0.000,0.000
-66.250,1.886,426.243,320.000,0.000,0.000,0.000,0.000
-66.000,1.897,426.908,320.000,0.000,0.000,0.000,0.000
-65.750,1.908,427.577,320.000,0.000,0.000,0.000,0.000
-65.500,1.920,428.249,320.000,0.000,0.000,0.000,0.000
-65.250,1.932,428.924,320.000,0.000,0.000,0.000,0.000
-65.000,1.943,429.603,320.000,0.000,0.000,0.000,0.000
-64.750,1.955,430.286,320.000,0.000,0.000,0.000,0.000
-64.500,1.967,430.972,320.000,0.000,0.000,0.000,0.000
-64.250,1.979,431.661,320.000,0.000,0.000,0.000,0.000
-64.000,1.992,432.354,320.000,0.000,0.000,0.000,0.000
-63.750,2.004,433.051,320.000,0.000,0.000,0.000,0.000
-63.500,2.016,433.751,320.000,0.000,0.000,0.000,0.000
-63.250,2.029,434.455,320.000,0.000,0.000,0.000,0.000
-63.000,2.042,435.162,320.000,0.000,0.000,0.000,0.000
-62.750,2.054,435.873,320.000,0.000,0.000,0.000,0.000
-62.500,2.067,436.588,320.000,0.000,0.000,0.000,0.000
-62.250,2.080,437.306,320.000,0.000,0.000,0.000,0.000
-62.000,2.094,438.028,320.000,0.000,0.000,0.000,0.000
-61.750,2.107,438.753,320.000,0.000,0.000,0.000,0.000
-61.500,2.120,439.482,320.000,0.000,0.000,0.000,0.000
-61.250,2.134,440.215,320.000,0.000,0.000,0.000,0.000
-61.000,2.148,440.952,320.000,0.000,0.000,0.000,0.000
-60.750,2.161,441.692,320.000,0.000,0.000,0.000,0.000
-60.500,2.175,442.436,320.000,0.000,0.000,0.000,0.000
-60.250,2.190,443.184,320.000,0.000,0.000,0.000,0.000
-60.000,2.204,443.935,320.000,0.000,0.000,0.000,0.000
-59.750,2.218,444.690,320.000,0.000,0.000,0.000,0.000
-59.500,2.233,445.449,320.000,0.000,0.000,0.000,0.000
-59.250,2.247,446.212,320.000,0.000,0.000,0.000,0.000
-59.000,2.262,446.978,320.000,0.000,0.000,0.000,0.000
-58.750,2.277,447.749,320.000,0.000,0.000,0.000,0.000
-58.500,2.292,448.523,320.000,0.000,0.000,0.000,0.000
-58.250,2.308,449.301,320.000,0.000,0.000,0.000,0.000
-58.000,2.323,450.083,320.000,0.000,0.000,0.000,0.000
-57.750,2.339,450.869,320.000,0.000,0.000,0.000,0.000
-57.500,2.354,451.658,320.000,0.000,0.000,0.000,0.000
-57.250,2.370,452.452,320.000,0.000,0.000,0.000,0.000
-57.000,2.386,453.249,320.000,0.000,0.000,0.000,0.000
-56.750,2.402,454.051,320.000,0.000,0.000,0.000,0.000
-56.500,2.419,454.856,320.000,0.000,0.000,0.000,0.000
-56.250,2.435,455.665,320.000,0.000,0.000,0.000,0.000
-56.000,2.452,456.478,320.000,0.000,0.000,0.000,0.000
-55.750,2.469,457.295,320.000,0.000,0.000,0.000,0.000
-55.500,2.486,458.116,320.000,0.000,0.000,0.000,0.000
-55.250,2.503,458.941,320.000,0.000,0.000,0.000,0.000
-55.000,2.520,459.770,320.000,0.000,0.000,0.000,0.000
-54.750,2.538,460.603,320.000,0.000,0.000,0.000,0.000
-54.500,2.556,461.440,320.000,0.000,0.000,0.000,0.000
-54.250,2.574,462.281,320.000,0.000,0.000,0.000,0.000
-54.000,2.592,463.126,320.000,0.000,0.000,0.000,0.000
-53.750,2.610,463.975,320.000,0.000,0.000,0.000,0.000
-53.500,2.628,464.828,320.000,0.000,0.000,0.000,0.000
-53.250,2.647,465.685,320.000,0.000,0.000,0.000,0.000
-53.000,2.666,466.547,320.000,0.000,0.000,0.000,0.000
-52.750,2.685,467.412,320.000,0.000,0.000,0.000,0.000
-52.500,2.704,468.281,320.000,0.000,0.000,0.000,0.000
-52.250,2.723,469.154,320.000,0.000,0.000,0.000,0.000
-52.000,2.743,470.032,320.000,0.000,0.000,0.000,0.000
-51.750,2.762,470.914,320.000,0.000,0.000,0.000,0.000
-51.500,2.782,471.799,320.000,0.000,0.000,0.000,0.000
-51.250,2.802,472.689,320.000,0.000,0.000,0.000,0.000
-51.000,2.823,473.583,320.000,0.000,0.000,0.000,0.000
-50.750,2.843,474.481,320.000,0.000,0.000,0.000,0.000
-50.500,2.864,475.383,320.000,0.000,0.000,0.000,0.000
-50.250,2.885,476.289,320.000,0.000,0.000,0.000,0.000
-50.000,2.906,477.199,320.000,0.000,0.000,0.000,0.000
-49.750,2.928,478.114,320.000,0.000,0.000,0.000,0.000
-49.500,2.949,479.033,320.000,0.000,0.000,0.000,0.000
-49.250,2.971,479.955,320.000,0.000,0.000,0.000,0.000
-49.000,2.993,480.882,320.000,0.000,0.000,0.000,0.000
-48.750,3.015,481.813,320.000,0.000,0.000,0.000,0.000
-48.500,3.038,482.748,320.000,0.000,0.000,0.000,0.000
-48.250,3.060,483.687,320.000,0.000,0.000,0.000,0.000
-48.000,3.083,484.631,320.000,0.000,0.000,0.000,0.000
-47.750,3.106,485.578,320.000,0.000,0.000,0.000,0.000
-47.500,3.130,486.530,320.000,0.000,0.000,0.000,0.000
-47.250,3.153,487.486,320.000,0.000,0.000,0.000,0.000
-47.000,3.177,488.446,320.000,0.000,0.000,0.000,0.000
-46.750,3.201,489.410,320.000,0.000,0.000,0.000,0.000
-46.500,3.225,490.378,320.000,0.000,0.000,0.000,0.000
-46.250,3.250,491.350,320.000,0.000,0.000,0.000,0.000
-46.000,3.275,492.327,320.000,0.000,0.000,0.000,0.000
-45.750,3.300,493.307,320.000,0.000,0.000,0.000,0.000
-45.500,3.325,494.292,320.000,0.000,0.000,0.000,0.000
-45.250,3.350,495.280,320.000,0.000,0.000,0.000,0.000
-45.000,3.376,496.273,320.000,0.000,0.000,0.000,0.000
-44.750,3.402,497.270,320.000,0.000,0.000,0.000,0.000
-44.500,3.428,498.271,320.000,0.000,0.000,0.000,0.000
-44.250,3.455,499.276,320.000,0.000,0.000,0.000,0.000
-44.000,3.482,500.285,320.000,0.000,0.000,0.000,0.000
-43.750,3.509,501.298,320.000,0.000,0.000,0.000,0.000
-43.500,3.536,502.315,320.000,0.000,0.000,0.000,0.000
-43.250,3.564,503.336,320.000,0.000,0.000,0.000,0.000
-43.000,3.591,504.361,320.000,0.000,0.000,0.000,0.000
-42.750,3.619,505.390,320.000,0.000,0.000,0.000,0.000
-42.500,3.648,506.423,320.000,0.000,0.000,0.000,0.000
-42.250,3.676,507.460,320.000,0.000,0.000,0.000,0.000
-42.000,3.705,508.501,320.000,0.000,0.000,0.000,0.000
-41.750,3.734,509.546,320.000,0.000,0.000,0.000,0.000
-41.500,3.764,510.594,320.000,0.000,0.000,0.000,0.000
-41.250,3.794,511.647,320.000,0.000,0.000,0.000,0.000
-41.000,3.824,512.703,320.000,0.000,0.000,0.000,0.000
-40.750,3.854,513.763,320.000,0.000,0.000,0.000,0.000
-40.500,3.885,514.827,320.000,0.000,0.000,0.000,0.000
-40.250,3.915,515.895,320.000,0.000,0.000,0.000,0.000
-40.000,3.947,516.966,320.000,0.000,0.000,0.000,0.000
-39.750,3.978,518.041,320.000,0.000,0.000,0.000,0.000
-39.500,4.010,519.120,320.000,0.000,0.000,0.000,0.000
-39.250,4.042,520.202,320.000,0.000,0.000,0.000,0.000
-39.000,4.074,521.288,320.000,0.000,0.000,0.000,0.000
-38.750,4.107,522.378,320.000,0.000,0.000,0.000,0.000
-38.500,4.140,523.471,320.000,0.000,0.000,0.000,0.000
-38.250,4.173,524.568,320.000,0.000,0.000,0.000,0.000
-38.000,4.206,525.668,320.000,0.000,0.000,0.000,0.000
-37.750,4.240,526.772,320.000,0.000,0.000,0.000,0.000
-37.500,4.274,527.878,320.000,0.000,0.000,0.000,0.000
-37.250,4.309,528.989,320.000,0.000,0.000,0.000,0.000
-37.000,4.343,530.102,320.000,0.000,0.000,0.000,0.000
-36.750,4.378,531.219,320.000,0.000,0.000,0.000,0.000
-36.500,4.414,532.339,320.000,0.000,0.000,0.000,0.000
-36.250,4.449,533.462,320.000,0.000,0.000,0.000,0.000
-36.000,4.485,534.589,320.000,0.000,0.000,0.000,0.000
-35.750,4.522,535.718,320.000,0.000,0.000,0.000,0.000
-35.500,4.558,536.850,320.000,0.000,0.000,0.000,0.000
-35.250,4.595,537.986,320.000,0.000,0.000,0.000,0.000
-35.000,4.632,539.124,320.000,0.000,0.000,0.000,0.000
-34.750,4.670,540.265,320.000,0.000,0.000,0.000,0.000
-34.500,4.708,541.409,320.000,0.000,0.000,0.000,0.000
-34.250,4.746,542.555,320.000,0.000,0.000,0.000,0.000
-34.000,4.784,543.705,320.000,0.000,0.000,0.000,0.000
-33.750,4.823,544.856,320.000,0.000,0.000,0.000,0.000
-33.500,4.862,546.011,320.000,0.000,0.000,0.000,0.000
-33.250,4.902,547.167,320.000,0.000,0.000,0.000,0.000
-33.000,4.941,548.326,320.000,0.000,0.000,0.000,0.000
-32.750,4.981,549.488,320.000,0.000,0.000,0.000,0.000
-32.500,5.022,550.651,320.000,0.000,0.000,0.000,0.000
-32.250,5.062,551.817,320.000,0.000,0.000,0.000,0.000
-32.000,5.103,552.984,320.000,0.000,0.000,0.000,0.000
-31.750,5.144,554.154,320.000,0.000,0.000,0.000,0.000
-31.500,5.186,555.326,320.000,0.000,0.000,0.000,0.000
-31.250,5.228,556.499,320.000,0.000,0.000,0.000,0.000
-31.000,5.270,557.674,320.000,0.000,0.000,0.000,0.000
-30.750,5.313,558.851,320.000,0.000,0.000,0.000,0.000
-30.500,5.355,560.029,320.000,0.000,0.000,0.000,0.000
-30.250,5.399,561.208,320.000,0.000,0.000,0.000,0.000
-30.000,5.442,562.389,320.000,0.000,0.000,0.000,0.000
-29.750,5.486,563.571,320.000,0.000,0.000,0.000,0.000
-29.500,5.530,564.755,320.000,0.000,0.000,0.000,0.000
-29.250,5.574,565.939,320.000,0.000,0.000,0.000,0.000
-29.000,5.618,567.124,320.000,0.000,0.000,0.000,0.000
-28.750,5.663,568.310,320.000,0.000,0.000,0.000,0.000
-28.500,5.709,569.496,320.000,0.000,0.000,0.000,0.000
-28.250,5.754,570.683,320.000,0.000,0.000,0.000,0.000
-28.000,5.800,571.871,320.000,0.000,0.000,0.000,0.000
-27.750,5.846,573.059,320.000,0.000,0.000,0.000,0.000
-27.500,5.892,574.247,320.000,0.000,0.000,0.000,0.000
-27.250,5.938,575.435,320.000,0.000,0.000,0.000,0.000
-27.000,5.985,576.623,320.000,0.000,0.000,0.000,0.000
-26.750,6.032,577.810,320.000,0.000,0.000,0.000,0.000
-26.500,6.080,578.998,320.000,0.000,0.000,0.000,0.000
-26.250,6.127,580.184,320.000,0.000,0.000,0.000,0.000
-26.000,6.175,581.371,320.000,0.000,0.000,0.000,0.000
-25.750,6.223,582.556,320.000,0.000,0.000,0.000,0.000
-25.500,6.271,583.740,320.000,0.000,0.000,0.000,0.000
-25.250,6.320,584.924,320.000,0.000,0.000,0.000,0.000
-25.000,6.368,586.106,320.000,0.000,0.000,0.000,0.000
-24.750,6.417,587.287,320.000,0.000,0.000,0.000,0.000
-24.500,6.466,588.466,320.000,0.000,0.000,0.000,0.000
-24.250,6.516,589.643,320.000,0.000,0.000,0.000,0.000
-24.000,6.565,590.819,320.000,0.000,0.000,0.000,0.000
-23.750,6.615,591.992,320.000,0.000,0.000,0.000,0.000
-23.500,6.665,593.164,320.000,0.000,0.000,0.000,0.000
-23.250,6.715,594.333,320.000,0.000,0.000,0.000,0.000
-23.000,6.765,595.499,320.000,0.000,0.000,0.000,0.000
-22.750,6.815,596.662,320.000,0.000,0.000,0.000,0.000
-22.500,6.866,597.823,320.000,0.000,0.000,0.000,0.000
-22.250,6.916,598.981,320.000,0.000,0.000,0.000,0.000
-22.000,6.967,600.135,320.000,0.000,0.000,0.000,0.000
-21.750,7.018,601.285,320.000,0.000,0.000,0.000,0.000
-21.500,7.069,602.432,320.000,0.000,0.000,0.000,0.000
-21.250,7.120,603.575,320.000,0.000,0.000,0.000,0.000
-21.000,7.171,604.714,320.000,0.000,0.000,0.000,0.000
-20.750,7.222,605.849,320.000,0.000,0.000,0.000,0.000
-20.500,7.273,606.979,320.000,0.000,0.000,0.000,0.000
-20.250,7.325,608.105,320.000,0.000,0.000,0.000,0.000
-20.000,7.376,609.225,320.000,0.000,0.000,0.000,0.000
-19.750,7.427,610.340,320.000,0.000,0.000,0.000,0.000
-19.500,7.478,611.451,320.000,0.000,0.000,0.000,0.000
-19.250,7.530,371.977,3000.000,0.000,0.000,0.000,0.000
-19.000,7.582,372.638,3000.000,0.000,0.004,0.000,0.000
-18.750,7.634,373.296,2895.978,0.000,0.014,0.000,0.000
-18.500,7.686,373.955,2585.761,0.000,0.031,0.000,0.000
-18.250,7.739,374.617,2314.897,0.000,0.054,0.000,0.000
-18.000,7.792,375.284,2095.536,0.000,0.083,0.000,0.000
-17.750,7.845,375.960,1918.099,0.000,0.119,0.000,0.000
-17.500,7.898,376.647,1772.805,0.000,0.161,0.000,0.000
-17.250,7.952,377.348,1652.111,0.000,0.209,0.000,0.000
-17.000,8.006,378.067,1550.472,0.000,0.264,0.000,0.000
-16.750,8.061,378.806,1463.819,0.000,0.326,0.000,0.000
-16.500,8.116,379.569,1389.131,0.000,0.393,0.000,0.000
-16.250,8.172,380.357,1324.135,0.000,0.467,0.000,0.000
-16.000,8.229,381.175,1267.092,0.000,0.547,0.000,0.000
-15.750,8.286,382.024,1216.650,0.000,0.634,0.000,0.000
-15.500,8.344,382.909,1171.748,0.001,0.727,0.000,0.000
-15.250,8.403,383.831,1131.539,0.001,0.826,0.000,0.000
-15.000,8.463,384.795,1095.341,0.001,0.932,0.000,0.000
-14.750,8.524,385.803,1062.599,0.001,1.044,0.000,0.000
-14.500,8.586,386.857,1032.854,0.001,1.162,0.000,0.000
-14.250,8.649,387.961,1005.729,0.001,1.287,0.000,0.000
-14.000,8.713,389.117,980.905,0.002,1.418,0.000,0.000
-13.750,8.779,390.330,958.116,0.002,1.555,0.000,0.000
-13.500,8.846,391.601,937.135,0.002,1.699,0.000,0.000
-13.250,8.914,392.934,917.769,0.002,1.848,0.000,0.000
-13.000,8.984,394.331,899.852,0.003,2.004,0.000,0.000
-12.750,9.055,395.796,883.241,0.003,2.167,0.000,0.000
-12.500,9.128,397.331,867.811,0.003,2.335,0.000,0.000
-12.250,9.202,398.940,853.454,0.004,2.510,0.000,0.000
-12.000,9.278,400.626,840.076,0.004,2.690,0.000,0.000
-11.750,9.356,402.390,827.593,0.004,2.877,0.000,0.000
-11.500,9.436,404.237,815.932,0.005,3.070,0.000,0.000
-11.250,9.518,406.169,805.028,0.005,3.270,0.000,0.000
-11.000,9.601,408.189,794.824,0.006,3.475,0.000,0.000
-10.750,9.687,410.299,785.267,0.006,3.686,0.000,0.000
-10.500,9.775,412.504,776.313,0.007,3.903,0.000,0.000
-10.250,9.865,414.806,767.920,0.007,4.126,0.000,0.000
-10.000,9.957,417.207,760.051,0.008,4.355,0.000,0.000
-9.750,10.051,419.710,752.673,0.009,4.590,0.000,0.000
-9.500,10.148,422.319,745.757,0.009,4.831,0.000,0.000
-9.250,10.247,425.036,739.275,0.010,5.078,0.000,0.000
-9.000,10.349,427.864,733.203,0.011,5.330,0.000,0.000
-8.750,10.453,430.806,727.519,0.012,5.588,0.000,0.000
-8.500,10.560,433.865,722.202,0.013,5.852,0.000,0.000
-8.250,10.670,437.043,717.234,0.013,6.121,0.000,0.000
-8.000,10.782,440.343,712.599,0.014,6.396,0.000,0.000
-7.750,10.897,443.768,708.280,0.015,6.677,0.000,0.000
-7.500,11.014,447.321,704.265,0.016,6.963,0.000,0.000
-7.250,11.135,451.005,700.541,0.017,7.254,0.000,0.000
-7.000,11.258,454.821,697.095,0.018,7.550,0.000,0.000
-6.750,11.384,458.774,693.917,0.020,7.852,0.000,0.000
-6.500,11.514,462.865,690.997,0.021,8.159,0.000,0.000
-6.250,11.646,467.097,688.326,0.022,8.471,0.000,0.000
-6.000,11.781,471.473,685.896,0.023,8.788,0.000,0.000
-5.750,11.919,475.996,683.699,0.025,9.111,0.000,0.000
-5.500,12.061,480.668,681.727,0.026,9.438,0.000,0.000
-5.250,12.205,485.491,679.975,0.027,9.769,0.000,0.000
-5.000,12.353,490.469,678.436,0.029,10.106,0.000,0.000
-4.750,12.504,495.603,677.105,0.030,10.447,0.000,0.000
-4.500,12.658,500.897,675.977,0.032,10.793,0.000,0.000
-4.250,12.815,506.352,675.046,0.033,11.143,0.000,0.000
-4.000,12.975,511.971,674.309,0.035,11.498,0.000,0.000
-3.750,13.139,517.757,673.760,0.037,11.856,0.000,0.000
-3.500,13.306,523.712,673.398,0.038,12.219,0.000,0.000
-3.250,13.476,529.839,673.217,0.040,12.586,0.000,0.000
-3.000,13.649,536.139,673.215,0.042,12.957,0.000,0.000
-2.750,13.826,542.615,673.389,0.044,13.332,0.000,0.000
-2.500,14.005,549.270,673.735,0.046,13.711,0.000,0.000
-2.250,14.188,556.105,674.252,0.048,14.093,0.000,0.000
-2.000,14.375,563.123,674.937,0.050,14.479,0.000,0.000
-1.750,14.564,570.327,675.787,0.052,14.868,0.000,0.000
-1.500,14.756,577.717,676.800,0.054,15.260,0.000,0.000
-1.250,14.952,585.297,677.975,0.057,15.656,0.000,0.000
-1.000,15.150,593.068,679.310,0.059,16.054,0.000,0.000
-0.750,15.352,601.033,680.802,0.061,16.456,0.000,0.000
-0.500,15.557,609.194,682.451,0.064,16.860,0.000,0.000
-0.250,15.765,617.552,684.255,0.066,17.266,0.000,0.000
0.000,15.975,626.110,686.212,0.069,17.676,0.000,0.000
0.250,16.189,634.870,688.321,0.071,18.087,0.000,0.000
0.500,16.405,643.833,690.581,0.074,18.501,0.000,0.000
0.750,16.624,653.001,692.991,0.077,18.917,0.000,0.000
1.000,16.846,662.377,695.549,0.080,19.334,0.000,0.000
1.250,17.071,671.962,698.256,0.082,19.754,0.000,0.000
1.500,17.298,681.758,701.108,0.085,20.175,0.000,0.000
1.750,17.528,691.766,704.107,0.088,20.597,0.000,0.000
2.000,17.760,701.988,707.250,0.091,21.021,0.000,0.000
2.250,17.994,712.427,710.538,0.094,21.446,0.000,0.000
2.500,18.231,723.083,713.968,0.097,21.872,0.000,0.000
2.750,18.470,733.332,723.083,0.101,22.298,0.000,0.000
3.000,18.711,743.641,733.332,0.104,22.726,0.000,0.000
3.250,18.954,754.127,743.641,0.107,23.153,0.000,0.000
3.500,19.199,764.775,754.127,0.111,23.581,0.000,0.000
3.750,19.446,775.587,764.775,0.114,24.010,0.000,0.000
4.000,19.695,786.560,775.587,0.118,24.438,0.000,0.000
4.250,19.945,797.694,786.560,0.121,24.866,0.000,0.000
4.500,20.197,808.988,797.694,0.125,25.293,0.000,0.000
4.750,20.451,820.439,808.988,0.129,25.720,0.000,0.000
5.000,20.706,832.047,820.439,0.132,26.146,0.000,0.000
5.250,20.962,843.809,832.047,0.136,26.571,0.000,0.000
5.500,21.219,855.725,843.809,0.140,26.995,0.000,0.000
5.750,21.477,867.793,855.725,0.144,27.418,0.000,0.000
6.000,21.736,880.010,867.793,0.148,27.839,0.000,0.000
6.250,21.996,892.375,880.010,0.152,28.259,0.000,0.000
6.500,22.257,904.886,892.375,0.156,28.677,0.000,0.000
6.750,22.518,917.540,904.886,0.160,29.092,0.000,0.000
7.000,22.779,930.336,917.540,0.164,29.506,0.000,0.000
7.250,23.041,943.271,930.336,0.169,29.917,0.000,0.000
7.500,23.303,956.343,943.271,0.173,30.325,0.000,0.000
7.750,23.565,969.550,956.343,0.178,30.731,0.000,0.000
8.000,23.828,982.889,969.550,0.182,31.134,0.000,0.000
8.250,24.090,996.357,982.889,0.187,31.533,0.000,0.000
8.500,24.351,1009.951,996.357,0.191,31.929,0.000,0.000
8.750,24.612,1023.670,1009.951,0.196,32.322,0.000,0.000
9.000,24.873,1037.510,1023.670,0.200,32.710,0.000,0.000
9.250,25.133,1051.468,1037.510,0.205,33.095,0.000,0.000
9.500,25.393,1065.542,1051.468,0.210,33.476,0.000,0.000
9.750,25.651,1079.728,1065.542,0.215,33.853,0.000,0.000
10.000,25.908,1094.023,1079.728,0.220,34.225,0.000,0.000
10.250,26.165,1108.425,1094.023,0.225,34.592,0.000,0.000
10.500,26.420,1122.929,1108.425,0.230,34.954,0.000,0.000
10.750,26.673,1137.533,1122.929,0.235,35.312,0.000,0.000
11.000,26.925,1152.233,1137.533,0.240,35.664,0.000,0.000
11.250,27.176,1167.026,1152.233,0.245,36.011,0.000,0.000
11.500,27.425,1181.908,1167.026,0.250,36.352,0.000,0.000
11.750,27.671,1196.876,1181.908,0.256,36.688,0.000,0.000
12.000,27.916,1211.926,1196.876,0.261,37.017,0.000,0.000
12.250,28.159,1227.055,1211.926,0.266,37.341,0.000,0.000
12.500,28.400,1242.260,1227.055,0.272,37.658,0.000,0.000
12.750,28.638,1257.535,1242.260,0.277,37.969,0.000,0.000
13.000,28.874,1272.878,1257.535,0.283,38.273,0.000,0.000
13.250,29.108,1288.285,1272.878,0.288,38.571,0.000,0.000
13.500,29.338,1303.751,1288.285,0.294,38.862,0.000,0.000
13.750,29.567,1319.274,1303.751,0.299,39.145,0.000,0.001
14.000,29.792,1334.848,1319.274,0.305,39.421,0.000,0.001
14.250,30.014,1350.471,1334.848,0.311,39.690,0.000,0.001
14.500,30.234,1366.138,1350.471,0.316,39.952,0.000,0.001
14.750,30.450,1381.845,1366.138,0.322,40.206,0.000,0.001
15.000,30.663,1397.589,1381.845,0.328,40.452,0.000,0.001
15.250,30.873,1413.364,1397.589,0.334,40.690,0.000,0.001
15.500,31.080,1429.168,1413.364,0.340,40.920,0.000,0.002
15.750,31.283,1444.996,1429.168,0.346,41.141,0.000,0.002
16.000,31.483,1460.843,1444.996,0.352,41.355,0.000,0.002
16.250,31.679,1476.706,1460.843,0.358,41.560,0.000,0.002
16.500,31.871,1492.581,1476.706,0.364,41.756,0.000,0.003
16.750,32.060,1508.464,1492.581,0.370,41.944,0.000,0.003
17.000,32.245,1524.350,1508.464,0.376,42.123,0.000,0.004
17.250,32.426,1540.235,1524.350,0.382,42.293,0.000,0.004
17.500,32.603,1556.115,1540.235,0.388,42.455,0.000,0.005
17.750,32.776,1571.986,1556.115,0.394,42.607,0.000,0.005
18.000,32.945,1587.844,1571.986,0.400,42.750,0.000,0.006
18.250,33.110,1603.685,1587.844,0.406,42.884,0.000,0.007
18.500,33.271,1619.504,1603.685,0.412,43.008,0.000,0.007
18.750,33.428,1635.298,1619.504,0.419,43.123,0.000,0.008
19.000,33.580,1651.062,1635.298,0.425,43.229,0.000,0.009
19.250,33.728,1666.793,1651.062,0.431,43.325,0.000,0.010
19.500,33.872,1682.486,1666.793,0.437,43.411,0.000,0.012
19.750,34.012,1698.137,1682.486,0.443,43.488,0.000,0.013
20.000,34.147,1713.742,1698.137,0.450,43.556,0.000,0.014
20.250,34.278,1729.298,1713.742,0.456,43.613,0.000,0.016
20.500,34.404,1744.800,1729.298,0.462,43.661,0.000,0.018
20.750,34.526,1760.245,1744.800,0.469,43.699,0.000,0.020
21.000,34.644,1775.628,1760.245,0.475,43.727,0.000,0.022
21.250,34.757,1790.946,1775.628,0.481,43.746,0.000,0.024
21.500,34.865,1806.195,1790.946,0.487,43.754,0.000,0.026
21.750,34.969,1821.371,1806.195,0.494,43.753,0.000,0.029
22.000,35.069,1836.470,1821.371,0.500,43.742,0.000,0.031
22.250,35.164,1851.489,1836.470,0.506,43.721,0.000,0.034
22.500,35.254,1866.424,1851.489,0.512,43.691,0.000,0.037
22.750,35.340,1881.272,1866.424,0.519,43.650,0.000,0.041
23.000,35.421,1896.029,1881.272,0.525,43.600,0.000,0.044
23.250,35.498,1910.691,1896.029,0.531,43.540,0.000,0.048
23.500,35.570,1925.255,1910.691,0.537,43.471,0.000,0.052
23.750,35.638,1939.718,1925.255,0.544,43.391,0.000,0.056
24.000,35.701,1954.076,1939.718,0.550,43.303,0.000,0.061
24.250,35.760,1968.326,1954.076,0.556,43.204,0.000,0.065
24.500,35.814,1982.465,1968.326,0.562,43.096,0.000,0.070
24.750,35.864,1996.490,1982.465,0.568,42.979,0.001,0.076
25.000,35.909,2010.397,1996.490,0.575,42.852,0.001,0.081
25.250,35.950,2024.184,2010.397,0.581,42.716,0.001,0.087
25.500,35.987,2037.848,2024.184,0.587,42.571,0.001,0.093
25.750,36.019,2051.386,2037.848,0.593,42.417,0.002,0.100
26.000,36.047,2064.794,2051.386,0.599,42.254,0.002,0.106
26.250,36.070,2078.071,2064.794,0.605,42.082,0.003,0.113
26.500,36.089,2091.214,2078.071,0.611,41.901,0.004,0.121
26.750,36.104,2104.219,2091.214,0.617,41.711,0.005,0.128
27.000,36.115,2117.085,2104.219,0.623,41.513,0.006,0.136
27.250,36.122,2129.809,2117.085,0.629,41.306,0.007,0.144
27.500,36.124,2142.389,2129.809,0.635,41.091,0.009,0.153
27.750,36.122,2154.821,2142.389,0.641,40.867,0.011,0.162
28.000,36.116,2167.106,2154.821,0.647,40.636,0.014,0.171
28.250,36.107,2179.239,2167.106,0.652,40.397,0.017,0.180
28.500,36.093,2191.219,2179.239,0.658,40.150,0.020,0.190
28.750,36.075,2203.043,2191.219,0.664,39.895,0.025,0.200
29.000,36.053,2214.711,2203.043,0.670,39.632,0.030,0.211
29.250,36.028,2226.221,2214.711,0.675,39.363,0.036,0.221
29.500,35.999,2237.569,2226.221,0.681,39.086,0.043,0.232
29.750,35.966,2248.756,2237.569,0.686,38.802,0.052,0.244
30.000,35.929,2259.778,2248.756,0.692,38.511,0.062,0.255
30.250,35.888,2270.636,2259.778,0.697,38.214,0.074,0.267
30.500,35.844,2281.326,2270.636,0.703,37.910,0.087,0.279
30.750,35.797,2291.849,2281.326,0.708,37.600,0.103,0.291
31.000,35.746,2302.202,2291.849,0.714,37.284,0.121,0.304
31.250,35.692,2312.385,2302.202,0.719,36.961,0.141,0.317
31.500,35.634,2322.397,2312.385,0.724,36.633,0.165,0.330
31.750,35.573,2332.235,2322.397,0.729,36.299,0.192,0.343
32.000,35.508,2341.900,2332.235,0.734,35.960,0.222,0.357
32.250,35.441,2351.392,2341.900,0.740,35.616,0.257,0.371
32.500,35.370,2360.705,2351.392,0.745,35.266,0.296,0.385
32.750,35.296,2369.856,2360.705,0.750,34.912,0.340,0.399
33.000,35.219,2378.785,2369.856,0.755,34.553,0.389,0.413
33.250,35.140,2387.680,2378.785,0.760,34.190,0.444,0.428
33.500,35.057,2395.938,2387.680,0.764,33.823,0.505,0.442
33.750,34.971,2405.545,2395.938,0.769,33.451,0.573,0.457
34.000,34.883,2409.762,2405.545,0.774,33.076,0.649,0.472
34.250,34.792,2432.076,2409.762,0.779,32.697,0.729,0.487
34.500,34.698,2388.360,2432.076,0.783,32.315,0.833,0.501
34.750,34.602,2425.115,2431.932,0.788,31.929,0.938,0.516
35.000,34.503,2461.805,2431.999,0.792,31.541,1.043,0.532
35.250,34.402,2381.535,2461.805,0.797,31.149,1.189,0.545
35.500,34.298,2418.160,2461.462,0.801,30.755,1.336,0.559
35.750,34.192,2454.680,2461.322,0.806,30.359,1.483,0.574
36.000,34.084,2491.082,2461.379,0.810,29.961,1.631,0.590
36.250,33.973,2397.135,2491.082,0.814,29.560,1.836,0.603
36.500,33.861,2433.377,2490.686,0.818,29.158,2.040,0.617
36.750,33.746,2469.454,2490.481,0.823,28.754,2.245,0.632
37.000,33.629,2500.000,2490.456,0.827,28.349,2.451,0.648
37.250,33.510,2494.584,2500.000,0.831,27.943,2.679,0.663
37.500,33.389,2500.000,2500.047,0.835,27.536,2.908,0.678
37.750,33.267,2500.000,2500.117,0.838,27.128,3.138,0.693
38.000,33.142,2500.000,2500.184,0.842,26.720,3.368,0.708
38.250,33.016,2500.000,2500.248,0.846,26.311,3.600,0.722
38.500,32.888,2500.000,2500.309,0.850,25.902,3.832,0.736
38.750,32.759,2500.000,2500.367,0.853,25.493,4.065,0.750
39.000,32.627,2500.000,2500.423,0.857,25.084,4.298,0.764
39.250,32.495,2500.000,2500.477,0.861,24.675,4.532,0.778
39.500,32.361,2500.000,2500.527,0.864,24.267,4.767,0.791
39.750,32.225,2500.000,2500.576,0.867,23.860,5.002,0.805
40.000,32.089,2500.000,2500.622,0.871,23.454,5.238,0.817
40.250,31.951,2500.000,2500.666,0.874,23.049,5.474,0.830
40.500,31.811,2500.000,2500.709,0.877,22.645,5.711,0.843
40.750,31.671,2500.000,2500.749,0.881,22.243,5.948,0.855
41.000,31.529,2500.000,2500.787,0.884,21.842,6.185,0.867
41.250,31.387,2500.000,2500.823,0.887,21.443,6.423,0.879
41.500,31.243,2500.000,2500.858,0.890,21.045,6.661,0.891
41.750,31.098,2500.000,2500.891,0.893,20.650,6.900,0.902
42.000,30.953,2500.000,2500.922,0.896,20.257,7.139,0.913
42.250,30.806,2500.000,2500.952,0.899,19.867,7.378,0.924
42.500,30.659,2500.000,2500.980,0.901,19.479,7.618,0.935
42.750,30.511,2500.000,2501.007,0.904,19.093,7.857,0.946
43.000,30.362,2500.000,2501.033,0.907,18.711,8.097,0.956
43.250,30.213,2500.000,2501.057,0.909,18.331,8.337,0.966
43.500,30.063,2500.000,2501.080,0.912,17.954,8.577,0.976
43.750,29.913,2500.000,2501.102,0.915,17.581,8.817,0.986
44.000,29.762,2500.000,2501.122,0.917,17.210,9.058,0.996
44.250,29.610,2500.000,2501.142,0.919,16.843,9.298,1.005
44.500,29.458,2500.000,2501.160,0.922,16.480,9.538,1.005
44.750,29.306,2500.000,2501.178,0.924,16.120,9.779,1.005
45.000,29.153,2500.000,2501.194,0.926,15.764,10.019,1.005
45.250,29.000,2500.000,2501.210,0.929,15.411,10.260,1.005
45.500,28.847,2500.000,2501.225,0.931,15.063,10.500,1.005
45.750,28.693,2500.000,2501.239,0.933,14.718,10.741,1.005
46.000,28.540,2500.000,2501.252,0.935,14.377,10.981,1.005
46.250,28.386,2500.000,2501.264,0.937,14.041,11.221,1.005
46.500,28.232,2500.000,2501.276,0.939,13.709,11.461,1.005
46.750,28.078,2500.000,2501.287,0.941,13.381,11.701,1.005
47.000,27.924,2500.000,2501.297,0.943,13.057,11.941,1.005
47.250,27.770,2500.000,2501.307,0.944,12.738,12.180,1.005
47.500,27.616,2500.000,2501.316,0.946,12.423,12.420,1.005
47.750,27.462,2500.000,2501.324,0.948,12.112,12.659,1.005
48.000,27.308,2500.000,2501.332,0.950,11.806,12.898,1.005
48.250,27.155,2500.000,2501.340,0.951,11.505,13.136,1.005
48.500,27.001,2500.000,2501.347,0.953,11.208,13.375,1.005
48.750,26.848,2500.000,2501.353,0.955,10.916,13.613,1.005
49.000,26.695,2500.000,2501.359,0.956,10.629,13.851,1.005
49.250,26.542,2500.000,2501.365,0.958,10.346,14.089,1.005
49.500,26.389,2500.000,2501.370,0.959,10.068,14.326,1.005
49.750,26.237,2500.000,2501.375,0.960,9.795,14.563,1.005
50.000,26.085,2500.000,2501.380,0.962,9.527,14.800,1.005
50.250,25.934,2500.000,2501.384,0.963,9.263,15.036,1.005
50.500,25.783,2500.000,2501.388,0.964,9.004,15.272,1.005
50.750,25.632,2500.000,2501.392,0.966,8.750,15.507,1.005
51.000,25.482,2500.000,2501.395,0.967,8.500,15.742,1.005
51.250,25.332,2500.000,2501.398,0.968,8.256,15.977,1.005
51.500,25.183,2500.000,2501.401,0.969,8.016,16.211,1.005
51.750,25.034,2500.000,2501.404,0.970,7.781,16.445,1.005
52.000,24.886,2500.000,2501.407,0.971,7.551,16.679,1.005
52.250,24.738,2500.000,2501.409,0.972,7.325,16.912,1.005
52.500,24.591,2500.000,2501.411,0.973,7.104,17.145,1.005
52.750,24.444,2500.000,2501.413,0.974,6.888,17.377,1.005
53.000,24.298,2500.000,2501.415,0.975,6.676,17.608,1.005
53.250,24.153,2500.000,2501.416,0.976,6.469,17.840,1.005
53.500,24.008,2500.000,2501.418,0.977,6.267,18.070,1.005
53.750,23.864,2500.000,2501.419,0.978,6.069,18.301,1.005
54.000,23.721,2500.000,2501.420,0.979,5.876,18.531,1.005
54.250,23.578,2500.000,2501.421,0.980,5.687,18.760,1.005
54.500,23.437,2500.000,2501.422,0.981,5.503,18.989,1.005
54.750,23.295,2500.000,2501.423,0.981,5.323,19.217,1.005
55.000,23.155,2500.000,2501.424,0.982,5.148,19.445,1.005
55.250,23.015,2500.000,2501.424,0.983,4.976,19.672,1.005
55.500,22.876,2500.000,2501.425,0.983,4.810,19.899,1.005
55.750,22.738,2500.000,2501.426,0.984,4.647,20.125,1.005
56.000,22.600,2500.000,2501.426,0.985,4.488,20.350,1.005
56.250,22.464,2500.000,2501.426,0.985,4.334,20.575,1.005
56.500,22.328,2500.000,2501.427,0.986,4.184,20.800,1.005
56.750,22.193,2500.000,2501.427,0.987,4.037,21.024,1.005
57.000,22.059,2500.000,2501.427,0.987,3.895,21.247,1.005
57.250,21.925,2500.000,2501.427,0.988,3.756,21.470,1.005
57.500,21.793,2500.000,2501.428,0.988,3.622,21.693,1.005
57.750,21.661,2500.000,2501.428,0.989,3.491,21.915,1.005
58.000,21.530,2500.000,2501.428,0.989,3.364,22.136,1.005
58.250,21.400,2500.000,2501.428,0.990,3.240,22.356,1.005
58.500,21.271,2500.000,2501.428,0.990,3.120,22.576,1.005
58.750,21.142,2500.000,2501.428,0.991,3.004,22.796,1.005
59.000,21.015,2500.000,2501.428,0.991,2.891,23.015,1.005
59.250,20.888,2500.000,2501.428,0.991,2.781,23.233,1.005
59.500,20.762,2500.000,2501.428,0.992,2.675,23.451,1.005
59.750,20.637,2500.000,2501.428,0.992,2.572,23.668,1.005
60.000,20.513,2500.000,2501.428,0.992,2.472,23.885,1.005
60.250,20.390,2500.000,2501.427,0.993,2.376,24.101,1.005
60.500,20.268,2500.000,2501.427,0.993,2.282,24.317,1.005
60.750,20.286,2500.000,2501.571,1.000,47.825,24.534,1.005
61.000,20.158,2500.000,2501.571,1.000,0.000,24.751,1.005
61.250,20.032,2500.000,2501.571,1.000,0.000,24.967,1.005
61.500,19.906,2500.000,2501.571,1.000,0.000,25.182,1.005
61.750,19.782,2500.000,2501.571,1.000,0.000,25.397,1.005
62.000,19.659,2500.000,2501.571,1.000,0.000,25.611,1.005
62.250,19.538,2500.000,2501.571,1.000,0.000,25.824,1.005
62.500,19.417,2500.000,2501.571,1.000,0.000,26.037,1.005
62.750,19.298,2500.000,2501.571,1.000,0.000,26.249,1.005
63.000,19.179,2500.000,2501.571,1.000,0.000,26.460,1.005
63.250,19.062,2500.000,2501.571,1.000,0.000,26.671,1.005
63.500,18.946,2500.000,2501.571,1.000,0.000,26.881,1.005
63.750,18.831,2500.000,2501.571,1.000,0.000,27.091,1.005
64.000,18.717,2500.000,2501.571,1.000,0.000,27.299,1.005
64.250,18.604,2500.000,2501.571,1.000,0.000,27.508,1.005
64.500,18.492,2500.000,2501.571,1.000,0.000,27.715,1.005
64.750,18.382,2500.000,2501.571,1.000,0.000,27.922,1.005
65.000,18.272,2500.000,2501.571,1.000,0.000,28.128,1.005
65.250,18.163,2500.000,2501.571,1.000,0.000,28.334,1.005
65.500,18.056,2500.000,2501.571,1.000,0.000,28.539,1.005
65.750,17.949,2500.000,2501.571,1.000,0.000,28.744,1.005
66.000,17.843,2500.000,2501.571,1.000,0.000,28.948,1.005
66.250,17.739,2500.000,2501.571,1.000,0.000,29.151,1.005
66.500,17.635,2500.000,2501.571,1.000,0.000,29.354,1.005
66.750,17.532,2500.000,2501.571,1.000,0.000,29.556,1.005
67.000,17.431,2500.000,2501.571,1.000,0.000,29.757,1.005
67.250,17.330,2500.000,2501.571,1.000,0.000,29.958,1.005
67.500,17.230,2500.000,2501.571,1.000,0.000,30.159,1.005
67.750,17.131,2500.000,2501.571,1.000,0.000,30.358,1.005
68.000,17.033,2500.000,2501.571,1.000,0.000,30.558,1.005
68.250,16.936,2500.000,2501.571,1.000,0.000,30.756,1.005
68.500,16.840,2500.000,2501.571,1.000,0.000,30.954,1.005
68.750,16.744,2500.000,2501.571,1.000,0.000,31.152,1.005
69.000,16.650,2500.000,2501.571,1.000,0.000,31.349,1.005
69.250,16.556,2500.000,2501.571,1.000,0.000,31.545,1.005
69.500,16.464,2500.000,2501.571,1.000,0.000,31.741,1.005
69.750,16.372,2500.000,2501.571,1.000,0.000,31.936,1.005
70.000,16.281,2500.000,2501.571,1.000,0.000,32.131,1.005
70.250,16.190,2500.000,2501.571,1.000,0.000,32.325,1.005
70.500,16.101,2500.000,2501.571,1.000,0.000,32.519,1.005
70.750,16.012,2500.000,2501.571,1.000,0.000,32.712,1.005
71.000,15.925,2500.000,2501.571,1.000,0.000,32.905,1.005
71.250,15.838,2500.000,2501.571,1.000,0.000,33.097,1.005
71.500,15.752,2500.000,2501.571,1.000,0.000,33.289,1.005
71.750,15.666,2500.000,2501.571,1.000,0.000,33.480,1.005
72.000,15.582,2500.000,2501.571,1.000,0.000,33.670,1.005
72.250,15.498,2500.000,2501.571,1.000,0.000,33.860,1.005
72.500,15.415,2500.000,2501.571,1.000,0.000,34.050,1.005
72.750,15.332,2500.000,2501.571,1.000,0.000,34.239,1.005
73.000,15.251,2500.000,2501.571,1.000,0.000,34.427,1.005
73.250,15.170,2500.000,2501.571,1.000,0.000,34.615,1.005
73.500,15.090,2500.000,2501.571,1.000,0.000,34.803,1.005
73.750,15.011,2500.000,2501.571,1.000,0.000,34.990,1.005
74.000,14.932,2500.000,2501.571,1.000,0.000,35.176,1.005
74.250,14.854,2500.000,2501.571,1.000,0.000,35.362,1.005
74.500,14.777,2500.000,2501.571,1.000,0.000,35.548,1.005
74.750,14.700,2500.000,2501.571,1.000,0.000,35.733,1.005
75.000,14.624,2500.000,2501.571,1.000,0.000,35.918,1.005
75.250,14.549,2500.000,2501.571,1.000,0.000,36.102,1.005
75.500,14.474,2500.000,2501.571,1.000,0.000,36.285,1.005
75.750,14.401,2500.000,2501.571,1.000,0.000,36.468,1.005
76.000,14.327,2500.000,2501.571,1.000,0.000,36.651,1.005
76.250,14.255,2500.000,2501.571,1.000,0.000,36.833,1.005
76.500,14.183,2500.000,2501.571,1.000,0.000,37.015,1.005
76.750,14.111,2500.000,2501.571,1.000,0.000,37.196,1.005
77.000,14.041,2500.000,2501.571,1.000,0.000,37.377,1.005
77.250,13.971,2500.000,2501.571,1.000,0.000,37.558,1.005
77.500,13.901,2500.000,2501.571,1.000,0.000,37.738,1.005
77.750,13.833,2500.000,2501.571,1.000,0.000,37.917,1.005
78.000,13.764,2500.000,2501.571,1.000,0.000,38.096,1.005
78.250,13.697,2500.000,2501.571,1.000,0.000,38.275,1.005
78.500,13.630,2500.000,2501.571,1.000,0.000,38.453,1.005
78.750,13.563,2500.000,2501.571,1.000,0.000,38.631,1.005
79.000,13.497,2500.000,2501.571,1.000,0.000,38.808,1.005
79.250,13.432,2500.000,2501.571,1.000,0.000,38.985,1.005
79.500,13.367,2500.000,2501.571,1.000,0.000,39.162,1.005
79.750,13.303,2500.000,2501.571,1.000,0.000,39.338,1.005
80.000,13.240,2500.000,2501.571,1.000,0.000,39.513,1.005
80.250,13.177,2500.000,2501.571,1.000,0.000,39.689,1.005
80.500,13.114,2500.000,2501.571,1.000,0.000,39.863,1.005
80.750,13.052,2500.000,2501.571,1.000,0.000,40.038,1.005
81.000,12.991,2500.000,2501.571,1.000,0.000,40.212,1.005
81.250,12.930,2500.000,2501.571,1.000,0.000,40.385,1.005
81.500,12.870,2500.000,2501.571,1.000,0.000,40.559,1.005
81.750,12.810,2500.000,2501.571,1.000,0.000,40.731,1.005
82.000,12.750,2500.000,2501.571,1.000,0.000,40.904,1.005
82.250,12.692,2500.000,2501.571,1.000,0.000,41.076,1.005
82.500,12.633,2500.000,2501.571,1.000,0.000,41.247,1.005
82.750,12.576,2500.000,2501.571,1.000,0.000,41.418,1.005
83.000,12.518,2500.000,2501.571,1.000,0.000,41.589,1.005
83.250,12.461,2500.000,2501.571,1.000,0.000,41.760,1.005
83.500,12.405,2500.000,2501.571,1.000,0.000,41.930,1.005
83.750,12.349,2500.000,2501.571,1.000,0.000,42.099,1.005
84.000,12.294,2500.000,2501.571,1.000,0.000,42.268,1.005
84.250,12.239,2500.000,2501.571,1.000,0.000,42.437,1.005
84.500,12.184,2500.000,2501.571,1.000,0.000,42.606,1.005
84.750,12.130,2500.000,2501.571,1.000,0.000,42.774,1.005
85.000,12.077,2500.000,2501.571,1.000,0.000,42.942,1.005
85.250,12.024,2500.000,2501.571,1.000,0.000,43.109,1.005
85.500,11.971,2500.000,2501.571,1.000,0.000,43.276,1.005
85.750,11.919,2500.000,2501.571,1.000,0.000,43.443,1.005
86.000,11.867,2500.000,2501.571,1.000,0.000,43.609,1.005
86.250,11.816,2500.000,2501.571,1.000,0.000,43.775,1.005
86.500,11.765,2500.000,2501.571,1.000,0.000,43.940,1.005
86.750,11.715,2500.000,2501.571,1.000,0.000,44.106,1.005
87.000,11.665,2500.000,2501.571,1.000,0.000,44.271,1.005
87.250,11.615,2500.000,2501.571,1.000,0.000,44.435,1.005
87.500,11.566,2500.000,2501.571,1.000,0.000,44.599,1.005
87.750,11.517,2500.000,2501.571,1.000,0.000,44.763,1.005
88.000,11.469,2500.000,2501.571,1.000,0.000,44.926,1.005
88.250,11.421,2500.000,2501.571,1.000,0.000,45.090,1.005
88.500,11.373,2500.000,2501.571,1.000,0.000,45.252,1.005
88.750,11.326,2500.000,2501.571,1.000,0.000,45.415,1.005
89.000,11.279,2500.000,2501.571,1.000,0.000,45.577,1.005
89.250,11.233,2500.000,2501.571,1.000,0.000,45.739,1.005
89.500,11.187,2500.000,2501.571,1.000,0.000,45.900,1.005
89.750,11.141,2500.000,2501.571,1.000,0.000,46.061,1.005
90.000,11.096,2500.000,2501.571,1.000,0.000,46.222,1.005
90.250,11.051,2500.000,2501.571,1.000,0.000,46.383,1.005
90.500,11.006,2500.000,2501.571,1.000,0.000,46.543,1.005
90.750,10.962,2500.000,2501.571,1.000,0.000,46.702,1.005
91.000,10.918,2500.000,2501.571,1.000,0.000,46.862,1.005
91.250,10.875,2500.000,2501.571,1.000,0.000,47.021,1.005
91.500,10.832,2500.000,2501.571,1.000,0.000,47.180,1.005
91.750,10.789,2500.000,2501.571,1.000,0.000,47.339,1.005
92.000,10.747,2500.000,2501.571,1.000,0.000,47.497,1.005
92.250,10.705,2500.000,2501.571,1.000,0.000,47.655,1.005
92.500,10.663,2500.000,2501.571,1.000,0.000,47.812,1.005
92.750,10.622,2500.000,2501.571,1.000,0.000,47.970,1.005
93.000,10.581,2500.000,2501.571,1.000,0.000,48.127,1.005
93.250,10.540,2500.000,2501.571,1.000,0.000,48.283,1.005
93.500,10.499,2500.000,2501.571,1.000,0.000,48.440,1.005
93.750,10.459,2500.000,2501.571,1.000,0.000,48.596,1.005
94.000,10.420,2500.000,2501.571,1.000,0.000,48.752,1.005
94.250,10.380,2500.000,2501.571,1.000,0.000,48.907,1.005
94.500,10.341,2500.000,2501.571,1.000,0.000,49.062,1.005
94.750,10.303,2500.000,2501.571,1.000,0.000,49.217,1.005
95.000,10.264,2500.000,2501.571,1.000,0.000,49.372,1.005
95.250,10.226,2500.000,2501.571,1.000,0.000,49.526,1.005
95.500,10.188,2500.000,2501.571,1.000,0.000,49.680,1.005
95.750,10.151,2500.000,2501.571,1.000,0.000,49.834,1.005
96.000,10.113,2500.000,2501.571,1.000,0.000,49.988,1.005
96.250,10.076,2500.000,2501.571,1.000,0.000,50.141,1.005
96.500,10.040,2500.000,2501.571,1.000,0.000,50.294,1.005
96.750,10.003,2500.000,2501.571,1.000,0.000,50.447,1.005
97.000,9.967,2500.000,2501.571,1.000,0.000,50.599,1.005
97.250,9.932,2500.000,2501.571,1.000,0.000,50.751,1.005
97.500,9.896,2500.000,2501.571,1.000,0.000,50.903,1.005
97.750,9.861,2500.000,2501.571,1.000,0.000,51.055,1.005
98.000,9.826,2500.000,2501.571,1.000,0.000,51.206,1.005
98.250,9.791,2500.000,2501.571,1.000,0.000,51.357,1.005
98.500,9.757,2500.000,2501.571,1.000,0.000,51.508,1.005
98.750,9.723,2500.000,2501.571,1.000,0.000,51.658,1.005
99.000,9.689,2500.000,2501.571,1.000,0.000,51.808,1.005
99.250,9.655,2500.000,2501.571,1.000,0.000,51.958,1.005
99.500,9.622,2500.000,2501.571,1.000,0.000,52.108,1.005
99.750,9.589,2500.000,2501.571,1.000,0.000,52.258,1.005
100.000,9.556,2500.000,2501.571,1.000,0.000,52.407,1.005
100.250,9.524,2500.000,2501.571,1.000,0.000,52.556,1.005
100.500,9.491,2500.000,2501.571,1.000,0.000,52.705,1.005
100.750,9.459,2500.000,2501.571,1.000,0.000,52.853,1.005
101.000,9.428,2500.000,2501.571,1.000,0.000,53.001,1.005
101.250,9.396,2500.000,2501.571,1.000,0.000,53.149,1.005
101.500,9.365,2500.000,2501.571,1.000,0.000,53.297,1.005
101.750,9.334,2500.000,2501.571,1.000,0.000,53.444,1.005
102.000,9.303,2500.000,2501.571,1.000,0.000,53.592,1.005
102.250,9.272,2500.000,2501.571,1.000,0.000,53.739,1.005
102.500,9.242,2500.000,2501.571,1.000,0.000,53.885,1.005
102.750,9.212,2500.000,2501.571,1.000,0.000,54.032,1.005
103.000,9.182,2500.000,2501.571,1.000,0.000,54.178,1.005
103.250,9.153,2500.000,2501.571,1.000,0.000,54.324,1.005
103.500,9.123,2500.000,2501.571,1.000,0.000,54.470,1.005
103.750,9.094,2500.000,2501.571,1.000,0.000,54.615,1.005
104.000,9.065,2500.000,2501.571,1.000,0.000,54.761,1.005
104.250,9.036,2500.000,2501.571,1.000,0.000,54.906,1.005
104.500,9.008,2500.000,2501.571,1.000,0.000,55.051,1.005
104.750,8.980,2500.000,2501.571,1.000,0.000,55.195,1.005
105.000,8.952,2500.000,2501.571,1.000,0.000,55.340,1.005
105.250,8.924,2500.000,2501.571,1.000,0.000,55.484,1.005
105.500,8.896,2500.000,2501.571,1.000,0.000,55.628,1.005
105.750,8.869,2500.000,2501.571,1.000,0.000,55.772,1.005
106.000,8.842,2500.000,2501.571,1.000,0.000,55.915,1.005
106.250,8.815,2500.000,2501.571,1.000,0.000,56.059,1.005
106.500,8.788,2500.000,2501.571,1.000,0.000,56.202,1.005
106.750,8.761,2500.000,2501.571,1.000,0.000,56.345,1.005
107.000,8.735,2500.000,2501.571,1.000,0.000,56.487,1.005
107.250,8.709,2500.000,2501.571,1.000,0.000,56.630,1.005
107.500,8.683,2500.000,2501.571,1.000,0.000,56.772,1.005
107.750,8.657,2500.000,2501.571,1.000,0.000,56.914,1.005
108.000,8.631,2500.000,2501.571,1.000,0.000,57.056,1.005
108.250,8.606,2500.000,2501.571,1.000,0.000,57.197,1.005
108.500,8.581,2500.000,2501.571,1.000,0.000,57.339,1.005
108.750,8.556,2500.000,2501.571,1.000,0.000,57.480,1.005
109.000,8.531,2500.000,2501.571,1.000,0.000,57.621,1.005
109.250,8.506,2500.000,2501.571,1.000,0.000,57.762,1.005
109.500,8.482,2500.000,2501.571,1.000,0.000,57.902,1.005
109.750,8.458,2500.000,2501.571,1.000,0.000,58.043,1.005
110.000,8.434,2500.000,2501.571,1.000,0.000,58.183,1.005
110.250,8.410,2500.000,2501.571,1.000,0.000,58.323,1.005
110.500,8.386,2500.000,2501.571,1.000,0.000,58.463,1.005
110.750,8.363,2500.000,2501.571,1.000,0.000,58.602,1.005
111.000,8.339,2500.000,2501.571,1.000,0.000,58.742,1.005
111.250,8.316,2500.000,2501.571,1.000,0.000,58.881,1.005
111.500,8.293,2500.000,2501.571,1.000,0.000,59.020,1.005
111.750,8.270,2500.000,2501.571,1.000,0.000,59.159,1.005
112.000,8.248,2500.000,2501.571,1.000,0.000,59.297,1.005
112.250,8.225,2500.000,2501.571,1.000,0.000,59.436,1.005
112.500,8.203,2500.000,2501.571,1.000,0.000,59.574,1.005
112.750,8.181,2500.000,2501.571,1.000,0.000,59.712,1.005
113.000,8.159,2500.000,2501.571,1.000,0.000,59.850,1.005
113.250,8.137,2500.000,2501.571,1.000,0.000,59.988,1.005
113.500,8.115,2500.000,2501.571,1.000,0.000,60.125,1.005
113.750,8.094,2500.000,2501.571,1.000,0.000,60.262,1.005
114.000,8.072,2500.000,2501.571,1.000,0.000,60.400,1.005
114.250,8.051,2500.000,2501.571,1.000,0.000,60.536,1.005
114.500,8.030,2500.000,2501.571,1.000,0.000,60.673,1.005
114.750,8.009,2500.000,2501.571,1.000,0.000,60.810,1.005
115.000,7.989,2500.000,2501.571,1.000,0.000,60.946,1.005
115.250,7.968,2500.000,2501.571,1.000,0.000,61.083,1.005
115.500,7.948,2500.000,2501.571,1.000,0.000,61.219,1.005
115.750,7.928,2500.000,2501.571,1.000,0.000,61.355,1.005
116.000,7.907,2500.000,2501.571,1.000,0.000,61.490,1.005
116.250,7.888,2500.000,2501.571,1.000,0.000,61.626,1.005
116.500,7.868,2500.000,2501.571,1.000,0.000,61.761,1.005
116.750,7.848,2500.000,2501.571,1.000,0.000,61.896,1.005
117.000,7.829,2500.000,2501.571,1.000,0.000,62.032,1.005
117.250,7.809,2500.000,2501.571,1.000,0.000,62.166,1.005
117.500,7.790,2500.000,2501.571,1.000,0.000,62.301,1.005
117.750,7.771,2500.000,2501.571,1.000,0.000,62.436,1.005
118.000,7.752,2500.000,2501.571,1.000,0.000,62.570,1.005
118.250,7.733,2500.000,2501.571,1.000,0.000,62.704,1.005
118.500,7.715,2500.000,2501.571,1.000,0.000,62.838,1.005
118.750,7.696,2500.000,2501.571,1.000,0.000,62.972,1.005
119.000,7.678,2500.000,2501.571,1.000,0.000,63.106,1.005
119.250,7.660,2500.000,2501.571,1.000,0.000,63.240,1.005
119.500,7.642,2500.000,2501.571,1.000,0.000,63.373,1.005
119.750,7.624,2500.000,2501.571,1.000,0.000,63.506,1.005
120.000,7.606,2500.000,2501.571,1.000,0.000,63.640,1.005
120.250,7.588,2500.000,2501.571,1.000,0.000,63.772,1.005
120.500,7.571,2500.000,2501.571,1.000,0.000,63.905,1.005
120.750,7.553,2500.000,2501.571,1.000,0.000,64.038,1.005
121.000,7.536,2500.000,2501.571,1.000,0.000,64.170,1.005
121.250,7.519,2500.000,2501.571,1.000,0.000,64.303,1.005
121.500,7.502,2500.000,2501.571,1.000,0.000,64.435,1.005
121.750,7.485,2500.000,2501.571,1.000,0.000,64.567,1.005
122.000,7.468,2500.000,2501.571,1.000,0.000,64.699,1.005
122.250,7.451,2500.000,2501.571,1.000,0.000,64.831,1.005
122.500,7.435,2500.000,2501.571,1.000,0.000,64.962,1.005
122.750,7.418,2500.000,2501.571,1.000,0.000,65.094,1.005
123.000,7.402,2500.000,2501.571,1.000,0.000,65.225,1.005
123.250,7.386,2500.000,2501.571,1.000,0.000,65.356,1.005
123.500,7.370,2500.000,2501.571,1.000,0.000,65.487,1.005
123.750,7.354,2500.000,2501.571,1.000,0.000,65.618,1.005
124.000,7.338,2500.000,2501.571,1.000,0.000,65.749,1.005
124.250,7.322,2500.000,2501.571,1.000,0.000,65.880,1.005
124.500,7.307,2500.000,2501.571,1.000,0.000,66.010,1.005
124.750,7.291,2500.000,2501.571,1.000,0.000,66.140,1.005
125.000,7.276,2500.000,2501.571,1.000,0.000,66.271,1.005
125.250,7.261,2500.000,2501.571,1.000,0.000,66.401,1.005
125.500,7.246,2500.000,2501.571,1.000,0.000,66.531,1.005
125.750,7.231,2500.000,2501.571,1.000,0.000,66.660,1.005
126.000,7.216,2500.000,2501.571,1.000,0.000,66.790,1.005
126.250,7.201,2500.000,2501.571,1.000,0.000,66.920,1.005
126.500,7.186,2500.000,2501.571,1.000,0.000,67.049,1.005
126.750,7.172,2500.000,2501.571,1.000,0.000,67.178,1.005
127.000,7.157,2500.000,2501.571,1.000,0.000,67.307,1.005
127.250,7.143,2500.000,2501.571,1.000,0.000,67.436,1.005
127.500,7.129,2500.000,2501.571,1.000,0.000,67.565,1.005
127.750,7.115,2500.000,2501.571,1.000,0.000,67.694,1.005
128.000,7.100,2500.000,2501.571,1.000,0.000,67.823,1.005
128.250,7.087,2500.000,2501.571,1.000,0.000,67.951,1.005
128.500,7.073,2500.000,2501.571,1.000,0.000,68.080,1.005
128.750,7.059,2500.000,2501.571,1.000,0.000,68.208,1.005
129.000,7.045,2500.000,2501.571,1.000,0.000,68.336,1.005
129.250,7.032,2500.000,2501.571,1.000,0.000,68.464,1.005
129.500,7.018,2500.000,2501.571,1.000,0.000,68.592,1.005
129.750,7.005,2500.000,2501.571,1.000,0.000,68.720,1.005
130.000,6.992,2500.000,2501.571,1.000,0.000,68.847,1.005
130.250,6.979,2500.000,2501.571,1.000,0.000,68.975,1.005
130.500,6.966,2500.000,2501.571,1.000,0.000,69.102,1.005
130.750,6.953,2500.000,2501.571,1.000,0.000,69.229,1.005
131.000,6.940,2500.000,2501.571,1.000,0.000,69.357,1.005
131.250,6.927,2500.000,2501.571,1.000,0.000,69.484,1.005
131.500,6.915,2500.000,2501.571,1.000,0.000,69.611,1.005
131.750,6.902,2500.000,2501.571,1.000,0.000,69.737,1.005
132.000,6.890,2500.000,2501.571,1.000,0.000,69.864,1.005
132.250,6.877,2500.000,2501.571,1.000,0.000,69.991,1.005
132.500,6.865,2500.000,2501.571,1.000,0.000,70.117,1.005
132.750,6.853,2500.000,2501.571,1.000,0.000,70.244,1.005
133.000,6.841,2500.000,2501.571,1.000,0.000,70.370,1.005
133.250,6.829,2500.000,2501.571,1.000,0.000,70.496,1.005
133.500,6.817,2500.000,2501.571,1.000,0.000,70.622,1.005
133.750,6.805,2500.000,2501.571,1.000,0.000,70.748,1.005
134.000,6.794,2500.000,2501.571,1.000,0.000,70.874,1.005
134.250,6.782,2500.000,2501.571,1.000,0.000,70.999,1.005
134.500,6.770,2500.000,2501.571,1.000,0.000,71.125,1.005
134.750,6.759,2500.000,2501.571,1.000,0.000,71.250,1.005
135.000,6.748,2500.000,2501.571,1.000,0.000,71.376,1.005
135.250,6.736,2500.000,2501.571,1.000,0.000,71.501,1.005
135.500,6.725,2500.000,2501.571,1.000,0.000,71.626,1.005
135.750,6.714,2500.000,2501.571,1.000,0.000,71.751,1.005
136.000,6.703,2500.000,2501.571,1.000,0.000,71.876,1.005
136.250,6.692,2500.000,2501.571,1.000,0.000,72.001,1.005
136.500,6.681,2500.000,2501.571,1.000,0.000,72.126,1.005
136.750,6.670,2500.000,2501.571,1.000,0.000,72.251,1.005
137.000,6.660,2500.000,2501.571,1.000,0.000,72.375,1.005
137.250,6.649,2500.000,2501.571,1.000,0.000,72.500,1.005
137.500,6.639,2500.000,2501.571,1.000,0.000,72.624,1.005
137.750,6.628,2500.000,2501.571,1.000,0.000,72.748,1.005
138.000,6.618,2500.000,2501.571,1.000,0.000,72.873,1.005
138.250,6.608,2500.000,2501.571,1.000,0.000,72.997,1.005
138.500,6.597,2500.000,2501.571,1.000,0.000,73.121,1.005
138.750,6.587,2500.000,2501.571,1.000,0.000,73.244,1.005
139.000,6.577,2500.000,2501.571,1.000,0.000,73.368,1.005
139.250,6.567,2500.000,2501.571,1.000,0.000,73.492,1.005
139.500,6.557,2500.000,2501.571,1.000,0.000,73.616,1.005
139.750,6.548,2500.000,2501.571,1.000,0.000,73.739,1.005
140.000,6.538,2500.000,2501.571,1.000,0.000,73.863,1.005
140.250,6.528,2500.000,2501.571,1.000,0.000,73.986,1.005
140.500,6.519,2500.000,2501.571,1.000,0.000,74.109,1.005
140.750,6.509,2500.000,2501.571,1.000,0.000,74.232,1.005
141.000,6.500,2500.000,2501.571,1.000,0.000,74.355,1.005
141.250,6.490,2500.000,2501.571,1.000,0.000,74.478,1.005
141.500,6.481,2500.000,2501.571,1.000,0.000,74.601,1.005
141.750,6.472,2500.000,2501.571,1.000,0.000,74.724,1.005
142.000,6.463,2500.000,2501.571,1.000,0.000,74.847,1.005
142.250,6.454,2500.000,2501.571,1.000,0.000,74.969,1.005
142.500,6.445,2500.000,2501.571,1.000,0.000,75.092,1.005
142.750,6.436,2500.000,2501.571,1.000,0.000,75.214,1.005
143.000,6.427,2500.000,2501.571,1.000,0.000,75.337,1.005
143.250,6.418,2500.000,2501.571,1.000,0.000,75.459,1.005
143.500,6.410,2500.000,2501.571,1.000,0.000,75.581,1.005
143.750,6.401,2500.000,2501.571,1.000,0.000,75.703,1.005
144.000,6.392,2500.000,2501.571,1.000,0.000,75.825,1.005
144.250,6.384,2500.000,2501.571,1.000,0.000,75.947,1.005
144.500,6.376,2500.000,2501.571,1.000,0.000,76.069,1.005
144.750,6.367,2500.000,2501.571,1.000,0.000,76.191,1.005
145.000,6.359,2500.000,2501.571,1.000,0.000,76.313,1.005
145.250,6.351,2500.000,2501.571,1.000,0.000,76.434,1.005
145.500,6.343,2500.000,2501.571,1.000,0.000,76.556,1.005
145.750,6.335,2500.000,2501.571,1.000,0.000,76.677,1.005
146.000,6.327,2500.000,2501.571,1.000,0.000,76.799,1.005
146.250,6.319,2500.000,2501.571,1.000,0.000,76.920,1.005
146.500,6.311,2500.000,2501.571,1.000,0.000,77.041,1.005
146.750,6.303,2500.000,2501.571,1.000,0.000,77.163,1.005
147.000,6.295,2500.000,2501.571,1.000,0.000,77.284,1.005
147.250,6.288,2500.000,2501.571,1.000,0.000,77.405,1.005
147.500,6.280,2500.000,2501.571,1.000,0.000,77.526,1.005
147.750,6.272,2500.000,2501.571,1.000,0.000,77.647,1.005
148.000,6.265,2500.000,2501.571,1.000,0.000,77.767,1.005
148.250,6.257,2500.000,2501.571,1.000,0.000,77.888,1.005
148.500,6.250,2500.000,2501.571,1.000,0.000,78.009,1.005
148.750,6.243,2500.000,2501.571,1.000,0.000,78.129,1.005
149.000,6.236,2500.000,2501.571,1.000,0.000,78.250,1.005
149.250,6.228,2500.000,2501.571,1.000,0.000,78.370,1.005
149.500,6.221,2500.000,2501.571,1.000,0.000,78.491,1.005
149.750,6.214,2500.000,2501.571,1.000,0.000,78.611,1.005
150.000,6.207,2500.000,2501.571,1.000,0.000,78.731,1.005
150.250,6.200,2500.000,2501.571,1.000,0.000,78.852,1.005
150.500,6.194,2500.000,2501.571,1.000,0.000,78.972,1.005
150.750,6.187,2500.000,2501.571,1.000,0.000,79.092,1.005
151.000,6.180,2500.000,2501.571,1.000,0.000,79.212,1.005
151.250,6.173,2500.000,2501.571,1.000,0.000,79.332,1.005
151.500,6.167,2500.000,2501.571,1.000,0.000,79.452,1.005
151.750,6.160,2500.000,2501.571,1.000,0.000,79.571,1.005
152.000,6.154,2500.000,2501.571,1.000,0.000,79.691,1.005
152.250,6.147,2500.000,2501.571,1.000,0.000,79.811,1.005
152.500,6.141,2500.000,2501.571,1.000,0.000,79.930,1.005
152.750,6.135,2500.000,2501.571,1.000,0.000,80.050,1.005
153.000,6.128,2500.000,2501.571,1.000,0.000,80.169,1.005
153.250,6.122,2500.000,2501.571,1.000,0.000,80.289,1.005
153.500,6.116,2500.000,2501.571,1.000,0.000,80.408,1.005
153.750,6.110,2500.000,2501.571,1.000,0.000,80.528,1.005
154.000,6.104,2500.000,2501.571,1.000,0.000,80.647,1.005
154.250,6.098,2500.000,2501.571,1.000,0.000,80.766,1.005
154.500,6.092,2500.000,2501.571,1.000,0.000,80.885,1.005
154.750,6.086,2500.000,2501.571,1.000,0.000,81.004,1.005
155.000,6.080,2500.000,2501.571,1.000,0.000,81.123,1.005
155.250,6.075,2500.000,2501.571,1.000,0.000,81.242,1.005
155.500,6.069,2500.000,2501.571,1.000,0.000,81.361,1.005
155.750,6.063,2500.000,2501.571,1.000,0.000,81.480,1.005
156.000,6.058,2500.000,2501.571,1.000,0.000,81.599,1.005
156.250,6.052,2500.000,2501.571,1.000,0.000,81.718,1.005
156.500,6.047,2500.000,2501.571,1.000,0.000,81.836,1.005
156.750,6.041,2500.000,2501.571,1.000,0.000,81.955,1.005
157.000,6.036,2500.000,2501.571,1.000,0.000,82.074,1.005
157.250,6.031,2500.000,2501.571,1.000,0.000,82.192,1.005
157.500,6.025,2500.000,2501.571,1.000,0.000,82.311,1.005
157.750,6.020,2500.000,2501.571,1.000,0.000,82.429,1.005
158.000,6.015,2500.000,2501.571,1.000,0.000,82.547,1.005
158.250,6.010,2500.000,2501.571,1.000,0.000,82.666,1.005
158.500,6.005,2500.000,2501.571,1.000,0.000,82.784,1.005
158.750,6.000,2500.000,2501.571,1.000,0.000,82.902,1.005
159.000,5.995,2500.000,2501.571,1.000,0.000,83.020,1.005
159.250,5.990,2500.000,2501.571,1.000,0.000,83.139,1.005
159.500,5.985,2500.000,2501.571,1.000,0.000,83.257,1.005
159.750,5.980,2500.000,2501.571,1.000,0.000,83.375,1.005
160.000,5.976,2500.000,2501.571,1.000,0.000,83.493,1.005
160.250,5.971,2500.000,2501.571,1.000,0.000,83.611,1.005
160.500,5.966,2500.000,2501.571,1.000,0.000,83.729,1.005
160.750,5.962,2500.000,2501.571,1.000,0.000,83.846,1.005
161.000,5.957,2500.000,2501.571,1.000,0.000,83.964,1.005
161.250,5.953,2500.000,2501.571,1.000,0.000,84.082,1.005
161.500,5.948,2500.000,2501.571,1.000,0.000,84.200,1.005
161.750,5.944,2500.000,2501.571,1.000,0.000,84.317,1.005
162.000,5.940,2500.000,2501.571,1.000,0.000,84.435,1.005
162.250,5.935,2500.000,2501.571,1.000,0.000,84.553,1.005
162.500,5.931,2500.000,2501.571,1.000,0.000,84.670,1.005
162.750,5.927,2500.000,2501.571,1.000,0.000,84.788,1.005
163.000,5.923,2500.000,2501.571,1.000,0.000,84.905,1.005
163.250,5.919,2500.000,2501.571,1.000,0.000,85.023,1.005
163.500,5.915,2500.000,2501.571,1.000,0.000,85.140,1.005
163.750,5.911,2500.000,2501.571,1.000,0.000,85.257,1.005
164.000,5.907,2500.000,2501.571,1.000,0.000,85.375,1.005
164.250,5.903,2500.000,2501.571,1.000,0.000,85.492,1.005
164.500,5.899,2500.000,2501.571,1.000,0.000,85.609,1.005
164.750,5.896,2500.000,2501.571,1.000,0.000,85.726,1.005
165.000,5.892,2500.000,2501.571,1.000,0.000,85.844,1.005
165.250,5.888,2500.000,2501.571,1.000,0.000,85.961,1.005
165.500,5.884,2500.000,2501.571,1.000,0.000,86.078,1.005
165.750,5.881,2500.000,2501.571,1.000,0.000,86.195,1.005
166.000,5.877,2500.000,2501.571,1.000,0.000,86.312,1.005
166.250,5.874,2500.000,2501.571,1.000,0.000,86.429,1.005
166.500,5.870,2500.000,2501.571,1.000,0.000,86.546,1.005
166.750,5.867,2500.000,2501.571,1.000,0.000,86.663,1.005
167.000,5.864,2500.000,2501.571,1.000,0.000,86.780,1.005
167.250,5.860,2500.000,2501.571,1.000,0.000,86.896,1.005
167.500,5.857,2500.000,2501.571,1.000,0.000,87.013,1.005
167.750,5.854,2500.000,2501.571,1.000,0.000,87.130,1.005
168.000,5.851,2500.000,2501.571,1.000,0.000,87.247,1.005
168.250,5.848,2500.000,2501.571,1.000,0.000,87.364,1.005
168.500,5.845,2500.000,2501.571,1.000,0.000,87.480,1.005
168.750,5.842,2500.000,2501.571,1.000,0.000,87.597,1.005
169.000,5.839,2500.000,2501.571,1.000,0.000,87.714,1.005
169.250,5.836,2500.000,2501.571,1.000,0.000,87.830,1.005
169.500,5.833,2500.000,2501.571,1.000,0.000,87.947,1.005
169.750,5.830,2500.000,2501.571,1.000,0.000,88.063,1.005
170.000,5.827,2500.000,2501.571,1.000,0.000,88.180,1.005
170.250,5.825,2500.000,2501.571,1.000,0.000,88.296,1.005
170.500,5.822,2500.000,2501.571,1.000,0.000,88.413,1.005
170.750,5.819,2500.000,2501.571,1.000,0.000,88.529,1.005
171.000,5.817,2500.000,2501.571,1.000,0.000,88.646,1.005
171.250,5.814,2500.000,2501.571,1.000,0.000,88.762,1.005
171.500,5.812,2500.000,2501.571,1.000,0.000,88.878,1.005
171.750,5.809,2500.000,2501.571,1.000,0.000,88.995,1.005
172.000,5.807,2500.000,2501.571,1.000,0.000,89.111,1.005
172.250,5.804,2500.000,2501.571,1.000,0.000,89.227,1.005
172.500,5.802,2500.000,2501.571,1.000,0.000,89.344,1.005
172.750,5.800,2500.000,2501.571,1.000,0.000,89.460,1.005
173.000,5.797,2500.000,2501.571,1.000,0.000,89.576,1.005
173.250,5.795,2500.000,2501.571,1.000,0.000,89.692,1.005
173.500,5.793,2500.000,2501.571,1.000,0.000,89.808,1.005
173.750,5.791,2500.000,2501.571,1.000,0.000,89.925,1.005
174.000,5.789,2500.000,2501.571,1.000,0.000,90.041,1.005
174.250,5.787,2500.000,2501.571,1.000,0.000,90.157,1.005
174.500,5.785,2500.000,2501.571,1.000,0.000,90.273,1.005
174.750,5.783,2500.000,2501.571,1.000,0.000,90.389,1.005
175.000,5.781,2500.000,2501.571,1.000,0.000,90.505,1.005
175.250,5.779,2500.000,2501.571,1.000,0.000,90.621,1.005
175.500,5.778,2500.000,2501.571,1.000,0.000,90.737,1.005
175.750,5.776,2500.000,2501.571,1.000,0.000,90.853,1.005
176.000,5.774,2500.000,2501.571,1.000,0.000,90.969,1.005
176.250,5.772,2500.000,2501.571,1.000,0.000,91.085,1.005
176.500,5.771,2500.000,2501.571,1.000,0.000,91.201,1.005
176.750,5.769,2500.000,2501.571,1.000,0.000,91.317,1.005
177.000,5.768,2500.000,2501.571,1.000,0.000,91.433,1.005
177.250,5.766,2500.000,2501.571,1.000,0.000,91.549,1.005
177.500,5.765,2500.000,2501.571,1.000,0.000,91.665,1.005
177.750,5.763,2500.000,2501.571,1.000,0.000,91.781,1.005
178.000,5.762,2500.000,2501.571,1.000,0.000,91.897,1.005
178.250,5.761,2500.000,2501.571,1.000,0.000,92.012,1.005
178.500,5.760,2500.000,2501.571,1.000,0.000,92.128,1.005
178.750,5.758,2500.000,2501.571,1.000,0.000,92.244,1.005
179.000,5.757,2500.000,2501.571,1.000,0.000,92.360,1.005
179.250,5.756,2500.000,2501.571,1.000,0.000,92.476,1.005
179.500,5.755,2500.000,2501.571,1.000,0.000,92.591,1.005
179.750,5.754,2500.000,2501.571,1.000,0.000,92.707,1.005
180.000,5.753,2500.000,2501.571,1.000,0.000,92.823,1.005
