CA_deg,P_bar,T_u_K,T_b_K,xb,ROHR_J_deg,NOx_ppm,knock_integral
-359.750,10.588,662.560,320.000,0.000,0.000,0.000,0.000
-359.500,10.585,662.530,320.000,0.000,0.000,0.000,0.000
-359.250,10.580,662.480,320.000,0.000,0.000,0.000,0.000
-359.000,10.574,662.410,320.000,0.000,0.000,0.000,0.000
-358.750,10.567,662.320,320.000,0.000,0.000,0.000,0.000
-358.500,10.559,662.211,320.000,0.000,0.000,0.000,0.000
-358.250,10.549,662.081,320.000,0.000,0.000,0.000,0.000
-358.000,10.539,661.932,320.000,0.000,0.000,0.000,0.000
-357.750,10.527,661.763,320.000,0.000,0.000,0.000,0.000
-357.500,10.514,661.574,320.000,0.000,0.000,0.000,0.000
-357.250,10.499,661.366,320.000,0.000,0.000,0.000,0.000
-357.000,10.484,661.138,320.000,0.000,0.000,0.000,0.000
-356.750,10.467,660.891,320.000,0.000,0.000,0.000,0.000
-356.500,10.450,660.625,320.000,0.000,0.000,0.000,0.000
-356.250,10.431,660.339,320.000,0.000,0.000,0.000,0.000
-356.000,10.410,660.034,320.000,0.000,0.000,0.000,0.000
-355.750,10.389,659.711,320.000,0.000,0.000,0.000,0.000
-355.500,10.367,659.368,320.000,0.000,0.000,0.000,0.000
-355.250,10.344,659.006,320.000,0.000,0.000,0.000,0.000
-355.000,10.319,658.626,320.000,0.000,0.000,0.000,0.000
-354.750,10.293,658.227,320.000,0.000,0.000,0.000,0.000
-354.500,10.267,657.810,320.000,0.000,0.000,0.000,0.000
-354.250,10.239,657.375,320.000,0.000,0.000,0.000,0.000
-354.000,10.210,656.922,320.000,0.000,0.000,0.000,0.000
-353.750,10.181,656.451,320.000,0.000,0.000,0.000,0.000
-353.500,10.150,655.962,320.000,0.000,0.000,0.000,0.000
-353.250,10.118,655.455,320.000,0.000,0.000,0.000,0.000
-353.000,10.086,654.932,320.000,0.000,0.000,0.000,0.000
-352.750,10.052,654.390,320.000,0.000,0.000,0.000,0.000
-352.500,10.018,653.832,320.000,0.000,0.000,0.000,0.000
-352.250,9.982,653.258,320.000,0.000,0.000,0.000,0.000
-352.000,9.946,652.666,320.000,0.000,0.000,0.000,0.000
-351.750,9.909,652.058,320.000,0.000,0.000,0.000,0.000
-351.500,9.871,651.434,320.000,0.000,0.000,0.000,0.000
-351.250,9.832,650.794,320.000,0.000,0.000,0.000,0.000
-351.000,9.793,650.138,320.000,0.000,0.000,0.000,0.000
-350.750,9.753,649.467,320.000,0.000,0.000,0.000,0.000
-350.500,9.711,648.780,320.000,0.000,0.000,0.000,0.000
-350.250,9.670,648.078,320.000,0.000,0.000,0.000,0.000
-350.000,9.627,647.361,320.000,0.000,0.000,0.000,0.000
-349.750,9.584,646.630,320.000,0.000,0.000,0.000,0.000
-349.500,9.540,645.884,320.000,0.000,0.000,0.000,0.000
-349.250,9.495,645.123,320.000,0.000,0.000,0.000,0.000
-349.000,9.450,644.349,320.000,0.000,0.000,0.000,0.000
-348.750,9.404,643.561,320.000,0.000,0.000,0.000,0.000
-348.500,9.358,642.760,320.000,0.000,0.000,0.000,0.000
-348.250,9.311,641.945,320.000,0.000,0.000,0.000,0.000
-348.000,9.264,641.117,320.000,0.000,0.000,0.000,0.000
-347.750,9.216,640.277,320.000,0.000,0.000,0.000,0.000
-347.500,9.167,639.424,320.000,0.000,0.000,0.000,0.000
-347.250,9.118,638.558,320.000,0.000,0.000,0.000,0.000
-347.000,9.069,637.681,320.000,0.000,0.000,0.000,0.000
-346.750,9.019,636.792,320.000,0.000,0.000,0.000,0.000
-346.500,8.968,635.891,320.000,0.000,0.000,0.000,0.000
-346.250,8.918,634.979,320.000,0.000,0.000,0.000,0.000
-346.000,8.867,634.056,320.000,0.000,0.000,0.000,0.000
-345.750,8.815,633.122,320.000,0.000,0.000,0.000,0.000
-345.500,8.763,632.178,320.000,0.000,0.000,0.000,0.000
-345.250,8.711,631.223,320.000,0.000,0.000,0.000,0.000
-345.000,8.659,630.258,320.000,0.000,0.000,0.000,0.000
-344.750,8.606,629.284,320.000,0.000,0.000,0.000,0.000
-344.500,8.553,628.300,320.000,0.000,0.000,0.000,0.000
-344.250,8.500,627.306,320.000,0.000,0.000,0.000,0.000
-344.000,8.447,626.304,320.000,0.000,0.000,0.000,0.000
-343.750,8.393,625.292,320.000,0.000,0.000,0.000,0.000
-343.500,8.339,624.272,320.000,0.000,0.000,0.000,0.000
-343.250,8.285,623.244,320.000,0.000,0.000,0.000,0.000
-343.000,8.231,622.208,320.000,0.000,0.000,0.000,0.000
-342.750,8.177,621.163,320.000,0.000,0.000,0.000,0.000
-342.500,8.123,620.112,320.000,0.000,0.000,0.000,0.000
-342.250,8.068,619.052,320.000,0.000,0.000,0.000,0.000
-342.000,8.014,617.986,320.000,0.000,0.000,0.000,0.000
-341.750,7.959,616.913,320.000,0.000,0.000,0.000,0.000
-341.500,7.905,615.833,320.000,0.000,0.000,0.000,0.000
-341.250,7.850,614.746,320.000,0.000,0.000,0.000,0.000
-341.000,7.795,613.654,320.000,0.000,0.000,0.000,0.000
-340.750,7.741,612.555,320.000,0.000,0.000,0.000,0.000
-340.500,7.686,611.451,320.000,0.000,0.000,0.000,0.000
-340.250,7.631,610.340,320.000,0.000,0.000,0.000,0.000
-340.000,7.577,609.225,320.000,0.000,0.000,0.000,0.000
-339.750,7.522,608.105,320.000,0.000,0.000,0.000,0.000
-339.500,7.468,606.979,320.000,0.000,0.000,0.000,0.000
-339.250,7.414,605.849,320.000,0.000,0.000,0.000,0.000
-339.000,7.359,604.714,320.000,0.000,0.000,0.000,0.000
-338.750,7.305,603.575,320.000,0.000,0.000,0.000,0.000
-338.500,7.251,602.432,320.000,0.000,0.000,0.000,0.000
-338.250,7.197,601.285,320.000,0.000,0.000,0.000,0.000
-338.000,7.143,600.135,320.000,0.000,0.000,0.000,0.000
-337.750,7.089,598.981,320.000,0.000,0.000,0.000,0.000
-337.500,7.036,597.823,320.000,0.000,0.000,0.000,0.000
-337.250,6.983,596.662,320.000,0.000,0.000,0.000,0.000
-337.000,6.929,595.499,320.000,0.000,0.000,0.000,0.000
-336.750,6.876,594.333,320.000,0.000,0.000,0.000,0.000
-336.500,6.824,593.164,320.000,0.000,0.000,0.000,0.000
-336.250,6.771,591.992,320.000,0.000,0.000,0.000,0.000
-336.000,6.719,590.819,320.000,0.000,0.000,0.000,0.000
-335.750,6.666,589.643,320.000,0.000,0.000,0.000,0.000
-335.500,6.615,588.466,320.000,0.000,0.000,0.000,0.000
-335.250,6.563,587.287,320.000,0.000,0.000,0.000,0.000
-335.000,6.511,586.106,320.000,0.000,0.000,0.000,0.000
-334.750,6.460,584.924,320.000,0.000,0.000,0.000,0.000
-334.500,6.409,583.740,320.000,0.000,0.000,0.000,0.000
-334.250,6.358,582.556,320.000,0.000,0.000,0.000,0.000
-334.000,6.308,581.371,320.000,0.000,0.000,0.000,0.000
-333.750,6.258,580.184,320.000,0.000,0.000,0.000,0.000
-333.500,6.208,578.998,320.000,0.000,0.000,0.000,0.000
-333.250,6.158,577.810,320.000,0.000,0.000,0.000,0.000
-333.000,6.109,576.623,320.000,0.000,0.000,0.000,0.000
-332.750,6.060,575.435,320.000,0.000,0.000,0.000,0.000
-332.500,6.011,574.247,320.000,0.000,0.000,0.000,0.000
-332.250,5.963,573.059,320.000,0.000,0.000,0.000,0.000
-332.000,5.915,571.871,320.000,0.000,0.000,0.000,0.000
-331.750,5.867,570.683,320.000,0.000,0.000,0.000,0.000
-331.500,5.819,569.496,320.000,0.000,0.000,0.000,0.000
-331.250,5.772,568.310,320.000,0.000,0.000,0.000,0.000
-331.000,5.725,567.124,320.000,0.000,0.000,0.000,0.000
-330.750,5.678,565.939,320.000,0.000,0.000,0.000,0.000
-330.500,5.632,564.755,320.000,0.000,0.000,0.000,0.000
-330.250,5.586,563.571,320.000,0.000,0.000,0.000,0.000
-330.000,5.541,562.389,320.000,0.000,0.000,0.000,0.000
-329.750,5.495,561.208,320.000,0.000,0.000,0.000,0.000
-329.500,5.450,560.029,320.000,0.000,0.000,0.000,0.000
-329.250,5.406,558.851,320.000,0.000,0.000,0.000,0.000
-329.000,5.361,557.674,320.000,0.000,0.000,0.000,0.000
-328.750,5.317,556.499,320.000,0.000,0.000,0.000,0.000
-328.500,5.274,555.326,320.000,0.000,0.000,0.000,0.000
-328.250,5.231,554.154,320.000,0.000,0.000,0.000,0.000
-328.000,5.188,552.984,320.000,0.000,0.000,0.000,0.000
-327.750,5.145,551.817,320.000,0.000,0.000,0.000,0.000
-327.500,5.103,550.651,320.000,0.000,0.000,0.000,0.000
-327.250,5.061,549.488,320.000,0.000,0.000,0.000,0.000
-327.000,5.019,548.326,320.000,0.000,0.000,0.000,0.000
-326.750,4.978,547.167,320.000,0.000,0.000,0.000,0.000
-326.500,4.937,546.011,320.000,0.000,0.000,0.000,0.000
-326.250,4.896,544.856,320.000,0.000,0.000,0.000,0.000
-326.000,4.856,543.705,320.000,0.000,0.000,0.000,0.000
-325.750,4.816,542.555,320.000,0.000,0.000,0.000,0.000
-325.500,4.777,541.409,320.000,0.000,0.000,0.000,0.000
-325.250,4.737,540.265,320.000,0.000,0.000,0.000,0.000
-325.000,4.699,539.124,320.000,0.000,0.000,0.000,0.000
-324.750,4.660,537.986,320.000,0.000,0.000,0.000,0.000
-324.500,4.622,536.850,320.000,0.000,0.000,0.000,0.000
-324.250,4.584,535.718,320.000,0.000,0.000,0.000,0.000
-324.000,4.546,534.589,320.000,0.000,0.000,0.000,0.000
-323.750,4.509,533.462,320.000,0.000,0.000,0.000,0.000
-323.500,4.472,532.339,320.000,0.000,0.000,0.000,0.000
-323.250,4.436,531.219,320.000,0.000,0.000,0.000,0.000
-323.000,4.399,530.102,320.000,0.000,0.000,0.000,0.000
-322.750,4.364,528.989,320.000,0.000,0.000,0.000,0.000
-322.500,4.328,527.878,320.000,0.000,0.000,0.000,0.000
-322.250,4.293,526.772,320.000,0.000,0.000,0.000,0.000
-322.000,4.258,525.668,320.000,0.000,0.000,0.000,0.000
-321.750,4.223,524.568,320.000,0.000,0.000,0.000,0.000
-321.500,4.189,523.471,320.000,0.000,0.000,0.000,0.000
-321.250,4.155,522.378,320.000,0.000,0.000,0.000,0.000
-321.000,4.121,521.288,320.000,0.000,0.000,0.000,0.000
-320.750,4.088,520.202,320.000,0.000,0.000,0.000,0.000
-320.500,4.055,519.120,320.000,0.000,0.000,0.000,0.000
-320.250,4.022,518.041,320.000,0.000,0.000,0.000,0.000
-320.000,3.990,516.966,320.000,0.000,0.000,0.000,0.000
-319.750,3.958,515.895,320.000,0.000,0.000,0.000,0.000
-319.500,3.926,514.827,320.000,0.000,0.000,0.000,0.000
-319.250,3.894,513.763,320.000,0.000,0.000,0.000,0.000
-319.000,3.863,512.703,320.000,0.000,0.000,0.000,0.000
-318.750,3.832,511.647,320.000,0.000,0.000,0.000,0.000
-318.500,3.802,510.594,320.000,0.000,0.000,0.000,0.000
-318.250,3.771,509.546,320.000,0.000,0.000,0.000,0.000
-318.000,3.741,508.501,320.000,0.000,0.000,0.000,0.000
-317.750,3.712,507.460,320.000,0.000,0.000,0.000,0.000
-317.500,3.682,506.423,320.000,0.000,0.000,0.000,0.000
-317.250,3.653,505.390,320.000,0.000,0.000,0.000,0.000
-317.000,3.624,504.361,320.000,0.000,0.000,0.000,0.000
-316.750,3.595,503.336,320.000,0.000,0.000,0.000,0.000
-316.500,3.567,502.315,320.000,0.000,0.000,0.000,0.000
-316.250,3.539,501.298,320.000,0.000,0.000,0.000,0.000
-316.000,3.511,500.285,320.000,0.000,0.000,0.000,0.000
-315.750,3.484,499.276,320.000,0.000,0.000,0.000,0.000
-315.500,3.457,498.271,320.000,0.000,0.000,0.000,0.000
-315.250,3.430,497.270,320.000,0.000,0.000,0.000,0.000
-315.000,3.403,496.273,320.000,0.000,0.000,0.000,0.000
-314.750,3.377,495.280,320.000,0.000,0.000,0.000,0.000
-314.500,3.351,494.292,320.000,0.000,0.000,0.000,0.000
-314.250,3.325,493.307,320.000,0.000,0.000,0.000,0.000
-314.000,3.299,492.327,320.000,0.000,0.000,0.000,0.000
-313.750,3.274,491.350,320.000,0.000,0.000,0.000,0.000
-313.500,3.248,490.378,320.000,0.000,0.000,0.000,0.000
-313.250,3.224,489.410,320.000,0.000,0.000,0.000,0.000
-313.000,3.199,488.446,320.000,0.000,0.000,0.000,0.000
-312.750,3.175,487.486,320.000,0.000,0.000,0.000,0.000
-312.500,3.150,486.530,320.000,0.000,0.000,0.000,0.000
-312.250,3.127,485.578,320.000,0.000,0.000,0.000,0.000
-312.000,3.103,484.631,320.000,0.000,0.000,0.000,0.000
-311.750,3.079,483.687,320.000,0.000,0.000,0.000,0.000
-311.500,3.056,482.748,320.000,0.000,0.000,0.000,0.000
-311.250,3.033,481.813,320.000,0.000,0.000,0.000,0.000
-311.000,3.011,480.882,320.000,0.000,0.000,0.000,0.000
-310.750,2.988,479.955,320.000,0.000,0.000,0.000,0.000
-310.500,2.966,479.033,320.000,0.000,0.000,0.000,0.000
-310.250,2.944,478.114,320.000,0.000,0.000,0.000,0.000
-310.000,2.922,477.199,320.000,0.000,0.000,0.000,0.000
-309.750,2.900,476.289,320.000,0.000,0.000,0.000,0.000
-309.500,2.879,475.383,320.000,0.000,0.000,0.000,0.000
-309.250,2.858,474.481,320.000,0.000,0.000,0.000,0.000
-309.000,2.837,473.583,320.000,0.000,0.000,0.000,0.000
-308.750,2.816,472.689,320.000,0.000,0.000,0.000,0.000
-308.500,2.795,471.799,320.000,0.000,0.000,0.000,0.000
-308.250,2.775,470.914,320.000,0.000,0.000,0.000,0.000
-308.000,2.755,470.032,320.000,0.000,0.000,0.000,0.000
-307.750,2.735,469.154,320.000,0.000,0.000,0.000,0.000
-307.500,2.715,468.281,320.000,0.000,0.000,0.000,0.000
-307.250,2.696,467.412,320.000,0.000,0.000,0.000,0.000
-307.000,2.676,466.547,320.000,0.000,0.000,0.000,0.000
-306.750,2.657,465.685,320.000,0.000,0.000,0.000,0.000
-306.500,2.638,464.828,320.000,0.000,0.000,0.000,0.000
-306.250,2.620,463.975,320.000,0.000,0.000,0.000,0.000
-306.000,2.601,463.126,320.000,0.000,0.000,0.000,0.000
-305.750,2.583,462.281,320.000,0.000,0.000,0.000,0.000
-305.500,2.564,461.440,320.000,0.000,0.000,0.000,0.000
-305.250,2.546,460.603,320.000,0.000,0.000,0.000,0.000
-305.000,2.528,459.770,320.000,0.000,0.000,0.000,0.000
-304.750,2.511,458.941,320.000,0.000,0.000,0.000,0.000
-304.500,2.493,458.116,320.000,0.000,0.000,0.000,0.000
-304.250,2.476,457.295,320.000,0.000,0.000,0.000,0.000
-304.000,2.459,456.478,320.000,0.000,0.000,0.000,0.000
-303.750,2.442,455.665,320.000,0.000,0.000,0.000,0.000
-303.500,2.425,454.856,320.000,0.000,0.000,0.000,0.000
-303.250,2.408,454.051,320.000,0.000,0.000,0.000,0.000
-303.000,2.392,453.249,320.000,0.000,0.000,0.000,0.000
-302.750,2.376,452.452,320.000,0.000,0.000,0.000,0.000
-302.500,2.360,451.658,320.000,0.000,0.000,0.000,0.000
-302.250,2.344,450.869,320.000,0.000,0.000,0.000,0.000
-302.000,2.328,450.083,320.000,0.000,0.000,0.000,0.000
-301.750,2.312,449.301,320.000,0.000,0.000,0.000,0.000
-301.500,2.297,448.523,320.000,0.000,0.000,0.000,0.000
-301.250,2.281,447.749,320.000,0.000,0.000,0.000,0.000
-301.000,2.266,446.978,320.000,0.000,0.000,0.000,0.000
-300.750,2.251,446.212,320.000,0.000,0.000,0.000,0.000
-300.500,2.236,445.449,320.000,0.000,0.000,0.000,0.000
-300.250,2.221,444.690,320.000,0.000,0.000,0.000,0.000
-300.000,2.207,443.935,320.000,0.000,0.000,0.000,0.000
-299.750,2.192,443.184,320.000,0.000,0.000,0.000,0.000
-299.500,2.178,442.436,320.000,0.000,0.000,0.000,0.000
-299.250,2.164,441.692,320.000,0.000,0.000,0.000,0.000
-299.000,2.150,440.952,320.000,0.000,0.000,0.000,0.000
-298.750,2.136,440.215,320.000,0.000,0.000,0.000,0.000
-298.500,2.122,439.482,320.000,0.000,0.000,0.000,0.000
-298.250,2.108,438.753,320.000,0.000,0.000,0.000,0.000
-298.000,2.095,438.028,320.000,0.000,0.000,0.000,0.000
-297.750,2.081,437.306,320.000,0.000,0.000,0.000,0.000
-297.500,2.068,436.588,320.000,0.000,0.000,0.000,0.000
-297.250,2.055,435.873,320.000,0.000,0.000,0.000,0.000
-297.000,2.042,435.162,320.000,0.000,0.000,0.000,0.000
-296.750,2.029,434.455,320.000,0.000,0.000,0.000,0.000
-296.500,2.017,433.751,320.000,0.000,0.000,0.000,0.000
-296.250,2.004,433.051,320.000,0.000,0.000,0.000,0.000
-296.000,1.991,432.354,320.000,0.000,0.000,0.000,0.000
-295.750,1.979,431.661,320.000,0.000,0.000,0.000,0.000
-295.500,1.967,430.972,320.000,0.000,0.000,0.000,0.000
-295.250,1.955,430.286,320.000,0.000,0.000,0.000,0.000
-295.000,1.943,429.603,320.000,0.000,0.000,0.000,0.000
-294.750,1.931,428.924,320.000,0.000,0.000,0.000,0.000
-294.500,1.919,428.249,320.000,0.000,0.000,0.000,0.000
-294.250,1.907,427.577,320.000,0.000,0.000,0.000,0.000
-294.000,1.896,426.908,320.000,0.000,0.000,0.000,0.000
-293.750,1.884,426.243,320.000,0.000,0.000,0.000,0.000
-293.500,1.873,425.581,320.000,0.000,0.000,0.000,0.000
-293.250,1.862,424.923,320.000,0.000,0.000,0.000,0.000
-293.000,1.851,424.268,320.000,0.000,0.000,0.000,0.000
-292.750,1.840,423.616,320.000,0.000,0.000,0.000,0.000
-292.500,1.829,422.968,320.000,0.000,0.000,0.000,0.000
-292.250,1.818,422.323,320.000,0.000,0.000,0.000,0.000
-292.000,1.807,421.681,320.000,0.000,0.000,0.000,0.000
-291.750,1.797,421.043,320.000,0.000,0.000,0.000,0.000
-291.500,1.786,420.408,320.000,0.000,0.000,0.000,0.000
-291.250,1.776,419.776,320.000,0.000,0.000,0.000,0.000
-291.000,1.766,419.148,320.000,0.000,0.000,0.000,0.000
-290.750,1.755,418.522,320.000,0.000,0.000,0.000,0.000
-290.500,1.745,417.900,320.000,0.000,0.000,0.000,0.000
-290.250,1.735,417.282,320.000,0.000,0.000,0.000,0.000
-290.000,1.725,416.666,320.000,0.000,0.000,0.000,0.000
-289.750,1.716,416.054,320.000,0.000,0.000,0.000,0.000
-289.500,1.706,415.445,320.000,0.000,0.000,0.000,0.000
-289.250,1.696,414.839,320.000,0.000,0.000,0.000,0.000
-289.000,1.687,414.236,320.000,0.000,0.000,0.000,0.000
-288.750,1.677,413.636,320.000,0.000,0.000,0.000,0.000
-288.500,1.668,413.040,320.000,0.000,0.000,0.000,0.000
-288.250,1.659,412.446,320.000,0.000,0.000,0.000,0.000
-288.000,1.649,411.856,320.000,0.000,0.000,0.000,0.000
-287.750,1.640,411.269,320.000,0.000,0.000,0.000,0.000
-287.500,1.631,410.685,320.000,0.000,0.000,0.000,0.000
-287.250,1.622,410.104,320.000,0.000,0.000,0.000,0.000
-287.000,1.614,409.525,320.000,0.000,0.000,0.000,0.000
-286.750,1.605,408.950,320.000,0.000,0.000,0.000,0.000
-286.500,1.596,408.378,320.000,0.000,0.000,0.000,0.000
-286.250,1.587,407.809,320.000,0.000,0.000,0.000,0.000
-286.000,1.579,407.243,320.000,0.000,0.000,0.000,0.000
-285.750,1.571,406.680,320.000,0.000,0.000,0.000,0.000
-285.500,1.562,406.120,320.000,0.000,0.000,0.000,0.000
-285.250,1.554,405.563,320.000,0.000,0.000,0.000,0.000
-285.000,1.546,405.009,320.000,0.000,0.000,0.000,0.000
-284.750,1.537,404.458,320.000,0.000,0.000,0.000,0.000
-284.500,1.529,403.909,320.000,0.000,0.000,0.000,0.000
-284.250,1.521,403.364,320.000,0.000,0.000,0.000,0.000
-284.000,1.514,402.821,320.000,0.000,0.000,0.000,0.000
-283.750,1.506,402.281,320.000,0.000,0.000,0.000,0.000
-283.500,1.498,401.744,320.000,0.000,0.000,0.000,0.000
-283.250,1.490,401.210,320.000,0.000,0.000,0.000,0.000
-283.000,1.483,400.679,320.000,0.000,0.000,0.000,0.000
-282.750,1.475,400.150,320.000,0.000,0.000,0.000,0.000
-282.500,1.468,399.625,320.000,0.000,0.000,0.000,0.000
-282.250,1.460,399.102,320.000,0.000,0.000,0.000,0.000
-282.000,1.453,398.582,320.000,0.000,0.000,0.000,0.000
-281.750,1.445,398.064,320.000,0.000,0.000,0.000,0.000
-281.500,1.438,397.550,320.000,0.000,0.000,0.000,0.000
-281.250,1.431,397.038,320.000,0.000,0.000,0.000,0.000
-281.000,1.424,396.529,320.000,0.000,0.000,0.000,0.000
-280.750,1.417,396.022,320.000,0.000,0.000,0.000,0.000
-280.500,1.410,395.518,320.000,0.000,0.000,0.000,0.000
-280.250,1.403,395.017,320.000,0.000,0.000,0.000,0.000
-280.000,1.396,394.519,320.000,0.000,0.000,0.000,0.000
-279.750,1.389,394.023,320.000,0.000,0.000,0.000,0.000
-279.500,1.383,393.530,320.000,0.000,0.000,0.000,0.000
-279.250,1.376,393.039,320.000,0.000,0.000,0.000,0.000
-279.000,1.369,392.551,320.000,0.000,0.000,0.000,0.000
-278.750,1.363,392.066,320.000,0.000,0.000,0.000,0.000
-278.500,1.356,391.583,320.000,0.000,0.000,0.000,0.000
-278.250,1.350,391.103,320.000,0.000,0.000,0.000,0.000
-278.000,1.344,390.626,320.000,0.000,0.000,0.000,0.000
-277.750,1.337,390.151,320.000,0.000,0.000,0.000,0.000
-277.500,1.331,389.678,320.000,0.000,0.000,0.000,0.000
-277.250,1.325,389.208,320.000,0.000,0.000,0.000,0.000
-277.000,1.319,388.741,320.000,0.000,0.000,0.000,0.000
-276.750,1.313,388.276,320.000,0.000,0.000,0.000,0.000
-276.500,1.306,387.813,320.000,0.000,0.000,0.000,0.000
-276.250,1.301,387.353,320.000,0.000,0.000,0.000,0.000
-276.000,1.295,386.896,320.000,0.000,0.000,0.000,0.000
-275.750,1.289,386.441,320.000,0.000,0.000,0.000,0.000
-275.500,1.283,385.988,320.000,0.000,0.000,0.000,0.000
-275.250,1.277,385.538,320.000,0.000,0.000,0.000,0.000
-275.000,1.271,385.090,320.000,0.000,0.000,0.000,0.000
-274.750,1.266,384.644,320.000,0.000,0.000,0.000,0.000
-274.500,1.260,384.201,320.000,0.000,0.000,0.000,0.000
-274.250,1.254,383.761,320.000,0.000,0.000,0.000,0.000
-274.000,1.249,383.323,320.000,0.000,0.000,0.000,0.000
-273.750,1.243,382.887,320.000,0.000,0.000,0.000,0.000
-273.500,1.238,382.453,320.000,0.000,0.000,0.000,0.000
-273.250,1.233,382.022,320.000,0.000,0.000,0.000,0.000
-273.000,1.227,381.593,320.000,0.000,0.000,0.000,0.000
-272.750,1.222,381.166,320.000,0.000,0.000,0.000,0.000
-272.500,1.217,380.742,320.000,0.000,0.000,0.000,0.000
-272.250,1.211,380.320,320.000,0.000,0.000,0.000,0.000
-272.000,1.206,379.900,320.000,0.000,0.000,0.000,0.000
-271.750,1.201,379.483,320.000,0.000,0.000,0.000,0.000
-271.500,1.196,379.068,320.000,0.000,0.000,0.000,0.000
-271.250,1.191,378.655,320.000,0.000,0.000,0.000,0.000
-271.000,1.186,378.244,320.000,0.000,0.000,0.000,0.000
-270.750,1.181,377.835,320.000,0.000,0.000,0.000,0.000
-270.500,1.176,377.429,320.000,0.000,0.000,0.000,0.000
-270.250,1.171,377.025,320.000,0.000,0.000,0.000,0.000
-270.000,1.167,376.623,320.000,0.000,0.000,0.000,0.000
-269.750,1.162,376.223,320.000,0.000,0.000,0.000,0.000
-269.500,1.157,375.826,320.000,0.000,0.000,0.000,0.000
-269.250,1.152,375.431,320.000,0.000,0.000,0.000,0.000
-269.000,1.148,375.037,320.000,0.000,0.000,0.000,0.000
-268.750,1.143,374.646,320.000,0.000,0.000,0.000,0.000
-268.500,1.138,374.257,320.000,0.000,0.000,0.000,0.000
-268.250,1.134,373.870,320.000,0.000,0.000,0.000,0.000
-268.000,1.129,373.486,320.000,0.000,0.000,0.000,0.000
-267.750,1.125,373.103,320.000,0.000,0.000,0.000,0.000
-267.500,1.120,372.722,320.000,0.000,0.000,0.000,0.000
-267.250,1.116,372.344,320.000,0.000,0.000,0.000,0.000
-267.000,1.112,371.967,320.000,0.000,0.000,0.000,0.000
-266.750,1.107,371.593,320.000,0.000,0.000,0.000,0.000
-266.500,1.103,371.221,320.000,0.000,0.000,0.000,0.000
-266.250,1.099,370.850,320.000,0.000,0.000,0.000,0.000
-266.000,1.095,370.482,320.000,0.000,0.000,0.000,0.000
-265.750,1.090,370.116,320.000,0.000,0.000,0.000,0.000
-265.500,1.086,369.752,320.000,0.000,0.000,0.000,0.000
-265.250,1.082,369.389,320.000,0.000,0.000,0.000,0.000
-265.000,1.078,369.029,320.000,0.000,0.000,0.000,0.000
-264.750,1.074,368.671,320.000,0.000,0.000,0.000,0.000
-264.500,1.070,368.314,320.000,0.000,0.000,0.000,0.000
-264.250,1.066,367.960,320.000,0.000,0.000,0.000,0.000
-264.000,1.062,367.608,320.000,0.000,0.000,0.000,0.000
-263.750,1.058,367.257,320.000,0.000,0.000,0.000,0.000
-263.500,1.054,366.909,320.000,0.000,0.000,0.000,0.000
-263.250,1.051,366.562,320.000,0.000,0.000,0.000,0.000
-263.000,1.047,366.217,320.000,0.000,0.000,0.000,0.000
-262.750,1.043,365.874,320.000,0.000,0.000,0.000,0.000
-262.500,1.039,365.533,320.000,0.000,0.000,0.000,0.000
-262.250,1.035,365.194,320.000,0.000,0.000,0.000,0.000
-262.000,1.032,364.857,320.000,0.000,0.000,0.000,0.000
-261.750,1.028,364.522,320.000,0.000,0.000,0.000,0.000
-261.500,1.024,364.188,320.000,0.000,0.000,0.000,0.000
-261.250,1.021,363.857,320.000,0.000,0.000,0.000,0.000
-261.000,1.017,363.527,320.000,0.000,0.000,0.000,0.000
-260.750,1.014,363.199,320.000,0.000,0.000,0.000,0.000
-260.500,1.010,362.873,320.000,0.000,0.000,0.000,0.000
-260.250,1.007,362.548,320.000,0.000,0.000,0.000,0.000
-260.000,1.003,362.226,320.000,0.000,0.000,0.000,0.000
-259.750,1.000,361.905,320.000,0.000,0.000,0.000,0.000
-259.500,0.996,361.586,320.000,0.000,0.000,0.000,0.000
-259.250,0.993,361.269,320.000,0.000,0.000,0.000,0.000
-259.000,0.990,360.954,320.000,0.000,0.000,0.000,0.000
-258.750,0.986,360.640,320.000,0.000,0.000,0.000,0.000
-258.500,0.983,360.328,320.000,0.000,0.000,0.000,0.000
-258.250,0.980,360.018,320.000,0.000,0.000,0.000,0.000
-258.000,0.977,359.710,320.000,0.000,0.000,0.000,0.000
-257.750,0.973,359.403,320.000,0.000,0.000,0.000,0.000
-257.500,0.970,359.098,320.000,0.000,0.000,0.000,0.000
-257.250,0.967,358.795,320.000,0.000,0.000,0.000,0.000
-257.000,0.964,358.493,320.000,0.000,0.000,0.000,0.000
-256.750,0.961,358.193,320.000,0.000,0.000,0.000,0.000
-256.500,0.958,357.895,320.000,0.000,0.000,0.000,0.000
-256.250,0.955,357.598,320.000,0.000,0.000,0.000,0.000
-256.000,0.952,357.304,320.000,0.000,0.000,0.000,0.000
-255.750,0.949,357.010,320.000,0.000,0.000,0.000,0.000
-255.500,0.946,356.719,320.000,0.000,0.000,0.000,0.000
-255.250,0.943,356.429,320.000,0.000,0.000,0.000,0.000
-255.000,0.940,356.141,320.000,0.000,0.000,0.000,0.000
-254.750,0.937,355.854,320.000,0.000,0.000,0.000,0.000
-254.500,0.934,355.569,320.000,0.000,0.000,0.000,0.000
-254.250,0.931,355.286,320.000,0.000,0.000,0.000,0.000
-254.000,0.928,355.004,320.000,0.000,0.000,0.000,0.000
-253.750,0.925,354.724,320.000,0.000,0.000,0.000,0.000
-253.500,0.923,354.445,320.000,0.000,0.000,0.000,0.000
-253.250,0.920,354.168,320.000,0.000,0.000,0.000,0.000
-253.000,0.917,353.893,320.000,0.000,0.000,0.000,0.000
-252.750,0.914,353.619,320.000,0.000,0.000,0.000,0.000
-252.500,0.912,353.346,320.000,0.000,0.000,0.000,0.000
-252.250,0.909,353.076,320.000,0.000,0.000,0.000,0.000
-252.000,0.906,352.806,320.000,0.000,0.000,0.000,0.000
-251.750,0.904,352.539,320.000,0.000,0.000,0.000,0.000
-251.500,0.901,352.273,320.000,0.000,0.000,0.000,0.000
-251.250,0.898,352.008,320.000,0.000,0.000,0.000,0.000
-251.000,0.896,351.745,320.000,0.000,0.000,0.000,0.000
-250.750,0.893,351.483,320.000,0.000,0.000,0.000,0.000
-250.500,0.891,351.223,320.000,0.000,0.000,0.000,0.000
-250.250,0.888,350.965,320.000,0.000,0.000,0.000,0.000
-250.000,0.886,350.707,320.000,0.000,0.000,0.000,0.000
-249.750,0.883,350.452,320.000,0.000,0.000,0.000,0.000
-249.500,0.881,350.198,320.000,0.000,0.000,0.000,0.000
-249.250,0.878,349.945,320.000,0.000,0.000,0.000,0.000
-249.000,0.876,349.694,320.000,0.000,0.000,0.000,0.000
-248.750,0.873,349.444,320.000,0.000,0.000,0.000,0.000
-248.500,0.871,349.196,320.000,0.000,0.000,0.000,0.000
-248.250,0.869,348.949,320.000,0.000,0.000,0.000,0.000
-248.000,0.866,348.703,320.000,0.000,0.000,0.000,0.000
-247.750,0.864,348.459,320.000,0.000,0.000,0.000,0.000
-247.500,0.862,348.217,320.000,0.000,0.000,0.000,0.000
-247.250,0.859,347.976,320.000,0.000,0.000,0.000,0.000
-247.000,0.857,347.736,320.000,0.000,0.000,0.000,0.000
-246.750,0.855,347.498,320.000,0.000,0.000,0.000,0.000
-246.500,0.853,347.261,320.000,0.000,0.000,0.000,0.000
-246.250,0.850,347.025,320.000,0.000,0.000,0.000,0.000
-246.000,0.848,346.791,320.000,0.000,0.000,0.000,0.000
-245.750,0.846,346.558,320.000,0.000,0.000,0.000,0.000
-245.500,0.844,346.327,320.000,0.000,0.000,0.000,0.000
-245.250,0.842,346.096,320.000,0.000,0.000,0.000,0.000
-245.000,0.839,345.868,320.000,0.000,0.000,0.000,0.000
-244.750,0.837,345.640,320.000,0.000,0.000,0.000,0.000
-244.500,0.835,345.414,320.000,0.000,0.000,0.000,0.000
-244.250,0.833,345.190,320.000,0.000,0.000,0.000,0.000
-244.000,0.831,344.966,320.000,0.000,0.000,0.000,0.000
-243.750,0.829,344.744,320.000,0.000,0.000,0.000,0.000
-243.500,0.827,344.524,320.000,0.000,0.000,0.000,0.000
-243.250,0.825,344.304,320.000,0.000,0.000,0.000,0.000
-243.000,0.823,344.086,320.000,0.000,0.000,0.000,0.000
-242.750,0.821,343.869,320.000,0.000,0.000,0.000,0.000
-242.500,0.819,343.654,320.000,0.000,0.000,0.000,0.000
-242.250,0.817,343.440,320.000,0.000,0.000,0.000,0.000
-242.000,0.815,343.227,320.000,0.000,0.000,0.000,0.000
-241.750,0.813,343.015,320.000,0.000,0.000,0.000,0.000
-241.500,0.811,342.805,320.000,0.000,0.000,0.000,0.000
-241.250,0.809,342.596,320.000,0.000,0.000,0.000,0.000
-241.000,0.807,342.388,320.000,0.000,0.000,0.000,0.000
-240.750,0.806,342.181,320.000,0.000,0.000,0.000,0.000
-240.500,0.804,341.976,320.000,0.000,0.000,0.000,0.000
-240.250,0.802,341.772,320.000,0.000,0.000,0.000,0.000
-240.000,0.800,341.569,320.000,0.000,0.000,0.000,0.000
-239.750,0.798,341.368,320.000,0.000,0.000,0.000,0.000
-239.500,0.796,341.167,320.000,0.000,0.000,0.000,0.000
-239.250,0.795,340.968,320.000,0.000,0.000,0.000,0.000
-239.000,0.793,340.770,320.000,0.000,0.000,0.000,0.000
-238.750,0.791,340.574,320.000,0.000,0.000,0.000,0.000
-238.500,0.789,340.378,320.000,0.000,0.000,0.000,0.000
-238.250,0.788,340.184,320.000,0.000,0.000,0.000,0.000
-238.000,0.786,339.991,320.000,0.000,0.000,0.000,0.000
-237.750,0.784,339.799,320.000,0.000,0.000,0.000,0.000
-237.500,0.782,339.608,320.000,0.000,0.000,0.000,0.000
-237.250,0.781,339.419,320.000,0.000,0.000,0.000,0.000
-237.000,0.779,339.231,320.000,0.000,0.000,0.000,0.000
-236.750,0.777,339.044,320.000,0.000,0.000,0.000,0.000
-236.500,0.776,338.858,320.000,0.000,0.000,0.000,0.000
-236.250,0.774,338.673,320.000,0.000,0.000,0.000,0.000
-236.000,0.773,338.489,320.000,0.000,0.000,0.000,0.000
-235.750,0.771,338.307,320.000,0.000,0.000,0.000,0.000
-235.500,0.769,338.125,320.000,0.000,0.000,0.000,0.000
-235.250,0.768,337.945,320.000,0.000,0.000,0.000,0.000
-235.000,0.766,337.766,320.000,0.000,0.000,0.000,0.000
-234.750,0.765,337.588,320.000,0.000,0.000,0.000,0.000
-234.500,0.763,337.411,320.000,0.000,0.000,0.000,0.000
-234.250,0.762,337.236,320.000,0.000,0.000,0.000,0.000
-234.000,0.760,337.061,320.000,0.000,0.000,0.000,0.000
-233.750,0.759,336.888,320.000,0.000,0.000,0.000,0.000
-233.500,0.757,336.715,320.000,0.000,0.000,0.000,0.000
-233.250,0.756,336.544,320.000,0.000,0.000,0.000,0.000
-233.000,0.754,336.374,320.000,0.000,0.000,0.000,0.000
-232.750,0.753,336.205,320.000,0.000,0.000,0.000,0.000
-232.500,0.751,336.037,320.000,0.000,0.000,0.000,0.000
-232.250,0.750,335.870,320.000,0.000,0.000,0.000,0.000
-232.000,0.748,335.704,320.000,0.000,0.000,0.000,0.000
-231.750,0.747,335.540,320.000,0.000,0.000,0.000,0.000
-231.500,0.746,335.376,320.000,0.000,0.000,0.000,0.000
-231.250,0.744,335.214,320.000,0.000,0.000,0.000,0.000
-231.000,0.743,335.052,320.000,0.000,0.000,0.000,0.000
-230.750,0.741,334.892,320.000,0.000,0.000,0.000,0.000
-230.500,0.740,334.732,320.000,0.000,0.000,0.000,0.000
-230.250,0.739,334.574,320.000,0.000,0.000,0.000,0.000
-230.000,0.737,334.417,320.000,0.000,0.000,0.000,0.000
-229.750,0.736,334.261,320.000,0.000,0.000,0.000,0.000
-229.500,0.735,334.105,320.000,0.000,0.000,0.000,0.000
-229.250,0.734,333.951,320.000,0.000,0.000,0.000,0.000
-229.000,0.732,333.798,320.000,0.000,0.000,0.000,0.000
-228.750,0.731,333.646,320.000,0.000,0.000,0.000,0.000
-228.500,0.730,333.495,320.000,0.000,0.000,0.000,0.000
-228.250,0.728,333.345,320.000,0.000,0.000,0.000,0.000
-228.000,0.727,333.196,320.000,0.000,0.000,0.000,0.000
-227.750,0.726,333.048,320.000,0.000,0.000,0.000,0.000
-227.500,0.725,332.901,320.000,0.000,0.000,0.000,0.000
-227.250,0.723,332.755,320.000,0.000,0.000,0.000,0.000
-227.000,0.722,332.610,320.000,0.000,0.000,0.000,0.000
-226.750,0.721,332.466,320.000,0.000,0.000,0.000,0.000
-226.500,0.720,332.323,320.000,0.000,0.000,0.000,0.000
-226.250,0.719,332.181,320.000,0.000,0.000,0.000,0.000
-226.000,0.718,332.040,320.000,0.000,0.000,0.000,0.000
-225.750,0.716,331.900,320.000,0.000,0.000,0.000,0.000
-225.500,0.715,331.761,320.000,0.000,0.000,0.000,0.000
-225.250,0.714,331.623,320.000,0.000,0.000,0.000,0.000
-225.000,0.713,331.486,320.000,0.000,0.000,0.000,0.000
-224.750,0.712,331.349,320.000,0.000,0.000,0.000,0.000
-224.500,0.711,331.214,320.000,0.000,0.000,0.000,0.000
-224.250,0.710,331.080,320.000,0.000,0.000,0.000,0.000
-224.000,0.709,330.947,320.000,0.000,0.000,0.000,0.000
-223.750,0.707,330.814,320.000,0.000,0.000,0.000,0.000
-223.500,0.706,330.683,320.000,0.000,0.000,0.000,0.000
-223.250,0.705,330.553,320.000,0.000,0.000,0.000,0.000
-223.000,0.704,330.423,320.000,0.000,0.000,0.000,0.000
-222.750,0.703,330.295,320.000,0.000,0.000,0.000,0.000
-222.500,0.702,330.167,320.000,0.000,0.000,0.000,0.000
-222.250,0.701,330.040,320.000,0.000,0.000,0.000,0.000
-222.000,0.700,329.914,320.000,0.000,0.000,0.000,0.000
-221.750,0.699,329.790,320.000,0.000,0.000,0.000,0.000
-221.500,0.698,329.666,320.000,0.000,0.000,0.000,0.000
-221.250,0.697,329.543,320.000,0.000,0.000,0.000,0.000
-221.000,0.696,329.421,320.000,0.000,0.000,0.000,0.000
-220.750,0.695,329.299,320.000,0.000,0.000,0.000,0.000
-220.500,0.694,329.179,320.000,0.000,0.000,0.000,0.000
-220.250,0.693,329.060,320.000,0.000,0.000,0.000,0.000
-220.000,0.692,328.941,320.000,0.000,0.000,0.000,0.000
-219.750,0.691,328.824,320.000,0.000,0.000,0.000,0.000
-219.500,0.690,328.707,320.000,0.000,0.000,0.000,0.000
-219.250,0.689,328.591,320.000,0.000,0.000,0.000,0.000
-219.000,0.688,328.476,320.000,0.000,0.000,0.000,0.000
-218.750,0.688,328.362,320.000,0.000,0.000,0.000,0.000
-218.500,0.687,328.249,320.000,0.000,0.000,0.000,0.000
-218.250,0.686,328.137,320.000,0.000,0.000,0.000,0.000
-218.000,0.685,328.026,320.000,0.000,0.000,0.000,0.000
-217.750,0.684,327.915,320.000,0.000,0.000,0.000,0.000
-217.500,0.683,327.805,320.000,0.000,0.000,0.000,0.000
-217.250,0.682,327.697,320.000,0.000,0.000,0.000,0.000
-217.000,0.681,327.589,320.000,0.000,0.000,0.000,0.000
-216.750,0.681,327.482,320.000,0.000,0.000,0.000,0.000
-216.500,0.680,327.376,320.000,0.000,0.000,0.000,0.000
-216.250,0.679,327.270,320.000,0.000,0.000,0.000,0.000
-216.000,0.678,327.166,320.000,0.000,0.000,0.000,0.000
-215.750,0.677,327.062,320.000,0.000,0.000,0.000,0.000
-215.500,0.676,326.959,320.000,0.000,0.000,0.000,0.000
-215.250,0.676,326.857,320.000,0.000,0.000,0.000,0.000
-215.000,0.675,326.756,320.000,0.000,0.000,0.000,0.000
-214.750,0.674,326.656,320.000,0.000,0.000,0.000,0.000
-214.500,0.673,326.557,320.000,0.000,0.000,0.000,0.000
-214.250,0.672,326.458,320.000,0.000,0.000,0.000,0.000
-214.000,0.672,326.360,320.000,0.000,0.000,0.000,0.000
-213.750,0.671,326.263,320.000,0.000,0.000,0.000,0.000
-213.500,0.670,326.167,320.000,0.000,0.000,0.000,0.000
-213.250,0.669,326.072,320.000,0.000,0.000,0.000,0.000
-213.000,0.669,325.978,320.000,0.000,0.000,0.000,0.000
-212.750,0.668,325.884,320.000,0.000,0.000,0.000,0.000
-212.500,0.667,325.791,320.000,0.000,0.000,0.000,0.000
-212.250,0.667,325.699,320.000,0.000,0.000,0.000,0.000
-212.000,0.666,325.608,320.000,0.000,0.000,0.000,0.000
-211.750,0.665,325.518,320.000,0.000,0.000,0.000,0.000
-211.500,0.664,325.428,320.000,0.000,0.000,0.000,0.000
-211.250,0.664,325.339,320.000,0.000,0.000,0.000,0.000
-211.000,0.663,325.251,320.000,0.000,0.000,0.000,0.000
-210.750,0.662,325.164,320.000,0.000,0.000,0.000,0.000
-210.500,0.662,325.078,320.000,0.000,0.000,0.000,0.000
-210.250,0.661,324.992,320.000,0.000,0.000,0.000,0.000
-210.000,0.660,324.908,320.000,0.000,0.000,0.000,0.000
-209.750,0.660,324.824,320.000,0.000,0.000,0.000,0.000
-209.500,0.659,324.740,320.000,0.000,0.000,0.000,0.000
-209.250,0.658,324.658,320.000,0.000,0.000,0.000,0.000
-209.000,0.658,324.576,320.000,0.000,0.000,0.000,0.000
-208.750,0.657,324.496,320.000,0.000,0.000,0.000,0.000
-208.500,0.657,324.415,320.000,0.000,0.000,0.000,0.000
-208.250,0.656,324.336,320.000,0.000,0.000,0.000,0.000
-208.000,0.655,324.258,320.000,0.000,0.000,0.000,0.000
-207.750,0.655,324.180,320.000,0.000,0.000,0.000,0.000
-207.500,0.654,324.103,320.000,0.000,0.000,0.000,0.000
-207.250,0.654,324.027,320.000,0.000,0.000,0.000,0.000
-207.000,0.653,323.951,320.000,0.000,0.000,0.000,0.000
-206.750,0.652,323.877,320.000,0.000,0.000,0.000,0.000
-206.500,0.652,323.803,320.000,0.000,0.000,0.000,0.000
-206.250,0.651,323.730,320.000,0.000,0.000,0.000,0.000
-206.000,0.651,323.657,320.000,0.000,0.000,0.000,0.000
-205.750,0.650,323.586,320.000,0.000,0.000,0.000,0.000
-205.500,0.650,323.515,320.000,0.000,0.000,0.000,0.000
-205.250,0.649,323.445,320.000,0.000,0.000,0.000,0.000
-205.000,0.649,323.375,320.000,0.000,0.000,0.000,0.000
-204.750,0.648,323.307,320.000,0.000,0.000,0.000,0.000
-204.500,0.648,323.239,320.000,0.000,0.000,0.000,0.000
-204.250,0.647,323.172,320.000,0.000,0.000,0.000,0.000
-204.000,0.647,323.105,320.000,0.000,0.000,0.000,0.000
-203.750,0.646,323.040,320.000,0.000,0.000,0.000,0.000
-203.500,0.646,322.975,320.000,0.000,0.000,0.000,0.000
-203.250,0.645,322.911,320.000,0.000,0.000,0.000,0.000
-203.000,0.645,322.847,320.000,0.000,0.000,0.000,0.000
-202.750,0.644,322.785,320.000,0.000,0.000,0.000,0.000
-202.500,0.644,322.723,320.000,0.000,0.000,0.000,0.000
-202.250,0.643,322.661,320.000,0.000,0.000,0.000,0.000
-202.000,0.643,322.601,320.000,0.000,0.000,0.000,0.000
-201.750,0.642,322.541,320.000,0.000,0.000,0.000,0.000
-201.500,0.642,322.482,320.000,0.000,0.000,0.000,0.000
-201.250,0.641,322.424,320.000,0.000,0.000,0.000,0.000
-201.000,0.641,322.366,320.000,0.000,0.000,0.000,0.000
-200.750,0.641,322.309,320.000,0.000,0.000,0.000,0.000
-200.500,0.640,322.253,320.000,0.000,0.000,0.000,0.000
-200.250,0.640,322.198,320.000,0.000,0.000,0.000,0.000
-200.000,0.639,322.143,320.000,0.000,0.000,0.000,0.000
-199.750,0.639,322.089,320.000,0.000,0.000,0.000,0.000
-199.500,0.639,322.036,320.000,0.000,0.000,0.000,0.000
-199.250,0.638,321.983,320.000,0.000,0.000,0.000,0.000
-199.000,0.638,321.932,320.000,0.000,0.000,0.000,0.000
-198.750,0.637,321.880,320.000,0.000,0.000,0.000,0.000
-198.500,0.637,321.830,320.000,0.000,0.000,0.000,0.000
-198.250,0.637,321.780,320.000,0.000,0.000,0.000,0.000
-198.000,0.636,321.731,320.000,0.000,0.000,0.000,0.000
-197.750,0.636,321.683,320.000,0.000,0.000,0.000,0.000
-197.500,0.636,321.635,320.000,0.000,0.000,0.000,0.000
-197.250,0.635,321.589,320.000,0.000,0.000,0.000,0.000
-197.000,0.635,321.542,320.000,0.000,0.000,0.000,0.000
-196.750,0.635,321.497,320.000,0.000,0.000,0.000,0.000
-196.500,0.634,321.452,320.000,0.000,0.000,0.000,0.000
-196.250,0.634,321.408,320.000,0.000,0.000,0.000,0.000
-196.000,0.634,321.365,320.000,0.000,0.000,0.000,0.000
-195.750,0.633,321.322,320.000,0.000,0.000,0.000,0.000
-195.500,0.633,321.280,320.000,0.000,0.000,0.000,0.000
-195.250,0.633,321.239,320.000,0.000,0.000,0.000,0.000
-195.000,0.632,321.198,320.000,0.000,0.000,0.000,0.000
-194.750,0.632,321.158,320.000,0.000,0.000,0.000,0.000
-194.500,0.632,321.119,320.000,0.000,0.000,0.000,0.000
-194.250,0.631,321.080,320.000,0.000,0.000,0.000,0.000
-194.000,0.631,321.043,320.000,0.000,0.000,0.000,0.000
-193.750,0.631,321.006,320.000,0.000,0.000,0.000,0.000
-193.500,0.631,320.969,320.000,0.000,0.000,0.000,0.000
-193.250,0.630,320.933,320.000,0.000,0.000,0.000,0.000
-193.000,0.630,320.898,320.000,0.000,0.000,0.000,0.000
-192.750,0.630,320.864,320.000,0.000,0.000,0.000,0.000
-192.500,0.630,320.830,320.000,0.000,0.000,0.000,0.000
-192.250,0.629,320.797,320.000,0.000,0.000,0.000,0.000
-192.000,0.629,320.765,320.000,0.000,0.000,0.000,0.000
-191.750,0.629,320.733,320.000,0.000,0.000,0.000,0.000
-191.500,0.629,320.702,320.000,0.000,0.000,0.000,0.000
-191.250,0.628,320.672,320.000,0.000,0.000,0.000,0.000
-191.000,0.628,320.642,320.000,0.000,0.000,0.000,0.000
-190.750,0.628,320.613,320.000,0.000,0.000,0.000,0.000
-190.500,0.628,320.585,320.000,0.000,0.000,0.000,0.000
-190.250,0.628,320.557,320.000,0.000,0.000,0.000,0.000
-190.000,0.627,320.530,320.000,0.000,0.000,0.000,0.000
-189.750,0.627,320.504,320.000,0.000,0.000,0.000,0.000
-189.500,0.627,320.478,320.000,0.000,0.000,0.000,0.000
-189.250,0.627,320.453,320.000,0.000,0.000,0.000,0.000
-189.000,0.627,320.429,320.000,0.000,0.000,0.000,0.000
-188.750,0.627,320.406,320.000,0.000,0.000,0.000,0.000
-188.500,0.626,320.383,320.000,0.000,0.000,0.000,0.000
-188.250,0.626,320.360,320.000,0.000,0.000,0.000,0.000
-188.000,0.626,320.339,320.000,0.000,0.000,0.000,0.000
-187.750,0.626,320.318,320.000,0.000,0.000,0.000,0.000
-187.500,0.626,320.298,320.000,0.000,0.000,0.000,0.000
-187.250,0.626,320.278,320.000,0.000,0.000,0.000,0.000
-187.000,0.626,320.259,320.000,0.000,0.000,0.000,0.000
-186.750,0.625,320.241,320.000,0.000,0.000,0.000,0.000
-186.500,0.625,320.224,320.000,0.000,0.000,0.000,0.000
-186.250,0.625,320.207,320.000,0.000,0.000,0.000,0.000
-186.000,0.625,320.190,320.000,0.000,0.000,0.000,0.000
-185.750,0.625,320.175,320.000,0.000,0.000,0.000,0.000
-185.500,0.625,320.160,320.000,0.000,0.000,0.000,0.000
-185.250,0.625,320.146,320.000,0.000,0.000,0.000,0.000
-185.000,0.625,320.132,320.000,0.000,0.000,0.000,0.000
-184.750,0.625,320.119,320.000,0.000,0.000,0.000,0.000
-184.500,0.624,320.107,320.000,0.000,0.000,0.000,0.000
-184.250,0.624,320.095,320.000,0.000,0.000,0.000,0.000
-184.000,0.624,320.085,320.000,0.000,0.000,0.000,0.000
-183.750,0.624,320.074,320.000,0.000,0.000,0.000,0.000
-183.500,0.624,320.065,320.000,0.000,0.000,0.000,0.000
-183.250,0.624,320.056,320.000,0.000,0.000,0.000,0.000
-183.000,0.624,320.048,320.000,0.000,0.000,0.000,0.000
-182.750,0.624,320.040,320.000,0.000,0.000,0.000,0.000
-182.500,0.624,320.033,320.000,0.000,0.000,0.000,0.000
-182.250,0.624,320.027,320.000,0.000,0.000,0.000,0.000
-182.000,0.624,320.021,320.000,0.000,0.000,0.000,0.000
-181.750,0.624,320.016,320.000,0.000,0.000,0.000,0.000
-181.500,0.624,320.012,320.000,0.000,0.000,0.000,0.000
-181.250,0.624,320.008,320.000,0.000,0.000,0.000,0.000
-181.000,0.624,320.005,320.000,0.000,0.000,0.000,0.000
-180.750,0.624,320.003,320.000,0.000,0.000,0.000,0.000
-180.500,0.624,320.001,320.000,0.000,0.000,0.000,0.000
-180.250,0.624,320.000,320.000,0.000,0.000,0.000,0.000
-180.000,0.624,320.000,320.000,0.000,0.000,0.000,0.000
-179.750,0.624,320.000,320.000,0.000,0.000,0.000,0.000
-179.500,0.624,320.001,320.000,0.000,0.000,0.000,0.000
-179.250,0.624,320.003,320.000,0.000,0.000,0.000,0.000
-179.000,0.624,320.005,320.000,0.000,0.000,0.000,0.000
-178.750,0.624,320.008,320.000,0.000,0.000,0.000,0.000
-178.500,0.624,320.012,320.000,0.000,0.000,0.000,0.000
-178.250,0.624,320.016,320.000,0.000,0.000,0.000,0.000
-178.000,0.624,320.021,320.000,0.000,0.000,0.000,0.000
-177.750,0.624,320.027,320.000,0.000,0.000,0.000,0.000
-177.500,0.624,320.033,320.000,0.000,0.000,0.000,0.000
-177.250,0.624,320.040,320.000,0.000,0.000,0.000,0.000
-177.000,0.624,320.048,320.000,0.000,0.000,0.000,0.000
-176.750,0.624,320.056,320.000,0.000,0.000,0.000,0.000
-176.500,0.624,320.065,320.000,0.000,0.000,0.000,0.000
-176.250,0.625,320.074,320.000,0.000,0.000,0.000,0.000
-176.000,0.625,320.085,320.000,0.000,0.000,0.000,0.000
-175.750,0.625,320.095,320.000,0.000,0.000,0.000,0.000
-175.500,0.625,320.107,320.000,0.000,0.000,0.000,0.000
-175.250,0.625,320.119,320.000,0.000,0.000,0.000,0.000
-175.000,0.625,320.132,320.000,0.000,0.000,0.000,0.000
-174.750,0.625,320.146,320.000,0.000,0.000,0.000,0.000
-174.500,0.625,320.160,320.000,0.000,0.000,0.000,0.000
-174.250,0.625,320.175,320.000,0.000,0.000,0.000,0.000
-174.000,0.626,320.190,320.000,0.000,0.000,0.000,0.000
-173.750,0.626,320.207,320.000,0.000,0.000,0.000,0.000
-173.500,0.626,320.224,320.000,0.000,0.000,0.000,0.000
-173.250,0.626,320.241,320.000,0.000,0.000,0.000,0.000
-173.000,0.626,320.259,320.000,0.000,0.000,0.000,0.000
-172.750,0.626,320.278,320.000,0.000,0.000,0.000,0.000
-172.500,0.626,320.298,320.000,0.000,0.000,0.000,0.000
-172.250,0.627,320.318,320.000,0.000,0.000,0.000,0.000
-172.000,0.627,320.339,320.000,0.000,0.000,0.000,0.000
-171.750,0.627,320.360,320.000,0.000,0.000,0.000,0.000
-171.500,0.627,320.383,320.000,0.000,0.000,0.000,0.000
-171.250,0.627,320.406,320.000,0.000,0.000,0.000,0.000
-171.000,0.627,320.429,320.000,0.000,0.000,0.000,0.000
-170.750,0.628,320.453,320.000,0.000,0.000,0.000,0.000
-170.500,0.628,320.478,320.000,0.000,0.000,0.000,0.000
-170.250,0.628,320.504,320.000,0.000,0.000,0.000,0.000
-170.000,0.628,320.530,320.000,0.000,0.000,0.000,0.000
-169.750,0.628,320.557,320.000,0.000,0.000,0.000,0.000
-169.500,0.629,320.585,320.000,0.000,0.000,0.000,0.000
-169.250,0.629,320.613,320.000,0.000,0.000,0.000,0.000
-169.000,0.629,320.642,320.000,0.000,0.000,0.000,0.000
-168.750,0.629,320.672,320.000,0.000,0.000,0.000,0.000
-168.500,0.630,320.702,320.000,0.000,0.000,0.000,0.000
-168.250,0.630,320.733,320.000,0.000,0.000,0.000,0.000
-168.000,0.630,320.765,320.000,0.000,0.000,0.000,0.000
-167.750,0.630,320.797,320.000,0.000,0.000,0.000,0.000
-167.500,0.631,320.830,320.000,0.000,0.000,0.000,0.000
-167.250,0.631,320.864,320.000,0.000,0.000,0.000,0.000
-167.000,0.631,320.898,320.000,0.000,0.000,0.000,0.000
-166.750,0.631,320.933,320.000,0.000,0.000,0.000,0.000
-166.500,0.632,320.969,320.000,0.000,0.000,0.000,0.000
-166.250,0.632,321.006,320.000,0.000,0.000,0.000,0.000
-166.000,0.632,321.043,320.000,0.000,0.000,0.000,0.000
-165.750,0.633,321.080,320.000,0.000,0.000,0.000,0.000
-165.500,0.633,321.119,320.000,0.000,0.000,0.000,0.000
-165.250,0.633,321.158,320.000,0.000,0.000,0.000,0.000
-165.000,0.633,321.198,320.000,0.000,0.000,0.000,0.000
-164.750,0.634,321.239,320.000,0.000,0.000,0.000,0.000
-164.500,0.634,321.280,320.000,0.000,0.000,0.000,0.000
-164.250,0.634,321.322,320.000,0.000,0.000,0.000,0.000
-164.000,0.635,321.365,320.000,0.000,0.000,0.000,0.000
-163.750,0.635,321.408,320.000,0.000,0.000,0.000,0.000
-163.500,0.635,321.452,320.000,0.000,0.000,0.000,0.000
-163.250,0.636,321.497,320.000,0.000,0.000,0.000,0.000
-163.000,0.636,321.542,320.000,0.000,0.000,0.000,0.000
-162.750,0.637,321.589,320.000,0.000,0.000,0.000,0.000
-162.500,0.637,321.635,320.000,0.000,0.000,0.000,0.000
-162.250,0.637,321.683,320.000,0.000,0.000,0.000,0.000
-162.000,0.638,321.731,320.000,0.000,0.000,0.000,0.000
-161.750,0.638,321.780,320.000,0.000,0.000,0.000,0.000
-161.500,0.638,321.830,320.000,0.000,0.000,0.000,0.000
-161.250,0.639,321.880,320.000,0.000,0.000,0.000,0.000
-161.000,0.639,321.932,320.000,0.000,0.000,0.000,0.000
-160.750,0.640,321.983,320.000,0.000,0.000,0.000,0.000
-160.500,0.640,322.036,320.000,0.000,0.000,0.000,0.000
-160.250,0.640,322.089,320.000,0.000,0.000,0.000,0.000
-160.000,0.641,322.143,320.000,0.000,0.000,0.000,0.000
-159.750,0.641,322.198,320.000,0.000,0.000,0.000,0.000
-159.500,0.642,322.253,320.000,0.000,0.000,0.000,0.000
-159.250,0.642,322.309,320.000,0.000,0.000,0.000,0.000
-159.000,0.643,322.366,320.000,0.000,0.000,0.000,0.000
-158.750,0.643,322.424,320.000,0.000,0.000,0.000,0.000
-158.500,0.644,322.482,320.000,0.000,0.000,0.000,0.000
-158.250,0.644,322.541,320.000,0.000,0.000,0.000,0.000
-158.000,0.644,322.601,320.000,0.000,0.000,0.000,0.000
-157.750,0.645,322.661,320.000,0.000,0.000,0.000,0.000
-157.500,0.645,322.723,320.000,0.000,0.000,0.000,0.000
-157.250,0.646,322.785,320.000,0.000,0.000,0.000,0.000
-157.000,0.646,322.847,320.000,0.000,0.000,0.000,0.000
-156.750,0.647,322.911,320.000,0.000,0.000,0.000,0.000
-156.500,0.647,322.975,320.000,0.000,0.000,0.000,0.000
-156.250,0.648,323.040,320.000,0.000,0.000,0.000,0.000
-156.000,0.648,323.105,320.000,0.000,0.000,0.000,0.000
-155.750,0.649,323.172,320.000,0.000,0.000,0.000,0.000
-155.500,0.650,323.239,320.000,0.000,0.000,0.000,0.000
-155.250,0.650,323.307,320.000,0.000,0.000,0.000,0.000
-155.000,0.651,323.375,320.000,0.000,0.000,0.000,0.000
-154.750,0.651,323.445,320.000,0.000,0.000,0.000,0.000
-154.500,0.652,323.515,320.000,0.000,0.000,0.000,0.000
-154.250,0.652,323.586,320.000,0.000,0.000,0.000,0.000
-154.000,0.653,323.657,320.000,0.000,0.000,0.000,0.000
-153.750,0.653,323.730,320.000,0.000,0.000,0.000,0.000
-153.500,0.654,323.803,320.000,0.000,0.000,0.000,0.000
-153.250,0.655,323.877,320.000,0.000,0.000,0.000,0.000
-153.000,0.655,323.951,320.000,0.000,0.000,0.000,0.000
-152.750,0.656,324.027,320.000,0.000,0.000,0.000,0.000
-152.500,0.656,324.103,320.000,0.000,0.000,0.000,0.000
-152.250,0.657,324.180,320.000,0.000,0.000,0.000,0.000
-152.000,0.658,324.258,320.000,0.000,0.000,0.000,0.000
-151.750,0.658,324.336,320.000,0.000,0.000,0.000,0.000
-151.500,0.659,324.415,320.000,0.000,0.000,0.000,0.000
-151.250,0.659,324.496,320.000,0.000,0.000,0.000,0.000
-151.000,0.660,324.576,320.000,0.000,0.000,0.000,0.000
-150.750,0.661,324.658,320.000,0.000,0.000,0.000,0.000
-150.500,0.661,324.740,320.000,0.000,0.000,0.000,0.000
-150.250,0.662,324.824,320.000,0.000,0.000,0.000,0.000
-150.000,0.663,324.908,320.000,0.000,0.000,0.000,0.000
-149.750,0.663,324.992,320.000,0.000,0.000,0.000,0.000
-149.500,0.664,325.078,320.000,0.000,0.000,0.000,0.000
-149.250,0.665,325.164,320.000,0.000,0.000,0.000,0.000
-149.000,0.665,325.251,320.000,0.000,0.000,0.000,0.000
-148.750,0.666,325.339,320.000,0.000,0.000,0.000,0.000
-148.500,0.667,325.428,320.000,0.000,0.000,0.000,0.000
-148.250,0.668,325.518,320.000,0.000,0.000,0.000,0.000
-148.000,0.668,325.608,320.000,0.000,0.000,0.000,0.000
-147.750,0.669,325.699,320.000,0.000,0.000,0.000,0.000
-147.500,0.670,325.791,320.000,0.000,0.000,0.000,0.000
-147.250,0.671,325.884,320.000,0.000,0.000,0.000,0.000
-147.000,0.671,325.978,320.000,0.000,0.000,0.000,0.000
-146.750,0.672,326.072,320.000,0.000,0.000,0.000,0.000
-146.500,0.673,326.167,320.000,0.000,0.000,0.000,0.000
-146.250,0.674,326.263,320.000,0.000,0.000,0.000,0.000
-146.000,0.674,326.360,320.000,0.000,0.000,0.000,0.000
-145.750,0.675,326.458,320.000,0.000,0.000,0.000,0.000
-145.500,0.676,326.557,320.000,0.000,0.000,0.000,0.000
-145.250,0.677,326.656,320.000,0.000,0.000,0.000,0.000
-145.000,0.678,326.756,320.000,0.000,0.000,0.000,0.000
-144.750,0.678,326.857,320.000,0.000,0.000,0.000,0.000
-144.500,0.679,326.959,320.000,0.000,0.000,0.000,0.000
-144.250,0.680,327.062,320.000,0.000,0.000,0.000,0.000
-144.000,0.681,327.166,320.000,0.000,0.000,0.000,0.000
-143.750,0.682,327.270,320.000,0.000,0.000,0.000,0.000
-143.500,0.683,327.376,320.000,0.000,0.000,0.000,0.000
-143.250,0.683,327.482,320.000,0.000,0.000,0.000,0.000
-143.000,0.684,327.589,320.000,0.000,0.000,0.000,0.000
-142.750,0.685,327.697,320.000,0.000,0.000,0.000,0.000
-142.500,0.686,327.805,320.000,0.000,0.000,0.000,0.000
-142.250,0.687,327.915,320.000,0.000,0.000,0.000,0.000
-142.000,0.688,328.026,320.000,0.000,0.000,0.000,0.000
-141.750,0.689,328.137,320.000,0.000,0.000,0.000,0.000
-141.500,0.690,328.249,320.000,0.000,0.000,0.000,0.000
-141.250,0.691,328.362,320.000,0.000,0.000,0.000,0.000
-141.000,0.692,328.476,320.000,0.000,0.000,0.000,0.000
-140.750,0.693,328.591,320.000,0.000,0.000,0.000,0.000
-140.500,0.693,328.707,320.000,0.000,0.000,0.000,0.000
-140.250,0.694,328.824,320.000,0.000,0.000,0.000,0.000
-140.000,0.695,328.941,320.000,0.000,0.000,0.000,0.000
-139.750,0.696,329.060,320.000,0.000,0.000,0.000,0.000
-139.500,0.697,329.179,320.000,0.000,0.000,0.000,0.000
-139.250,0.698,329.299,320.000,0.000,0.000,0.000,0.000
-139.000,0.699,329.421,320.000,0.000,0.000,0.000,0.000
-138.750,0.700,329.543,320.000,0.000,0.000,0.000,0.000
-138.500,0.701,329.666,320.000,0.000,0.000,0.000,0.000
-138.250,0.702,329.790,320.000,0.000,0.000,0.000,0.000
-138.000,0.703,329.914,320.000,0.000,0.000,0.000,0.000
-137.750,0.704,330.040,320.000,0.000,0.000,0.000,0.000
-137.500,0.706,330.167,320.000,0.000,0.000,0.000,0.000
-137.250,0.707,330.295,320.000,0.000,0.000,0.000,0.000
-137.000,0.708,330.423,320.000,0.000,0.000,0.000,0.000
-136.750,0.709,330.553,320.000,0.000,0.000,0.000,0.000
-136.500,0.710,330.683,320.000,0.000,0.000,0.000,0.000
-136.250,0.711,330.814,320.000,0.000,0.000,0.000,0.000
-136.000,0.712,330.947,320.000,0.000,0.000,0.000,0.000
-135.750,0.713,331.080,320.000,0.000,0.000,0.000,0.000
-135.500,0.714,331.214,320.000,0.000,0.000,0.000,0.000
-135.250,0.715,331.349,320.000,0.000,0.000,0.000,0.000
-135.000,0.717,331.486,320.000,0.000,0.000,0.000,0.000
-134.750,0.718,331.623,320.000,0.000,0.000,0.000,0.000
-134.500,0.719,331.761,320.000,0.000,0.000,0.000,0.000
-134.250,0.720,331.900,320.000,0.000,0.000,0.000,0.000
-134.000,0.721,332.040,320.000,0.000,0.000,0.000,0.000
-133.750,0.722,332.181,320.000,0.000,0.000,0.000,0.000
-133.500,0.724,332.323,320.000,0.000,0.000,0.000,0.000
-133.250,0.725,332.466,320.000,0.000,0.000,0.000,0.000
-133.000,0.726,332.610,320.000,0.000,0.000,0.000,0.000
-132.750,0.727,332.755,320.000,0.000,0.000,0.000,0.000
-132.500,0.728,332.901,320.000,0.000,0.000,0.000,0.000
-132.250,0.730,333.048,320.000,0.000,0.000,0.000,0.000
-132.000,0.731,333.196,320.000,0.000,0.000,0.000,0.000
-131.750,0.732,333.345,320.000,0.000,0.000,0.000,0.000
-131.500,0.734,333.495,320.000,0.000,0.000,0.000,0.000
-131.250,0.735,333.646,320.000,0.000,0.000,0.000,0.000
-131.000,0.736,333.798,320.000,0.000,0.000,0.000,0.000
-130.750,0.737,333.951,320.000,0.000,0.000,0.000,0.000
-130.500,0.739,334.105,320.000,0.000,0.000,0.000,0.000
-130.250,0.740,334.261,320.000,0.000,0.000,0.000,0.000
-130.000,0.741,334.417,320.000,0.000,0.000,0.000,0.000
-129.750,0.743,334.574,320.000,0.000,0.000,0.000,0.000
-129.500,0.744,334.732,320.000,0.000,0.000,0.000,0.000
-129.250,0.745,334.892,320.000,0.000,0.000,0.000,0.000
-129.000,0.747,335.052,320.000,0.000,0.000,0.000,0.000
-128.750,0.748,335.214,320.000,0.000,0.000,0.000,0.000
-128.500,0.750,335.376,320.000,0.000,0.000,0.000,0.000
-128.250,0.751,335.540,320.000,0.000,0.000,0.000,0.000
-128.000,0.753,335.704,320.000,0.000,0.000,0.000,0.000
-127.750,0.754,335.870,320.000,0.000,0.000,0.000,0.000
-127.500,0.755,336.037,320.000,0.000,0.000,0.000,0.000
-127.250,0.757,336.205,320.000,0.000,0.000,0.000,0.000
-127.000,0.758,336.374,320.000,0.000,0.000,0.000,0.000
-126.750,0.760,336.544,320.000,0.000,0.000,0.000,0.000
-126.500,0.761,336.715,320.000,0.000,0.000,0.000,0.000
-126.250,0.763,336.888,320.000,0.000,0.000,0.000,0.000
-126.000,0.764,337.061,320.000,0.000,0.000,0.000,0.000
-125.750,0.766,337.236,320.000,0.000,0.000,0.000,0.000
-125.500,0.767,337.411,320.000,0.000,0.000,0.000,0.000
-125.250,0.769,337.588,320.000,0.000,0.000,0.000,0.000
-125.000,0.771,337.766,320.000,0.000,0.000,0.000,0.000
-124.750,0.772,337.945,320.000,0.000,0.000,0.000,0.000
-124.500,0.774,338.125,320.000,0.000,0.000,0.000,0.000
-124.250,0.775,338.307,320.000,0.000,0.000,0.000,0.000
-124.000,0.777,338.489,320.000,0.000,0.000,0.000,0.000
-123.750,0.779,338.673,320.000,0.000,0.000,0.000,0.000
-123.500,0.780,338.858,320.000,0.000,0.000,0.000,0.000
-123.250,0.782,339.044,320.000,0.000,0.000,0.000,0.000
-123.000,0.784,339.231,320.000,0.000,0.000,0.000,0.000
-122.750,0.785,339.419,320.000,0.000,0.000,0.000,0.000
-122.500,0.787,339.608,320.000,0.000,0.000,0.000,0.000
-122.250,0.789,339.799,320.000,0.000,0.000,0.000,0.000
-122.000,0.790,339.991,320.000,0.000,0.000,0.000,0.000
-121.750,0.792,340.184,320.000,0.000,0.000,0.000,0.000
-121.500,0.794,340.378,320.000,0.000,0.000,0.000,0.000
-121.250,0.796,340.574,320.000,0.000,0.000,0.000,0.000
-121.000,0.797,340.770,320.000,0.000,0.000,0.000,0.000
-120.750,0.799,340.968,320.000,0.000,0.000,0.000,0.000
-120.500,0.801,341.167,320.000,0.000,0.000,0.000,0.000
-120.250,0.803,341.368,320.000,0.000,0.000,0.000,0.000
-120.000,0.805,341.569,320.000,0.000,0.000,0.000,0.000
-119.750,0.807,341.772,320.000,0.000,0.000,0.000,0.000
-119.500,0.808,341.976,320.000,0.000,0.000,0.000,0.000
-119.250,0.810,342.181,320.000,0.000,0.000,0.000,0.000
-119.000,0.812,342.388,320.000,0.000,0.000,0.000,0.000
-118.750,0.814,342.596,320.000,0.000,0.000,0.000,0.000
-118.500,0.816,342.805,320.000,0.000,0.000,0.000,0.000
-118.250,0.818,343.015,320.000,0.000,0.000,0.000,0.000
-118.000,0.820,343.227,320.000,0.000,0.000,0.000,0.000
-117.750,0.822,343.440,320.000,0.000,0.000,0.000,0.000
-117.500,0.824,343.654,320.000,0.000,0.000,0.000,0.000
-117.250,0.826,343.869,320.000,0.000,0.000,0.000,0.000
-117.000,0.828,344.086,320.000,0.000,0.000,0.000,0.000
-116.750,0.830,344.304,320.000,0.000,0.000,0.000,0.000
-116.500,0.832,344.524,320.000,0.000,0.000,0.000,0.000
-116.250,0.834,344.744,320.000,0.000,0.000,0.000,0.000
-116.000,0.836,344.966,320.000,0.000,0.000,0.000,0.000
-115.750,0.838,345.190,320.000,0.000,0.000,0.000,0.000
-115.500,0.840,345.414,320.000,0.000,0.000,0.000,0.000
-115.250,0.842,345.640,320.000,0.000,0.000,0.000,0.000
-115.000,0.844,345.868,320.000,0.000,0.000,0.000,0.000
-114.750,0.847,346.096,320.000,0.000,0.000,0.000,0.000
-114.500,0.849,346.327,320.000,0.000,0.000,0.000,0.000
-114.250,0.851,346.558,320.000,0.000,0.000,0.000,0.000
-114.000,0.853,346.791,320.000,0.000,0.000,0.000,0.000
-113.750,0.855,347.025,320.000,0.000,0.000,0.000,0.000
-113.500,0.858,347.261,320.000,0.000,0.000,0.000,0.000
-113.250,0.860,347.498,320.000,0.000,0.000,0.000,0.000
-113.000,0.862,347.736,320.000,0.000,0.000,0.000,0.000
-112.750,0.865,347.976,320.000,0.000,0.000,0.000,0.000
-112.500,0.867,348.217,320.000,0.000,0.000,0.000,0.000
-112.250,0.869,348.459,320.000,0.000,0.000,0.000,0.000
-112.000,0.872,348.703,320.000,0.000,0.000,0.000,0.000
-111.750,0.874,348.949,320.000,0.000,0.000,0.000,0.000
-111.500,0.876,349.196,320.000,0.000,0.000,0.000,0.000
-111.250,0.879,349.444,320.000,0.000,0.000,0.000,0.000
-111.000,0.881,349.694,320.000,0.000,0.000,0.000,0.000
-110.750,0.884,349.945,320.000,0.000,0.000,0.000,0.000
-110.500,0.886,350.198,320.000,0.000,0.000,0.000,0.000
-110.250,0.889,350.452,320.000,0.000,0.000,0.000,0.000
-110.000,0.891,350.707,320.000,0.000,0.000,0.000,0.000
-109.750,0.894,350.965,320.000,0.000,0.000,0.000,0.000
-109.500,0.896,351.223,320.000,0.000,0.000,0.000,0.000
-109.250,0.899,351.483,320.000,0.000,0.000,0.000,0.000
-109.000,0.901,351.745,320.000,0.000,0.000,0.000,0.000
-108.750,0.904,352.008,320.000,0.000,0.000,0.000,0.000
-108.500,0.906,352.273,320.000,0.000,0.000,0.000,0.000
-108.250,0.909,352.539,320.000,0.000,0.000,0.000,0.000
-108.000,0.912,352.806,320.000,0.000,0.000,0.000,0.000
-107.750,0.914,353.076,320.000,0.000,0.000,0.000,0.000
-107.500,0.917,353.346,320.000,0.000,0.000,0.000,0.000
-107.250,0.920,353.619,320.000,0.000,0.000,0.000,0.000
-107.000,0.923,353.893,320.000,0.000,0.000,0.000,0.000
-106.750,0.925,354.168,320.000,0.000,0.000,0.000,0.000
-106.500,0.928,354.445,320.000,0.000,0.000,0.000,0.000
-106.250,0.931,354.724,320.000,0.000,0.000,0.000,0.000
-106.000,0.934,355.004,320.000,0.000,0.000,0.000,0.000
-105.750,0.937,355.286,320.000,0.000,0.000,0.000,0.000
-105.500,0.940,355.569,320.000,0.000,0.000,0.000,0.000
-105.250,0.942,355.854,320.000,0.000,0.000,0.000,0.000
-105.000,0.945,356.141,320.000,0.000,0.000,0.000,0.000
-104.750,0.948,356.429,320.000,0.000,0.000,0.000,0.000
-104.500,0.951,356.719,320.000,0.000,0.000,0.000,0.000
-104.250,0.954,357.010,320.000,0.000,0.000,0.000,0.000
-104.000,0.957,357.304,320.000,0.000,0.000,0.000,0.000
-103.750,0.960,357.598,320.000,0.000,0.000,0.000,0.000
-103.500,0.963,357.895,320.000,0.000,0.000,0.000,0.000
-103.250,0.967,358.193,320.000,0.000,0.000,0.000,0.000
-103.000,0.970,358.493,320.000,0.000,0.000,0.000,0.000
-102.750,0.973,358.795,320.000,0.000,0.000,0.000,0.000
-102.500,0.976,359.098,320.000,0.000,0.000,0.000,0.000
-102.250,0.979,359.403,320.000,0.000,0.000,0.000,0.000
-102.000,0.982,359.710,320.000,0.000,0.000,0.000,0.000
-101.750,0.986,360.018,320.000,0.000,0.000,0.000,0.000
-101.500,0.989,360.328,320.000,0.000,0.000,0.000,0.000
-101.250,0.992,360.640,320.000,0.000,0.000,0.000,0.000
-101.000,0.996,360.954,320.000,0.000,0.000,0.000,0.000
-100.750,0.999,361.269,320.000,0.000,0.000,0.000,0.000
-100.500,1.002,361.586,320.000,0.000,0.000,0.000,0.000
-100.250,1.006,361.905,320.000,0.000,0.000,0.000,0.000
-100.000,1.009,362.226,320.000,0.000,0.000,0.000,0.000
-99.750,1.013,362.548,320.000,0.000,0.000,0.000,0.000
-99.500,1.016,362.873,320.000,0.000,0.000,0.000,0.000
-99.250,1.020,363.199,320.000,0.000,0.000,0.000,0.000
-99.000,1.023,363.527,320.000,0.000,0.000,0.000,0.000
-98.750,1.027,363.857,320.000,0.000,0.000,0.000,0.000
-98.500,1.030,364.188,320.000,0.000,0.000,0.000,0.000
-98.250,1.034,364.522,320.000,0.000,0.000,0.000,0.000
-98.000,1.038,364.857,320.000,0.000,0.000,0.000,0.000
-97.750,1.041,365.194,320.000,0.000,0.000,0.000,0.000
-97.500,1.045,365.533,320.000,0.000,0.000,0.000,0.000
-97.250,1.049,365.874,320.000,0.000,0.000,0.000,0.000
-97.000,1.053,366.217,320.000,0.000,0.000,0.000,0.000
-96.750,1.056,366.562,320.000,0.000,0.000,0.000,0.000
-96.500,1.060,366.909,320.000,0.000,0.000,0.000,0.000
-96.250,1.064,367.257,320.000,0.000,0.000,0.000,0.000
-96.000,1.068,367.608,320.000,0.000,0.000,0.000,0.000
-95.750,1.072,367.960,320.000,0.000,0.000,0.000,0.000
-95.500,1.076,368.314,320.000,0.000,0.000,0.000,0.000
-95.250,1.080,368.671,320.000,0.000,0.000,0.000,0.000
-95.000,1.084,369.029,320.000,0.000,0.000,0.000,0.000
-94.750,1.088,369.389,320.000,0.000,0.000,0.000,0.000
-94.500,1.092,369.752,320.000,0.000,0.000,0.000,0.000
-94.250,1.096,370.116,320.000,0.000,0.000,0.000,0.000
-94.000,1.101,370.482,320.000,0.000,0.000,0.000,0.000
-93.750,1.105,370.850,320.000,0.000,0.000,0.000,0.000
-93.500,1.109,371.221,320.000,0.000,0.000,0.000,0.000
-93.250,1.113,371.593,320.000,0.000,0.000,0.000,0.000
-93.000,1.118,371.967,320.000,0.000,0.000,0.000,0.000
-92.750,1.122,372.344,320.000,0.000,0.000,0.000,0.000
-92.500,1.126,372.722,320.000,0.000,0.000,0.000,0.000
-92.250,1.131,373.103,320.000,0.000,0.000,0.000,0.000
-92.000,1.135,373.486,320.000,0.000,0.000,0.000,0.000
-91.750,1.140,373.870,320.000,0.000,0.000,0.000,0.000
-91.500,1.144,374.257,320.000,0.000,0.000,0.000,0.000
-91.250,1.149,374.646,320.000,0.000,0.000,0.000,0.000
-91.000,1.154,375.037,320.000,0.000,0.000,0.000,0.000
-90.750,1.158,375.431,320.000,0.000,0.000,0.000,0.000
-90.500,1.163,375.826,320.000,0.000,0.000,0.000,0.000
-90.250,1.168,376.223,320.000,0.000,0.000,0.000,0.000
-90.000,1.172,376.623,320.000,0.000,0.000,0.000,0.000
-89.750,1.177,377.025,320.000,0.000,0.000,0.000,0.000
-89.500,1.182,377.429,320.000,0.000,0.000,0.000,0.000
-89.250,1.187,377.835,320.000,0.000,0.000,0.000,0.000
-89.000,1.192,378.244,320.000,0.000,0.000,0.000,0.000
-88.750,1.197,378.655,320.000,0.000,0.000,0.000,0.000
-88.500,1.202,379.068,320.000,0.000,0.000,0.000,0.000
-88.250,1.207,379.483,320.000,0.000,0.000,0.000,0.000
-88.000,1.212,379.900,320.000,0.000,0.000,0.000,0.000
-87.750,1.217,380.320,320.000,0.000,0.000,0.000,0.000
-87.500,1.223,380.742,320.000,0.000,0.000,0.000,0.000
-87.250,1.228,381.166,320.000,0.000,0.000,0.000,0.000
-87.000,1.233,381.593,320.000,0.000,0.000,0.000,0.000
-86.750,1.238,382.022,320.000,0.000,0.000,0.000,0.000
-86.500,1.244,382.453,320.000,0.000,0.000,0.000,0.000
-86.250,1.249,382.887,320.000,0.000,0.000,0.000,0.000
-86.000,1.255,383.323,320.000,0.000,0.000,0.000,0.000
-85.750,1.260,383.761,320.000,0.000,0.000,0.000,0.000
-85.500,1.266,384.201,320.000,0.000,0.000,0.000,0.000
-85.250,1.271,384.644,320.000,0.000,0.000,0.000,0.000
-85.000,1.277,385.090,320.000,0.000,0.000,0.000,0.000
-84.750,1.283,385.538,320.000,0.000,0.000,0.000,0.000
-84.500,1.289,385.988,320.000,0.000,0.000,0.000,0.000
-84.250,1.294,386.441,320.000,0.000,0.000,0.000,0.000
-84.000,1.300,386.896,320.000,0.000,0.000,0.000,0.000
-83.750,1.306,387.353,320.000,0.000,0.000,0.000,0.000
-83.500,1.312,387.813,320.000,0.000,0.000,0.000,0.000
-83.250,1.318,388.276,320.000,0.000,0.000,0.000,0.000
-83.000,1.324,388.741,320.000,0.000,0.000,0.000,0.000
-82.750,1.330,389.208,320.000,0.000,0.000,0.000,0.000
-82.500,1.337,389.678,320.000,0.000,0.000,0.000,0.000
-82.250,1.343,390.151,320.000,0.000,0.000,0.000,0.000
-82.000,1.349,390.626,320.000,0.000,0.000,0.000,0.000
-81.750,1.355,391.103,320.000,0.000,0.000,0.000,0.000
-81.500,1.362,391.583,320.000,0.000,0.000,0.000,0.000
-81.250,1.368,392.066,320.000,0.000,0.000,0.000,0.000
-81.000,1.375,392.551,320.000,0.000,0.000,0.000,0.000
-80.750,1.381,393.039,320.000,0.000,0.000,0.000,0.000
-80.500,1.388,393.530,320.000,0.000,0.000,0.000,0.000
-80.250,1.395,394.023,320.000,0.000,0.000,0.000,0.000
-80.000,1.401,394.519,320.000,0.000,0.000,0.000,0.000
-79.750,1.408,395.017,320.000,0.000,0.000,0.000,0.000
-79.500,1.415,395.518,320.000,0.000,0.000,0.000,0.000
-79.250,1.422,396.022,320.000,0.000,0.000,0.000,0.000
-79.000,1.429,396.529,320.000,0.000,0.000,0.000,0.000
-78.750,1.436,397.038,320.000,0.000,0.000,0.000,0.000
-78.500,1.443,397.550,320.000,0.000,0.000,0.000,0.000
-78.250,1.450,398.064,320.000,0.000,0.000,0.000,0.000
-78.000,1.458,398.582,320.000,0.000,0.000,0.000,0.000
-77.750,1.465,399.102,320.000,0.000,0.000,0.000,0.000
-77.500,1.472,399.625,320.000,0.000,0.000,0.000,0.000
-77.250,1.480,400.150,320.000,0.000,0.000,0.000,0.000
-77.000,1.487,400.679,320.000,0.000,0.000,0.000,0.000
-76.750,1.495,401.210,320.000,0.000,0.000,0.000,0.000
-76.500,1.503,401.744,320.000,0.000,0.000,0.000,0.000
-76.250,1.510,402.281,320.000,0.000,0.000,0.000,0.000
-76.000,1.518,402.821,320.000,0.000,0.000,0.000,0.000
-75.750,1.526,403.364,320.000,0.000,0.000,0.000,0.000
-75.500,1.534,403.909,320.000,0.000,0.000,0.000,0.000
-75.250,1.542,404.458,320.000,0.000,0.000,0.000,0.000
-75.000,1.550,405.009,320.000,0.000,0.000,0.000,0.000
-74.750,1.558,405.563,320.000,0.000,0.000,0.000,0.000
-74.500,1.566,406.120,320.000,0.000,0.000,0.000,0.000
-74.250,1.575,406.680,320.000,0.000,0.000,0.000,0.000
-74.000,1.583,407.243,320.000,0.000,0.000,0.000,0.000
-73.750,1.592,407.809,320.000,0.000,0.000,0.000,0.000
-73.500,1.600,408.378,320.000,0.000,0.000,0.000,0.000
-73.250,1.609,408.950,320.000,0.000,0.000,0.000,0.000
-73.000,1.617,409.525,320.000,0.000,0.000,0.000,0.000
-72.750,1.626,410.104,320.000,0.000,0.000,0.000,0.000
-72.500,1.635,410.685,320.000,0.000,0.000,0.000,0.000
-72.250,1.644,411.269,320.000,0.000,0.000,0.000,0.000
-72.000,1.653,411.856,320.000,0.000,0.000,0.000,0.000
-71.750,1.662,412.446,320.000,0.000,0.000,0.000,0.000
-71.500,1.671,413.040,320.000,0.000,0.000,0.000,0.000
-71.250,1.681,413.636,320.000,0.000,0.000,0.000,0.000
-71.000,1.690,414.236,320.000,0.000,0.000,0.000,0.000
-70.750,1.699,414.839,320.000,0.000,0.000,0.000,0.000
-70.500,1.709,415.445,320.000,0.000,0.000,0.000,0.000
-70.250,1.719,416.054,320.000,0.000,0.000,0.000,0.000
-70.000,1.728,416.666,320.000,0.000,0.000,0.000,0.000
-69.750,1.738,417.282,320.000,0.000,0.000,0.000,0.000
-69.500,1.748,417.900,320.000,0.000,0.000,0.000,0.000
-69.250,1.758,418.522,320.000,0.000,0.000,0.000,0.000
-69.000,1.768,419.148,320.000,0.000,0.000,0.000,0.000
-68.750,1.778,419.776,320.000,0.000,0.000,0.000,0.000
-68.500,1.789,420.408,320.000,0.000,0.000,0.000,0.000
-68.250,1.799,421.043,320.000,0.000,0.000,0.000,0.000
-68.000,1.809,421.681,320.000,0.000,0.000,0.000,0.000
-67.750,1.820,422.323,320.000,0.000,0.000,0.000,0.000
-67.500,1.831,422.968,320.000,0.000,0.000,0.000,0.000
-67.250,1.842,423.616,320.000,0.000,0.000,0.000,0.000
-67.000,1.852,424.268,320.000,0.000,0.000,0.000,0.000
-66.750,1.863,424.923,320.000,0.000,0.000,0.000,0.000
-66.500,1.875,425.581,320.000,0.000,0.000,0.000,0.000
-66.250,1.886,426.243,320.000,0.000,0.000,0.000,0.000
-66.000,1.897,426.908,320.000,0.000,0.000,0.000,0.000
-65.750,1.908,427.577,320.000,0.000,0.000,0.000,0.000
-65.500,1.920,428.249,320.000,0.000,0.000,0.000,0.000
-65.250,1.932,428.924,320.000,0.000,0.000,0.000,0.000
-65.000,1.943,429.603,320.000,0.000,0.000,0.000,0.000
-64.750,1.955,430.286,320.000,0.000,0.000,0.000,0.000
-64.500,1.967,430.972,320.000,0.000,0.000,0.000,0.000
-64.250,1.979,431.661,320.000,0.000,0.000,0.000,0.000
-64.000,1.992,432.354,320.000,0.000,0.000,0.000,0.000
-63.750,2.004,433.051,320.000,0.000,0.000,0.000,0.000
-63.500,2.016,433.751,320.000,0.000,0.000,0.000,0.000
-63.250,2.029,434.455,320.000,0.000,0.000,0.000,0.000
-63.000,2.042,435.162,320.000,0.000,0.000,0.000,0.000
-62.750,2.054,435.873,320.000,0.000,0.000,0.000,0.000
-62.500,2.067,436.588,320.000,0.000,0.000,0.000,0.000
-62.250,2.080,437.306,320.000,0.000,0.000,0.000,0.000
-62.000,2.094,438.028,320.000,0.000,0.000,0.000,0.000
-61.750,2.107,438.753,320.000,0.000,0.000,0.000,0.000
-61.500,2.120,439.482,320.000,0.000,0.000,0.000,0.000
-61.250,2.134,440.215,320.000,0.000,0.000,0.000,0.000
-61.000,2.148,440.952,320.000,0.000,0.000,0.000,0.000
-60.750,2.161,441.692,320.000,0.000,0.000,0.000,0.000
-60.500,2.175,442.436,320.000,0.000,0.000,0.000,0.000
-60.250,2.190,443.184,320.000,0.000,0.000,0.000,0.000
-60.000,2.204,443.935,320.000,0.000,0.000,0.000,0.000
-59.750,2.218,444.690,320.000,0.000,0.000,0.000,0.000
-59.500,2.233,445.449,320.000,0.000,0.000,0.000,0.000
-59.250,2.247,446.212,320.000,0.000,0.000,0.000,0.000
-59.000,2.262,446.978,320.000,0.000,0.000,0.000,0.000
-58.750,2.277,447.749,320.000,0.000,0.000,0.000,0.000
-58.500,2.292,448.523,320.000,0.000,0.000,0.000,0.000
-58.250,2.308,449.301,320.000,0.000,0.000,0.000,0.000
-58.000,2.323,450.083,320.000,0.000,0.000,0.000,0.000
-57.750,2.339,450.869,320.000,0.000,0.000,0.000,0.000
-57.500,2.354,451.658,320.000,0.000,0.000,0.000,0.000
-57.250,2.370,452.452,320.000,0.000,0.000,0.000,0.000
-57.000,2.386,453.249,320.000,0.000,0.000,0.000,0.000
-56.750,2.402,454.051,320.000,0.000,0.000,0.000,0.000
-56.500,2.419,454.856,320.000,0.000,0.000,0.000,0.000
-56.250,2.435,455.665,320.000,0.000,0.000,0.000,0.000
-56.000,2.452,456.478,320.000,0.000,0.000,0.000,0.000
-55.750,2.469,457.295,320.000,0.000,0.000,0.000,0.000
-55.500,2.486,458.116,320.000,0.000,0.000,0.000,0.000
-55.250,2.503,458.941,320.000,0.000,0.000,0.000,0.000
-55.000,2.520,459.770,320.000,0.000,0.000,0.000,0.000
-54.750,2.538,460.603,320.000,0.000,0.000,0.000,0.000
-54.500,2.556,461.440,320.000,0.000,0.000,0.000,0.000
-54.250,2.574,462.281,320.000,0.000,0.000,0.000,0.000
-54.000,2.592,463.126,320.000,0.000,0.000,0.000,0.000
-53.750,2.610,463.975,320.000,0.000,0.000,0.000,0.000
-53.500,2.628,464.828,320.000,0.000,0.000,0.000,0.000
-53.250,2.647,465.685,320.000,0.000,0.000,0.000,0.000
-53.000,2.666,466.547,320.000,0.000,0.000,0.000,0.000
-52.750,2.685,467.412,320.000,0.000,0.000,0.000,0.000
-52.500,2.704,468.281,320.000,0.000,0.000,0.000,0.000
-52.250,2.723,469.154,320.000,0.000,0.000,0.000,0.000
-52.000,2.743,470.032,320.000,0.000,0.000,0.000,0.000
-51.750,2.762,470.914,320.000,0.000,0.000,0.000,0.000
-51.500,2.782,471.799,320.000,0.000,0.000,0.000,0.000
-51.250,2.802,472.689,320.000,0.000,0.000,0.000,0.000
-51.000,2.823,473.583,320.000,0.000,0.000,0.000,0.000
-50.750,2.843,474.481,320.000,0.000,0.000,0.000,0.000
-50.500,2.864,475.383,320.000,0.000,0.000,0.000,0.000
-50.250,2.885,476.289,320.000,0.000,0.000,0.000,0.000
-50.000,2.906,477.199,320.000,0.000,0.000,0.000,0.000
-49.750,2.928,478.114,320.000,0.000,0.000,0.000,0.000
-49.500,2.949,479.033,320.000,0.000,0.000,0.000,0.000
-49.250,2.971,479.955,320.000,0.000,0.000,0.000,0.000
-49.000,2.993,480.882,320.000,0.000,0.000,0.000,0.000
-48.750,3.015,481.813,320.000,0.000,0.000,0.000,0.000
-48.500,3.038,482.748,320.000,0.000,0.000,0.000,0.000
-48.250,3.060,483.687,320.000,0.000,0.000,0.000,0.000
-48.000,3.083,484.631,320.000,0.000,0.000,0.000,0.000
-47.750,3.106,485.578,320.000,0.000,0.000,0.000,0.000
-47.500,3.130,486.530,320.000,0.000,0.000,0.000,0.000
-47.250,3.153,487.486,320.000,0.000,0.000,0.000,0.000
-47.000,3.177,488.446,320.000,0.000,0.000,0.000,0.000
-46.750,3.201,489.410,320.000,0.000,0.000,0.000,0.000
-46.500,3.225,490.378,320.000,0.000,0.000,0.000,0.000
-46.250,3.250,491.350,320.000,0.000,0.000,0.000,0.000
-46.000,3.275,492.327,320.000,0.000,0.000,0.000,0.000
-45.750,3.300,493.307,320.000,0.000,0.000,0.000,0.000
-45.500,3.325,494.292,320.000,0.000,0.000,0.000,0.000
-45.250,3.350,495.280,320.000,0.000,0.000,0.000,0.000
-45.000,3.376,496.273,320.000,0.000,0.000,0.000,0.000
-44.750,3.402,497.270,320.000,0.000,0.000,0.000,0.000
-44.500,3.428,498.271,320.000,0.000,0.000,0.000,0.000
-44.250,3.455,499.276,320.000,0.000,0.000,0.000,0.000
-44.000,3.482,500.285,320.000,0.000,0.000,0.000,0.000
-43.750,3.509,501.298,320.000,0.000,0.000,0.000,0.000
-43.500,3.536,502.315,320.000,0.000,0.000,0.000,0.000
-43.250,3.564,503.336,320.000,0.000,0.000,0.000,0.000
-43.000,3.591,504.361,320.000,0.000,0.000,0.000,0.000
-42.750,3.619,505.390,320.000,0.000,0.000,0.000,0.000
-42.500,3.648,506.423,320.000,0.000,0.000,0.000,0.000
-42.250,3.676,507.460,320.000,0.000,0.000,0.000,0.000
-42.000,3.705,508.501,320.000,0.000,0.000,0.000,0.000
-41.750,3.734,509.546,320.000,0.000,0.000,0.000,0.000
-41.500,3.764,510.594,320.000,0.000,0.000,0.000,0.000
-41.250,3.794,511.647,320.000,0.000,0.000,0.000,0.000
-41.000,3.824,512.703,320.000,0.000,0.000,0.000,0.000
-40.750,3.854,513.763,320.000,0.000,0.000,0.000,0.000
-40.500,3.885,514.827,320.000,0.000,0.000,0.000,0.000
-40.250,3.915,515.895,320.000,0.000,0.000,0.000,0.000
-40.000,3.947,516.966,320.000,0.000,0.000,0.000,0.000
-39.750,3.978,518.041,320.000,0.000,0.000,0.000,0.000
-39.500,4.010,519.120,320.000,0.000,0.000,0.000,0.000
-39.250,4.042,520.202,320.000,0.000,0.000,0.000,0.000
-39.000,4.074,521.288,320.000,0.000,0.000,0.000,0.000
-38.750,4.107,522.378,320.000,0.000,0.000,0.000,0.000
-38.500,4.140,523.471,320.000,0.000,0.000,0.000,0.000
-38.250,4.173,524.568,320.000,0.000,0.000,0.000,0.000
-38.000,4.206,525.668,320.000,0.000,0.000,0.000,0.000
-37.750,4.240,526.772,320.000,0.000,0.000,0.000,0.000
-37.500,4.274,527.878,320.000,0.000,0.000,0.000,0.000
-37.250,4.309,528.989,320.000,0.000,0.000,0.000,0.000
-37.000,4.343,530.102,320.000,0.000,0.000,0.000,0.000
-36.750,4.378,531.219,320.000,0.000,0.000,0.000,0.000
-36.500,4.414,532.339,320.000,0.000,0.000,0.000,0.000
-36.250,4.449,533.462,320.000,0.000,0.000,0.000,0.000
-36.000,4.485,534.589,320.000,0.000,0.000,0.000,0.000
-35.750,4.522,535.718,320.000,0.000,0.000,0.000,0.000
-35.500,4.558,536.850,320.000,0.000,0.000,0.000,0.000
-35.250,4.595,537.986,320.000,0.000,0.000,0.000,0.000
-35.000,4.632,539.124,320.000,0.000,0.000,0.000,0.000
-34.750,4.670,540.265,320.000,0.000,0.000,0.000,0.000
-34.500,4.708,541.409,320.000,0.000,0.000,0.000,0.000
-34.250,4.746,542.555,320.000,0.000,0.000,0.000,0.000
-34.000,4.784,543.705,320.000,0.000,0.000,0.000,0.000
-33.750,4.823,544.856,320.000,0.000,0.000,0.000,0.000
-33.500,4.862,546.011,320.000,0.000,0.000,0.000,0.000
-33.250,4.902,547.167,320.000,0.000,0.000,0.000,0.000
-33.000,4.941,548.326,320.000,0.000,0.000,0.000,0.000
-32.750,4.981,549.488,320.000,0.000,0.000,0.000,0.000
-32.500,5.022,550.651,320.000,0.000,0.000,0.000,0.000
-32.250,5.062,551.817,320.000,0.000,0.000,0.000,0.000
-32.000,5.103,552.984,320.000,0.000,0.000,0.000,0.000
-31.750,5.144,554.154,320.000,0.000,0.000,0.000,0.000
-31.500,5.186,555.326,320.000,0.000,0.000,0.000,0.000
-31.250,5.228,556.499,320.000,0.000,0.000,0.000,0.000
-31.000,5.270,557.674,320.000,0.000,0.000,0.000,0.000
-30.750,5.313,558.851,320.000,0.000,0.000,0.000,0.000
-30.500,5.355,560.029,320.000,0.000,0.000,0.000,0.000
-30.250,5.399,561.208,320.000,0.000,0.000,0.000,0.000
-30.000,5.442,562.389,320.000,0.000,0.000,0.000,0.000
-29.750,5.486,563.571,320.000,0.000,0.000,0.000,0.000
-29.500,5.530,564.755,320.000,0.000,0.000,0.000,0.000
-29.250,5.574,565.939,320.000,0.000,0.000,0.000,0.000
-29.000,5.618,567.124,320.000,0.000,0.000,0.000,0.000
-28.750,5.663,568.310,320.000,0.000,0.000,0.000,0.000
-28.500,5.709,569.496,320.000,0.000,0.000,0.000,0.000
-28.250,5.754,570.683,320.000,0.000,0.000,0.000,0.000
-28.000,5.800,571.871,320.000,0.000,0.000,0.000,0.000
-27.750,5.846,573.059,320.000,0.000,0.000,0.000,0.000
-27.500,5.892,574.247,320.000,0.000,0.000,0.000,0.000
-27.250,5.938,575.435,320.000,0.000,0.000,0.000,0.000
-27.000,5.985,576.623,320.000,0.000,0.000,0.000,0.000
-26.750,6.032,577.810,320.000,0.000,0.000,0.000,0.000
-26.500,6.080,578.998,320.000,0.000,0.000,0.000,0.000
-26.250,6.127,580.184,320.000,0.000,0.000,0.000,0.000
-26.000,6.175,581.371,320.000,0.000,0.000,0.000,0.000
-25.750,6.223,582.556,320.000,0.000,0.000,0.000,0.000
-25.500,6.271,583.740,320.000,0.000,0.000,0.000,0.000
-25.250,6.320,584.924,320.000,0.000,0.000,0.000,0.000
-25.000,6.368,586.106,320.000,0.000,0.000,0.000,0.000
-24.750,6.417,587.287,320.000,0.000,0.000,0.000,0.000
-24.500,6.466,588.466,320.000,0.000,0.000,0.000,0.000
-24.250,6.516,589.643,320.000,0.000,0.000,0.000,0.000
-24.000,6.565,590.819,320.000,0.000,0.000,0.000,0.000
-23.750,6.615,591.992,320.000,0.000,0.000,0.000,0.000
-23.500,6.665,593.164,320.000,0.000,0.000,0.000,0.000
-23.250,6.715,594.333,320.000,0.000,0.000,0.000,0.000
-23.000,6.765,595.499,320.000,0.000,0.000,0.000,0.000
-22.750,6.815,596.662,320.000,0.000,0.000,0.000,0.000
-22.500,6.866,597.823,320.000,0.000,0.000,0.000,0.000
-22.250,6.916,598.981,320.000,0.000,0.000,0.000,0.000
-22.000,6.967,600.135,320.000,0.000,0.000,0.000,0.000
-21.750,7.018,601.285,320.000,0.000,0.000,0.000,0.000
-21.500,7.069,602.432,320.000,0.000,0.000,0.000,0.000
-21.250,7.120,603.575,320.000,0.000,0.000,0.000,0.000
-21.000,7.171,604.714,320.000,0.000,0.000,0.000,0.000
-20.750,7.222,605.849,320.000,0.000,0.000,0.000,0.000
-20.500,7.273,606.979,320.000,0.000,0.000,0.000,0.000
-20.250,7.325,608.105,320.000,0.000,0.000,0.000,0.000
-20.000,7.376,609.225,320.000,0.000,0.000,0.000,0.000
-19.750,7.427,610.340,320.000,0.000,0.000,0.000,0.000
-19.500,7.478,611.451,320.000,0.000,0.000,0.000,0.000
-19.250,7.530,612.555,320.000,0.000,0.000,0.000,0.000
-19.000,7.581,613.654,320.000,0.000,0.000,0.000,0.000
-18.750,7.632,614.746,320.000,0.000,0.000,0.000,0.000
-18.500,7.684,615.833,320.000,0.000,0.000,0.000,0.000
-18.250,7.735,616.913,320.000,0.000,0.000,0.000,0.000
-18.000,7.786,617.986,320.000,0.000,0.000,0.000,0.000
-17.750,7.837,375.638,3000.000,0.000,0.001,0.000,0.000
-17.500,7.888,376.274,3000.000,0.000,0.007,0.000,0.000
-17.250,7.940,376.908,2747.287,0.000,0.020,0.000,0.000
-17.000,7.992,377.542,2452.500,0.000,0.039,0.000,0.000
-16.750,8.044,378.179,2206.296,0.000,0.064,0.000,0.000
-16.500,8.096,378.823,2007.301,0.000,0.096,0.000,0.000
-16.250,8.148,379.475,1845.519,0.000,0.134,0.000,0.000
-16.000,8.201,380.138,1712.224,0.000,0.178,0.000,0.000
-15.750,8.254,380.816,1600.844,0.000,0.228,0.000,0.000
-15.500,8.307,381.512,1506.551,0.000,0.285,0.000,0.000
-15.250,8.361,382.228,1425.785,0.000,0.348,0.000,0.000
-15.000,8.415,382.967,1355.884,0.000,0.418,0.000,0.000
-14.750,8.470,383.733,1294.834,0.000,0.494,0.000,0.000
-14.500,8.526,384.527,1241.081,0.000,0.576,0.000,0.000
-14.250,8.582,385.353,1193.414,0.001,0.664,0.000,0.000
-14.000,8.639,386.215,1150.873,0.001,0.759,0.000,0.000
-13.750,8.696,387.114,1112.692,0.001,0.860,0.000,0.000
-13.500,8.755,388.054,1078.249,0.001,0.967,0.000,0.000
-13.250,8.814,389.038,1047.036,0.001,1.080,0.000,0.000
-13.000,8.875,390.068,1018.632,0.001,1.200,0.000,0.000
-12.750,8.936,391.148,992.689,0.001,1.326,0.000,0.000
-12.500,8.999,392.280,968.915,0.002,1.458,0.000,0.000
-12.250,9.062,393.468,947.061,0.002,1.597,0.000,0.000
-12.000,9.127,394.714,926.917,0.002,1.741,0.000,0.000
-11.750,9.194,396.021,908.303,0.002,1.892,0.000,0.000
-11.500,9.261,397.392,891.064,0.003,2.049,0.000,0.000
-11.250,9.330,398.830,875.067,0.003,2.212,0.000,0.000
-11.000,9.401,400.339,860.194,0.003,2.381,0.000,0.000
-10.750,9.473,401.920,846.345,0.004,2.557,0.000,0.000
-10.500,9.547,403.576,833.430,0.004,2.738,0.000,0.000
-10.250,9.622,405.312,821.371,0.005,2.926,0.000,0.000
-10.000,9.700,407.129,810.099,0.005,3.120,0.000,0.000
-9.750,9.779,409.030,799.553,0.005,3.319,0.000,0.000
-9.500,9.859,411.019,789.678,0.006,3.525,0.000,0.000
-9.250,9.942,413.097,780.425,0.007,3.736,0.000,0.000
-9.000,10.027,415.269,771.751,0.007,3.954,0.000,0.000
-8.750,10.114,417.536,763.617,0.008,4.177,0.000,0.000
-8.500,10.203,419.902,755.989,0.008,4.407,0.000,0.000
-8.250,10.294,422.370,748.834,0.009,4.642,0.000,0.000
-8.000,10.387,424.942,742.124,0.010,4.882,0.000,0.000
-7.750,10.483,427.621,735.834,0.010,5.129,0.000,0.000
-7.500,10.581,430.409,729.940,0.011,5.381,0.000,0.000
-7.250,10.681,433.311,724.422,0.012,5.639,0.000,0.000
-7.000,10.784,436.327,719.259,0.013,5.903,0.000,0.000
-6.750,10.889,439.462,714.434,0.014,6.172,0.000,0.000
-6.500,10.997,442.718,709.932,0.015,6.446,0.000,0.000
-6.250,11.108,446.097,705.738,0.016,6.726,0.000,0.000
-6.000,11.221,449.603,701.838,0.017,7.011,0.000,0.000
-5.750,11.336,453.238,698.220,0.018,7.302,0.000,0.000
-5.500,11.455,457.004,694.873,0.019,7.598,0.000,0.000
-5.250,11.576,460.904,691.787,0.020,7.899,0.000,0.000
-5.000,11.700,464.942,688.952,0.021,8.205,0.000,0.000
-4.750,11.827,469.119,686.360,0.022,8.516,0.000,0.000
-4.500,11.956,473.438,684.002,0.024,8.832,0.000,0.000
-4.250,12.089,477.902,681.871,0.025,9.153,0.000,0.000
-4.000,12.224,482.513,679.961,0.026,9.479,0.000,0.000
-3.750,12.363,487.274,678.264,0.028,9.810,0.000,0.000
-3.500,12.504,492.187,676.776,0.029,10.145,0.000,0.000
-3.250,12.648,497.255,675.491,0.031,10.485,0.000,0.000
-3.000,12.795,502.480,674.404,0.032,10.829,0.000,0.000
-2.750,12.945,507.865,673.510,0.034,11.178,0.000,0.000
-2.500,13.098,513.411,672.805,0.036,11.531,0.000,0.000
-2.250,13.255,519.123,672.285,0.037,11.888,0.000,0.000
-2.000,13.414,525.001,671.947,0.039,12.249,0.000,0.000
-1.750,13.576,531.048,671.786,0.041,12.614,0.000,0.000
-1.500,13.741,537.267,671.801,0.043,12.983,0.000,0.000
-1.250,13.909,543.660,671.988,0.045,13.356,0.000,0.000
-1.000,14.080,550.228,672.344,0.047,13.732,0.000,0.000
-0.750,14.254,556.975,672.867,0.049,14.112,0.000,0.000
-0.500,14.431,563.902,673.554,0.051,14.496,0.000,0.000
-0.250,14.611,571.012,674.404,0.053,14.882,0.000,0.000
0.000,14.794,578.306,675.414,0.055,15.272,0.000,0.000
0.250,14.979,585.787,676.582,0.058,15.665,0.000,0.000
0.500,15.168,593.458,677.907,0.060,16.061,0.000,0.000
0.750,15.359,601.319,679.387,0.062,16.460,0.000,0.000
1.000,15.553,609.373,681.021,0.065,16.861,0.000,0.000
1.250,15.749,617.622,682.806,0.067,17.265,0.000,0.000
1.500,15.949,626.068,684.742,0.070,17.671,0.000,0.000
1.750,16.151,634.713,686.827,0.072,18.080,0.000,0.000
2.000,16.355,643.559,689.060,0.075,18.490,0.000,0.000
2.250,16.562,652.607,691.441,0.078,18.903,0.000,0.000
2.500,16.772,661.859,693.967,0.081,19.317,0.000,0.000
2.750,16.983,671.318,696.638,0.084,19.734,0.000,0.000
3.000,17.197,680.985,699.454,0.086,20.151,0.000,0.000
3.250,17.414,690.861,702.413,0.089,20.570,0.000,0.000
3.500,17.632,700.948,705.514,0.092,20.990,0.000,0.000
3.750,17.853,711.249,708.756,0.096,21.412,0.000,0.000
4.000,18.076,721.764,712.139,0.099,21.834,0.000,0.000
4.250,18.300,731.797,721.764,0.102,22.257,0.000,0.000
4.500,18.527,741.965,731.797,0.105,22.680,0.000,0.000
4.750,18.755,752.298,741.965,0.109,23.104,0.000,0.000
5.000,18.985,762.792,752.298,0.112,23.528,0.000,0.000
5.250,19.216,773.446,762.792,0.116,23.952,0.000,0.000
5.500,19.449,784.259,773.446,0.119,24.376,0.000,0.000
5.750,19.684,795.230,784.259,0.123,24.800,0.000,0.000
6.000,19.919,806.358,795.230,0.126,25.223,0.000,0.000
6.250,20.156,817.641,806.358,0.130,25.645,0.000,0.000
6.500,20.394,829.077,817.641,0.134,26.067,0.000,0.000
6.750,20.634,840.666,829.077,0.138,26.488,0.000,0.000
7.000,20.874,852.405,840.666,0.142,26.908,0.000,0.000
7.250,21.114,864.293,852.405,0.145,27.326,0.000,0.000
7.500,21.356,876.328,864.293,0.149,27.742,0.000,0.000
7.750,21.598,888.508,876.328,0.154,28.157,0.000,0.000
8.000,21.841,900.832,888.508,0.158,28.570,0.000,0.000
8.250,22.084,913.296,900.832,0.162,28.981,0.000,0.000
8.500,22.327,925.900,913.296,0.166,29.390,0.000,0.000
8.750,22.570,938.640,925.900,0.170,29.796,0.000,0.000
9.000,22.814,951.515,938.640,0.175,30.199,0.000,0.000
9.250,23.057,964.522,951.515,0.179,30.600,0.000,0.000
9.500,23.300,977.658,964.522,0.184,30.998,0.000,0.000
9.750,23.543,990.922,977.658,0.188,31.392,0.000,0.000
10.000,23.785,1004.310,990.922,0.193,31.783,0.000,0.000
10.250,24.027,1017.819,1004.310,0.198,32.170,0.000,0.000
10.500,24.269,1031.448,1017.819,0.202,32.554,0.000,0.000
10.750,24.509,1045.193,1031.448,0.207,32.934,0.000,0.000
11.000,24.749,1059.052,1045.193,0.212,33.309,0.000,0.000
11.250,24.988,1073.021,1059.052,0.217,33.680,0.000,0.000
11.500,25.225,1087.097,1073.021,0.222,34.047,0.000,0.000
11.750,25.462,1101.277,1087.097,0.227,34.409,0.000,0.000
12.000,25.697,1115.558,1101.277,0.232,34.766,0.000,0.000
12.250,25.931,1129.938,1115.558,0.237,35.118,0.000,0.000
12.500,26.163,1144.411,1129.938,0.242,35.465,0.000,0.000
12.750,26.394,1158.976,1144.411,0.247,35.806,0.000,0.000
13.000,26.623,1173.629,1158.976,0.252,36.142,0.000,0.000
13.250,26.850,1188.366,1173.629,0.258,36.472,0.000,0.000
13.500,27.075,1203.184,1188.366,0.263,36.796,0.000,0.000
13.750,27.298,1218.079,1203.184,0.268,37.114,0.000,0.000
14.000,27.519,1233.048,1218.079,0.274,37.426,0.000,0.000
14.250,27.738,1248.088,1233.048,0.279,37.731,0.000,0.000
14.500,27.954,1263.193,1248.088,0.285,38.030,0.000,0.000
14.750,28.168,1278.361,1263.193,0.290,38.322,0.000,0.000
15.000,28.380,1293.588,1278.361,0.296,38.607,0.000,0.000
15.250,28.589,1308.870,1293.588,0.302,38.885,0.000,0.000
15.500,28.795,1324.204,1308.870,0.307,39.156,0.000,0.000
15.750,28.998,1339.585,1324.204,0.313,39.419,0.000,0.000
16.000,29.199,1355.009,1339.585,0.319,39.675,0.000,0.000
16.250,29.396,1370.473,1355.009,0.325,39.924,0.000,0.000
16.500,29.591,1385.972,1370.473,0.330,40.164,0.000,0.000
16.750,29.783,1401.503,1385.972,0.336,40.397,0.000,0.000
17.000,29.971,1417.062,1401.503,0.342,40.621,0.000,0.001
17.250,30.156,1432.645,1417.062,0.348,40.838,0.000,0.001
17.500,30.338,1448.246,1432.645,0.354,41.046,0.000,0.001
17.750,30.517,1463.864,1448.246,0.360,41.246,0.000,0.001
18.000,30.692,1479.493,1463.864,0.366,41.437,0.000,0.001
18.250,30.863,1495.130,1479.493,0.372,41.619,0.000,0.001
18.500,31.031,1510.770,1495.130,0.378,41.793,0.000,0.001
18.750,31.196,1526.409,1510.770,0.384,41.958,0.000,0.001
19.000,31.356,1542.044,1526.409,0.390,42.114,0.000,0.001
19.250,31.514,1557.670,1542.044,0.396,42.261,0.000,0.002
19.500,31.667,1573.282,1557.670,0.402,42.399,0.000,0.002
19.750,31.816,1588.879,1573.282,0.409,42.528,0.000,0.002
20.000,31.962,1604.454,1588.879,0.415,42.648,0.000,0.002
20.250,32.104,1620.004,1604.454,0.421,42.758,0.000,0.003
20.500,32.241,1635.525,1620.004,0.427,42.859,0.000,0.003
20.750,32.375,1651.013,1635.525,0.433,42.950,0.000,0.003
21.000,32.505,1666.465,1651.013,0.440,43.032,0.000,0.004
21.250,32.631,1681.875,1666.465,0.446,43.105,0.000,0.004
21.500,32.753,1697.241,1681.875,0.452,43.167,0.000,0.005
21.750,32.870,1712.557,1697.241,0.458,43.221,0.000,0.005
22.000,32.984,1727.822,1712.557,0.465,43.264,0.000,0.005
22.250,33.094,1743.029,1727.822,0.471,43.298,0.000,0.006
22.500,33.199,1758.177,1743.029,0.477,43.322,0.000,0.007
22.750,33.300,1773.260,1758.177,0.484,43.336,0.000,0.007
23.000,33.397,1788.275,1773.260,0.490,43.341,0.000,0.008
23.250,33.490,1803.219,1788.275,0.496,43.336,0.000,0.009
23.500,33.579,1818.088,1803.219,0.502,43.321,0.000,0.010
23.750,33.663,1832.877,1818.088,0.509,43.297,0.000,0.010
24.000,33.743,1847.585,1832.877,0.515,43.262,0.000,0.011
24.250,33.820,1862.206,1847.585,0.521,43.219,0.000,0.012
24.500,33.892,1876.738,1862.206,0.527,43.165,0.000,0.013
24.750,33.959,1891.177,1876.738,0.534,43.102,0.000,0.014
25.000,34.023,1905.520,1891.177,0.540,43.029,0.000,0.016
25.250,34.082,1919.763,1905.520,0.546,42.947,0.000,0.017
25.500,34.138,1933.903,1919.763,0.552,42.855,0.000,0.018
25.750,34.189,1947.937,1933.903,0.559,42.754,0.000,0.019
26.000,34.236,1961.862,1947.937,0.565,42.643,0.000,0.021
26.250,34.278,1975.675,1961.862,0.571,42.523,0.000,0.022
26.500,34.317,1989.372,1975.675,0.577,42.394,0.001,0.024
26.750,34.352,2002.951,1989.372,0.583,42.256,0.001,0.026
27.000,34.383,2016.409,2002.951,0.589,42.108,0.001,0.028
27.250,34.409,2029.743,2016.409,0.595,41.952,0.001,0.029
27.500,34.432,2042.950,2029.743,0.601,41.787,0.002,0.031
27.750,34.450,2056.027,2042.950,0.607,41.613,0.002,0.033
28.000,34.465,2068.973,2056.027,0.613,41.430,0.003,0.035
28.250,34.476,2081.783,2068.973,0.619,41.239,0.003,0.038
28.500,34.483,2094.456,2081.783,0.625,41.039,0.004,0.040
28.750,34.486,2106.990,2094.456,0.631,40.831,0.005,0.042
29.000,34.485,2119.382,2106.990,0.637,40.614,0.006,0.045
29.250,34.480,2131.630,2119.382,0.643,40.390,0.008,0.047
29.500,34.472,2143.731,2131.630,0.649,40.158,0.009,0.050
29.750,34.460,2155.684,2143.731,0.655,39.917,0.012,0.053
30.000,34.444,2167.486,2155.684,0.660,39.670,0.014,0.055
30.250,34.425,2179.135,2167.486,0.666,39.414,0.017,0.058
30.500,34.402,2190.631,2179.135,0.672,39.152,0.021,0.061
30.750,34.376,2201.970,2190.631,0.677,38.882,0.025,0.064
31.000,34.346,2213.151,2201.970,0.683,38.605,0.030,0.067
31.250,34.312,2224.173,2213.151,0.689,38.321,0.036,0.071
31.500,34.276,2235.034,2224.173,0.694,38.030,0.043,0.074
31.750,34.236,2245.732,2235.034,0.700,37.733,0.052,0.077
32.000,34.192,2256.266,2245.732,0.705,37.429,0.061,0.081
32.250,34.146,2266.635,2256.266,0.710,37.120,0.072,0.084
32.500,34.096,2276.838,2266.635,0.716,36.804,0.085,0.088
32.750,34.043,2286.872,2276.838,0.721,36.482,0.100,0.091
33.000,33.986,2296.738,2286.872,0.726,36.155,0.116,0.095
33.250,33.927,2306.435,2296.738,0.731,35.822,0.135,0.099
33.500,33.865,2315.960,2306.435,0.737,35.484,0.157,0.103
33.750,33.800,2325.317,2315.960,0.742,35.141,0.182,0.107
34.000,33.732,2334.492,2325.317,0.747,34.793,0.209,0.111
34.250,33.661,2343.521,2334.492,0.752,34.440,0.241,0.115
34.500,33.587,2352.295,2343.521,0.757,34.083,0.276,0.119
34.750,33.511,2361.154,2352.295,0.762,33.721,0.315,0.123
35.000,33.432,2368.995,2361.154,0.766,33.356,0.359,0.127
35.250,33.350,2379.490,2368.995,0.771,32.986,0.407,0.131
35.500,33.266,2380.053,2379.490,0.776,32.613,0.462,0.136
35.750,33.179,2415.028,2380.053,0.781,32.236,0.518,0.140
36.000,33.090,2323.819,2415.028,0.785,31.856,0.602,0.144
36.250,32.999,2360.412,2414.608,0.790,31.473,0.686,0.148
36.500,32.905,2396.947,2414.405,0.794,31.087,0.770,0.152
36.750,32.809,2433.410,2414.407,0.799,30.699,0.854,0.156
37.000,32.710,2392.459,2433.410,0.803,30.308,0.959,0.160
37.250,32.610,2428.808,2433.283,0.807,29.914,1.065,0.165
37.500,32.507,2465.044,2433.349,0.812,29.519,1.171,0.169
37.750,32.402,2360.607,2465.044,0.816,29.122,1.322,0.173
38.000,32.296,2396.706,2464.597,0.820,28.723,1.473,0.177
38.250,32.187,2432.649,2464.339,0.824,28.322,1.624,0.181
38.500,32.077,2468.417,2464.261,0.828,27.920,1.775,0.185
38.750,31.964,2483.675,2468.417,0.832,27.518,1.934,0.190
39.000,31.850,2441.286,2483.675,0.836,27.114,2.122,0.194
39.250,31.734,2476.528,2483.548,0.840,26.710,2.310,0.199
39.500,31.616,2500.000,2483.582,0.844,26.305,2.499,0.203
39.750,31.497,2455.248,2500.000,0.848,25.900,2.725,0.207
40.000,31.377,2489.790,2499.866,0.851,25.495,2.951,0.211
40.250,31.254,2500.000,2499.882,0.855,25.089,3.177,0.216
40.500,31.131,2500.000,2500.000,0.858,24.685,3.405,0.220
40.750,31.005,2500.000,2500.054,0.862,24.280,3.633,0.224
41.000,30.879,2500.000,2500.105,0.865,23.876,3.861,0.228
41.250,30.751,2500.000,2500.154,0.869,23.473,4.090,0.232
41.500,30.622,2500.000,2500.200,0.872,23.072,4.320,0.236
41.750,30.492,2500.000,2500.245,0.875,22.671,4.550,0.240
42.000,30.361,2500.000,2500.288,0.879,22.271,4.780,0.244
42.250,30.228,2500.000,2500.328,0.882,21.873,5.011,0.248
42.500,30.095,2500.000,2500.367,0.885,21.477,5.243,0.252
42.750,29.961,2500.000,2500.404,0.888,21.082,5.474,0.256
43.000,29.825,2500.000,2500.439,0.891,20.690,5.706,0.259
43.250,29.689,2500.000,2500.472,0.894,20.299,5.939,0.263
43.500,29.552,2500.000,2500.504,0.897,19.911,6.172,0.266
43.750,29.414,2500.000,2500.534,0.900,19.525,6.404,0.270
44.000,29.276,2500.000,2500.563,0.902,19.141,6.638,0.273
44.250,29.136,2500.000,2500.590,0.905,18.761,6.871,0.277
44.500,28.996,2500.000,2500.616,0.908,18.383,7.105,0.280
44.750,28.856,2500.000,2500.641,0.910,18.008,7.338,0.283
45.000,28.715,2500.000,2500.664,0.913,17.636,7.572,0.286
45.250,28.573,2500.000,2500.687,0.916,17.267,7.806,0.289
45.500,28.431,2500.000,2500.708,0.918,16.902,8.040,0.293
45.750,28.288,2500.000,2500.728,0.920,16.539,8.275,0.296
46.000,28.145,2500.000,2500.747,0.923,16.181,8.509,0.298
46.250,28.002,2500.000,2500.764,0.925,15.826,8.743,0.301
46.500,27.858,2500.000,2500.781,0.927,15.474,8.977,0.304
46.750,27.714,2500.000,2500.798,0.929,15.127,9.212,0.307
47.000,27.570,2500.000,2500.813,0.932,14.783,9.446,0.310
47.250,27.426,2500.000,2500.827,0.934,14.443,9.680,0.312
47.500,27.281,2500.000,2500.841,0.936,14.108,9.914,0.315
47.750,27.136,2500.000,2500.853,0.938,13.776,10.148,0.318
48.000,26.992,2500.000,2500.865,0.940,13.448,10.382,0.320
48.250,26.847,2500.000,2500.877,0.942,13.125,10.616,0.323
48.500,26.702,2500.000,2500.888,0.943,12.806,10.849,0.325
48.750,26.557,2500.000,2500.898,0.945,12.492,11.083,0.327
49.000,26.412,2500.000,2500.907,0.947,12.182,11.316,0.330
49.250,26.267,2500.000,2500.916,0.949,11.876,11.549,0.332
49.500,26.123,2500.000,2500.925,0.950,11.575,11.782,0.334
49.750,25.978,2500.000,2500.932,0.952,11.278,12.015,0.336
50.000,25.834,2500.000,2500.940,0.954,10.986,12.247,0.339
50.250,25.689,2500.000,2500.947,0.955,10.699,12.479,0.341
50.500,25.545,2500.000,2500.953,0.957,10.416,12.711,0.343
50.750,25.402,2500.000,2500.959,0.958,10.138,12.942,0.345
51.000,25.258,2500.000,2500.965,0.960,9.864,13.174,0.347
51.250,25.115,2500.000,2500.971,0.961,9.595,13.405,0.349
51.500,24.972,2500.000,2500.976,0.962,9.331,13.635,0.350
51.750,24.829,2500.000,2500.980,0.964,9.072,13.866,0.352
52.000,24.687,2500.000,2500.985,0.965,8.817,14.096,0.354
52.250,24.545,2500.000,2500.989,0.966,8.568,14.325,0.356
52.500,24.404,2500.000,2500.992,0.967,8.322,14.555,0.358
52.750,24.263,2500.000,2500.996,0.969,8.082,14.783,0.359
53.000,24.123,2500.000,2500.999,0.970,7.846,15.012,0.361
53.250,23.983,2500.000,2501.002,0.971,7.615,15.240,0.363
53.500,23.843,2500.000,2501.005,0.972,7.389,15.468,0.364
53.750,23.704,2500.000,2501.008,0.973,7.168,15.695,0.366
54.000,23.566,2500.000,2501.010,0.974,6.951,15.922,0.367
54.250,23.428,2500.000,2501.012,0.975,6.738,16.148,0.369
54.500,23.290,2500.000,2501.014,0.976,6.531,16.374,0.370
54.750,23.154,2500.000,2501.016,0.977,6.327,16.600,0.372
55.000,23.017,2500.000,2501.018,0.978,6.129,16.825,0.373
55.250,22.882,2500.000,2501.019,0.978,5.935,17.049,0.374
55.500,22.747,2500.000,2501.021,0.979,5.745,17.274,0.376
55.750,22.613,2500.000,2501.022,0.980,5.560,17.497,0.377
56.000,22.479,2500.000,2501.023,0.981,5.379,17.720,0.378
56.250,22.346,2500.000,2501.025,0.982,5.203,17.943,0.380
56.500,22.214,2500.000,2501.026,0.982,5.031,18.165,0.381
56.750,22.082,2500.000,2501.026,0.983,4.863,18.387,0.382
57.000,21.951,2500.000,2501.027,0.984,4.699,18.608,0.383
57.250,21.821,2500.000,2501.028,0.984,4.540,18.829,0.384
57.500,21.692,2500.000,2501.029,0.985,4.384,19.049,0.386
57.750,21.563,2500.000,2501.029,0.986,4.233,19.269,0.387
58.000,21.435,2500.000,2501.030,0.986,4.086,19.488,0.388
58.250,21.308,2500.000,2501.030,0.987,3.942,19.706,0.389
58.500,21.181,2500.000,2501.031,0.987,3.803,19.925,0.390
58.750,21.056,2500.000,2501.031,0.988,3.667,20.142,0.391
59.000,20.931,2500.000,2501.031,0.988,3.535,20.359,0.392
59.250,20.807,2500.000,2501.032,0.989,3.407,20.576,0.393
59.500,20.683,2500.000,2501.032,0.989,3.282,20.792,0.394
59.750,20.561,2500.000,2501.032,0.990,3.161,21.007,0.395
60.000,20.439,2500.000,2501.032,0.990,3.044,21.222,0.396
60.250,20.318,2500.000,2501.033,0.991,2.930,21.436,0.396
60.500,20.198,2500.000,2501.033,0.991,2.820,21.650,0.397
60.750,20.078,2500.000,2501.033,0.992,2.712,21.863,0.398
61.000,19.960,2435.898,2501.033,0.992,2.608,22.076,0.399
61.250,19.842,2064.992,2501.009,0.992,2.508,22.288,0.399
61.500,19.726,1679.867,2500.856,0.993,2.410,22.499,0.399
61.750,19.610,1281.186,2500.579,0.993,2.316,22.709,0.399
62.000,19.635,2500.000,2492.130,1.000,48.718,22.903,0.399
62.250,19.513,2500.000,2492.130,1.000,0.000,23.095,0.399
62.500,19.393,2500.000,2492.130,1.000,0.000,23.288,0.399
62.750,19.274,2500.000,2492.130,1.000,0.000,23.479,0.399
63.000,19.156,2500.000,2492.130,1.000,0.000,23.670,0.399
63.250,19.038,2500.000,2492.130,1.000,0.000,23.861,0.399
63.500,18.923,2500.000,2492.130,1.000,0.000,24.050,0.399
63.750,18.808,2500.000,2492.130,1.000,0.000,24.240,0.399
64.000,18.694,2500.000,2492.130,1.000,0.000,24.428,0.399
64.250,18.581,2500.000,2492.130,1.000,0.000,24.616,0.399
64.500,18.470,2500.000,2492.130,1.000,0.000,24.804,0.399
64.750,18.359,2500.000,2492.130,1.000,0.000,24.991,0.399
65.000,18.249,2500.000,2492.130,1.000,0.000,25.177,0.399
65.250,18.141,2500.000,2492.130,1.000,0.000,25.363,0.399
65.500,18.033,2500.000,2492.130,1.000,0.000,25.549,0.399
65.750,17.927,2500.000,2492.130,1.000,0.000,25.733,0.399
66.000,17.821,2500.000,2492.130,1.000,0.000,25.918,0.399
66.250,17.717,2500.000,2492.130,1.000,0.000,26.101,0.399
66.500,17.613,2500.000,2492.130,1.000,0.000,26.284,0.399
66.750,17.511,2500.000,2492.130,1.000,0.000,26.467,0.399
67.000,17.409,2500.000,2492.130,1.000,0.000,26.649,0.399
67.250,17.308,2500.000,2492.130,1.000,0.000,26.831,0.399
67.500,17.209,2500.000,2492.130,1.000,0.000,27.012,0.399
67.750,17.110,2500.000,2492.130,1.000,0.000,27.192,0.399
68.000,17.012,2500.000,2492.130,1.000,0.000,27.372,0.399
68.250,16.915,2500.000,2492.130,1.000,0.000,27.552,0.399
68.500,16.819,2500.000,2492.130,1.000,0.000,27.731,0.399
68.750,16.724,2500.000,2492.130,1.000,0.000,27.909,0.399
69.000,16.629,2500.000,2492.130,1.000,0.000,28.087,0.399
69.250,16.536,2500.000,2492.130,1.000,0.000,28.264,0.399
69.500,16.443,2500.000,2492.130,1.000,0.000,28.441,0.399
69.750,16.351,2500.000,2492.130,1.000,0.000,28.618,0.399
70.000,16.260,2500.000,2492.130,1.000,0.000,28.794,0.399
70.250,16.170,2500.000,2492.130,1.000,0.000,28.969,0.399
70.500,16.081,2500.000,2492.130,1.000,0.000,29.144,0.399
70.750,15.993,2500.000,2492.130,1.000,0.000,29.319,0.399
71.000,15.905,2500.000,2492.130,1.000,0.000,29.493,0.399
71.250,15.818,2500.000,2492.130,1.000,0.000,29.666,0.399
71.500,15.732,2500.000,2492.130,1.000,0.000,29.840,0.399
71.750,15.647,2500.000,2492.130,1.000,0.000,30.012,0.399
72.000,15.562,2500.000,2492.130,1.000,0.000,30.184,0.399
72.250,15.479,2500.000,2492.130,1.000,0.000,30.356,0.399
72.500,15.396,2500.000,2492.130,1.000,0.000,30.527,0.399
72.750,15.313,2500.000,2492.130,1.000,0.000,30.698,0.399
73.000,15.232,2500.000,2492.130,1.000,0.000,30.868,0.399
73.250,15.151,2500.000,2492.130,1.000,0.000,31.038,0.399
73.500,15.071,2500.000,2492.130,1.000,0.000,31.208,0.399
73.750,14.992,2500.000,2492.130,1.000,0.000,31.377,0.399
74.000,14.913,2500.000,2492.130,1.000,0.000,31.545,0.399
74.250,14.836,2500.000,2492.130,1.000,0.000,31.713,0.399
74.500,14.758,2500.000,2492.130,1.000,0.000,31.881,0.399
74.750,14.682,2500.000,2492.130,1.000,0.000,32.048,0.399
75.000,14.606,2500.000,2492.130,1.000,0.000,32.215,0.399
75.250,14.531,2500.000,2492.130,1.000,0.000,32.381,0.399
75.500,14.456,2500.000,2492.130,1.000,0.000,32.547,0.399
75.750,14.383,2500.000,2492.130,1.000,0.000,32.713,0.399
76.000,14.310,2500.000,2492.130,1.000,0.000,32.878,0.399
76.250,14.237,2500.000,2492.130,1.000,0.000,33.042,0.399
76.500,14.165,2500.000,2492.130,1.000,0.000,33.207,0.399
76.750,14.094,2500.000,2492.130,1.000,0.000,33.370,0.399
77.000,14.023,2500.000,2492.130,1.000,0.000,33.534,0.399
77.250,13.953,2500.000,2492.130,1.000,0.000,33.697,0.399
77.500,13.884,2500.000,2492.130,1.000,0.000,33.860,0.399
77.750,13.815,2500.000,2492.130,1.000,0.000,34.022,0.399
78.000,13.747,2500.000,2492.130,1.000,0.000,34.184,0.399
78.250,13.680,2500.000,2492.130,1.000,0.000,34.345,0.399
78.500,13.613,2500.000,2492.130,1.000,0.000,34.506,0.399
78.750,13.546,2500.000,2492.130,1.000,0.000,34.667,0.399
79.000,13.481,2500.000,2492.130,1.000,0.000,34.827,0.399
79.250,13.415,2500.000,2492.130,1.000,0.000,34.987,0.399
79.500,13.351,2500.000,2492.130,1.000,0.000,35.146,0.399
79.750,13.287,2500.000,2492.130,1.000,0.000,35.305,0.399
80.000,13.223,2500.000,2492.130,1.000,0.000,35.464,0.399
80.250,13.160,2500.000,2492.130,1.000,0.000,35.622,0.399
80.500,13.098,2500.000,2492.130,1.000,0.000,35.780,0.399
80.750,13.036,2500.000,2492.130,1.000,0.000,35.938,0.399
81.000,12.975,2500.000,2492.130,1.000,0.000,36.095,0.399
81.250,12.914,2500.000,2492.130,1.000,0.000,36.252,0.399
81.500,12.854,2500.000,2492.130,1.000,0.000,36.408,0.399
81.750,12.794,2500.000,2492.130,1.000,0.000,36.564,0.399
82.000,12.735,2500.000,2492.130,1.000,0.000,36.720,0.399
82.250,12.676,2500.000,2492.130,1.000,0.000,36.875,0.399
82.500,12.618,2500.000,2492.130,1.000,0.000,37.030,0.399
82.750,12.560,2500.000,2492.130,1.000,0.000,37.185,0.399
83.000,12.503,2500.000,2492.130,1.000,0.000,37.339,0.399
83.250,12.446,2500.000,2492.130,1.000,0.000,37.493,0.399
83.500,12.390,2500.000,2492.130,1.000,0.000,37.647,0.399
83.750,12.334,2500.000,2492.130,1.000,0.000,37.800,0.399
84.000,12.279,2500.000,2492.130,1.000,0.000,37.953,0.399
84.250,12.224,2500.000,2492.130,1.000,0.000,38.106,0.399
84.500,12.169,2500.000,2492.130,1.000,0.000,38.258,0.399
84.750,12.115,2500.000,2492.130,1.000,0.000,38.410,0.399
85.000,12.062,2500.000,2492.130,1.000,0.000,38.561,0.399
85.250,12.009,2500.000,2492.130,1.000,0.000,38.713,0.399
85.500,11.956,2500.000,2492.130,1.000,0.000,38.863,0.399
85.750,11.904,2500.000,2492.130,1.000,0.000,39.014,0.399
86.000,11.853,2500.000,2492.130,1.000,0.000,39.164,0.399
86.250,11.801,2500.000,2492.130,1.000,0.000,39.314,0.399
86.500,11.751,2500.000,2492.130,1.000,0.000,39.464,0.399
86.750,11.700,2500.000,2492.130,1.000,0.000,39.613,0.399
87.000,11.650,2500.000,2492.130,1.000,0.000,39.762,0.399
87.250,11.601,2500.000,2492.130,1.000,0.000,39.911,0.399
87.500,11.551,2500.000,2492.130,1.000,0.000,40.059,0.399
87.750,11.503,2500.000,2492.130,1.000,0.000,40.207,0.399
88.000,11.454,2500.000,2492.130,1.000,0.000,40.355,0.399
88.250,11.406,2500.000,2492.130,1.000,0.000,40.502,0.399
88.500,11.359,2500.000,2492.130,1.000,0.000,40.649,0.399
88.750,11.312,2500.000,2492.130,1.000,0.000,40.796,0.399
89.000,11.265,2500.000,2492.130,1.000,0.000,40.942,0.399
89.250,11.219,2500.000,2492.130,1.000,0.000,41.089,0.399
89.500,11.173,2500.000,2492.130,1.000,0.000,41.234,0.399
89.750,11.127,2500.000,2492.130,1.000,0.000,41.380,0.399
90.000,11.082,2500.000,2492.130,1.000,0.000,41.525,0.399
90.250,11.037,2500.000,2492.130,1.000,0.000,41.670,0.399
90.500,10.993,2500.000,2492.130,1.000,0.000,41.815,0.399
90.750,10.949,2500.000,2492.130,1.000,0.000,41.959,0.399
91.000,10.905,2500.000,2492.130,1.000,0.000,42.103,0.399
91.250,10.861,2500.000,2492.130,1.000,0.000,42.247,0.399
91.500,10.818,2500.000,2492.130,1.000,0.000,42.391,0.399
91.750,10.776,2500.000,2492.130,1.000,0.000,42.534,0.399
92.000,10.733,2500.000,2492.130,1.000,0.000,42.677,0.399
92.250,10.691,2500.000,2492.130,1.000,0.000,42.820,0.399
92.500,10.650,2500.000,2492.130,1.000,0.000,42.962,0.399
92.750,10.608,2500.000,2492.130,1.000,0.000,43.104,0.399
93.000,10.567,2500.000,2492.130,1.000,0.000,43.246,0.399
93.250,10.527,2500.000,2492.130,1.000,0.000,43.388,0.399
93.500,10.486,2500.000,2492.130,1.000,0.000,43.529,0.399
93.750,10.446,2500.000,2492.130,1.000,0.000,43.670,0.399
94.000,10.407,2500.000,2492.130,1.000,0.000,43.811,0.399
94.250,10.367,2500.000,2492.130,1.000,0.000,43.951,0.399
94.500,10.328,2500.000,2492.130,1.000,0.000,44.092,0.399
94.750,10.290,2500.000,2492.130,1.000,0.000,44.232,0.399
95.000,10.251,2500.000,2492.130,1.000,0.000,44.371,0.399
95.250,10.213,2500.000,2492.130,1.000,0.000,44.511,0.399
95.500,10.175,2500.000,2492.130,1.000,0.000,44.650,0.399
95.750,10.138,2500.000,2492.130,1.000,0.000,44.789,0.399
96.000,10.101,2500.000,2492.130,1.000,0.000,44.928,0.399
96.250,10.064,2500.000,2492.130,1.000,0.000,45.066,0.399
96.500,10.027,2500.000,2492.130,1.000,0.000,45.204,0.399
96.750,9.991,2500.000,2492.130,1.000,0.000,45.342,0.399
97.000,9.955,2500.000,2492.130,1.000,0.000,45.480,0.399
97.250,9.919,2500.000,2492.130,1.000,0.000,45.617,0.399
97.500,9.884,2500.000,2492.130,1.000,0.000,45.755,0.399
97.750,9.849,2500.000,2492.130,1.000,0.000,45.891,0.399
98.000,9.814,2500.000,2492.130,1.000,0.000,46.028,0.399
98.250,9.779,2500.000,2492.130,1.000,0.000,46.165,0.399
98.500,9.745,2500.000,2492.130,1.000,0.000,46.301,0.399
98.750,9.711,2500.000,2492.130,1.000,0.000,46.437,0.399
99.000,9.677,2500.000,2492.130,1.000,0.000,46.573,0.399
99.250,9.643,2500.000,2492.130,1.000,0.000,46.708,0.399
99.500,9.610,2500.000,2492.130,1.000,0.000,46.843,0.399
99.750,9.577,2500.000,2492.130,1.000,0.000,46.978,0.399
100.000,9.544,2500.000,2492.130,1.000,0.000,47.113,0.399
100.250,9.512,2500.000,2492.130,1.000,0.000,47.248,0.399
100.500,9.480,2500.000,2492.130,1.000,0.000,47.382,0.399
100.750,9.448,2500.000,2492.130,1.000,0.000,47.516,0.399
101.000,9.416,2500.000,2492.130,1.000,0.000,47.650,0.399
101.250,9.384,2500.000,2492.130,1.000,0.000,47.784,0.399
101.500,9.353,2500.000,2492.130,1.000,0.000,47.917,0.399
101.750,9.322,2500.000,2492.130,1.000,0.000,48.051,0.399
102.000,9.291,2500.000,2492.130,1.000,0.000,48.184,0.399
102.250,9.261,2500.000,2492.130,1.000,0.000,48.317,0.399
102.500,9.231,2500.000,2492.130,1.000,0.000,48.449,0.399
102.750,9.201,2500.000,2492.130,1.000,0.000,48.581,0.399
103.000,9.171,2500.000,2492.130,1.000,0.000,48.714,0.399
103.250,9.141,2500.000,2492.130,1.000,0.000,48.846,0.399
103.500,9.112,2500.000,2492.130,1.000,0.000,48.977,0.399
103.750,9.083,2500.000,2492.130,1.000,0.000,49.109,0.399
104.000,9.054,2500.000,2492.130,1.000,0.000,49.240,0.399
104.250,9.025,2500.000,2492.130,1.000,0.000,49.371,0.399
104.500,8.997,2500.000,2492.130,1.000,0.000,49.502,0.399
104.750,8.969,2500.000,2492.130,1.000,0.000,49.633,0.399
105.000,8.941,2500.000,2492.130,1.000,0.000,49.763,0.399
105.250,8.913,2500.000,2492.130,1.000,0.000,49.894,0.399
105.500,8.885,2500.000,2492.130,1.000,0.000,50.024,0.399
105.750,8.858,2500.000,2492.130,1.000,0.000,50.154,0.399
106.000,8.831,2500.000,2492.130,1.000,0.000,50.283,0.399
106.250,8.804,2500.000,2492.130,1.000,0.000,50.413,0.399
106.500,8.777,2500.000,2492.130,1.000,0.000,50.542,0.399
106.750,8.750,2500.000,2492.130,1.000,0.000,50.671,0.399
107.000,8.724,2500.000,2492.130,1.000,0.000,50.800,0.399
107.250,8.698,2500.000,2492.130,1.000,0.000,50.929,0.399
107.500,8.672,2500.000,2492.130,1.000,0.000,51.057,0.399
107.750,8.646,2500.000,2492.130,1.000,0.000,51.186,0.399
108.000,8.621,2500.000,2492.130,1.000,0.000,51.314,0.399
108.250,8.595,2500.000,2492.130,1.000,0.000,51.442,0.399
108.500,8.570,2500.000,2492.130,1.000,0.000,51.569,0.399
108.750,8.545,2500.000,2492.130,1.000,0.000,51.697,0.399
109.000,8.520,2500.000,2492.130,1.000,0.000,51.824,0.399
109.250,8.496,2500.000,2492.130,1.000,0.000,51.952,0.399
109.500,8.471,2500.000,2492.130,1.000,0.000,52.079,0.399
109.750,8.447,2500.000,2492.130,1.000,0.000,52.205,0.399
110.000,8.423,2500.000,2492.130,1.000,0.000,52.332,0.399
110.250,8.399,2500.000,2492.130,1.000,0.000,52.459,0.399
110.500,8.376,2500.000,2492.130,1.000,0.000,52.585,0.399
110.750,8.352,2500.000,2492.130,1.000,0.000,52.711,0.399
111.000,8.329,2500.000,2492.130,1.000,0.000,52.837,0.399
111.250,8.306,2500.000,2492.130,1.000,0.000,52.963,0.399
111.500,8.283,2500.000,2492.130,1.000,0.000,53.088,0.399
111.750,8.260,2500.000,2492.130,1.000,0.000,53.214,0.399
112.000,8.237,2500.000,2492.130,1.000,0.000,53.339,0.399
112.250,8.215,2500.000,2492.130,1.000,0.000,53.464,0.399
112.500,8.193,2500.000,2492.130,1.000,0.000,53.589,0.399
112.750,8.170,2500.000,2492.130,1.000,0.000,53.714,0.399
113.000,8.149,2500.000,2492.130,1.000,0.000,53.838,0.399
113.250,8.127,2500.000,2492.130,1.000,0.000,53.963,0.399
113.500,8.105,2500.000,2492.130,1.000,0.000,54.087,0.399
113.750,8.084,2500.000,2492.130,1.000,0.000,54.211,0.399
114.000,8.062,2500.000,2492.130,1.000,0.000,54.335,0.399
114.250,8.041,2500.000,2492.130,1.000,0.000,54.459,0.399
114.500,8.020,2500.000,2492.130,1.000,0.000,54.582,0.399
114.750,7.999,2500.000,2492.130,1.000,0.000,54.706,0.399
115.000,7.979,2500.000,2492.130,1.000,0.000,54.829,0.399
115.250,7.958,2500.000,2492.130,1.000,0.000,54.952,0.399
115.500,7.938,2500.000,2492.130,1.000,0.000,55.075,0.399
115.750,7.918,2500.000,2492.130,1.000,0.000,55.198,0.399
116.000,7.898,2500.000,2492.130,1.000,0.000,55.320,0.399
116.250,7.878,2500.000,2492.130,1.000,0.000,55.443,0.399
116.500,7.858,2500.000,2492.130,1.000,0.000,55.565,0.399
116.750,7.838,2500.000,2492.130,1.000,0.000,55.687,0.399
117.000,7.819,2500.000,2492.130,1.000,0.000,55.809,0.399
117.250,7.800,2500.000,2492.130,1.000,0.000,55.931,0.399
117.500,7.780,2500.000,2492.130,1.000,0.000,56.053,0.399
117.750,7.761,2500.000,2492.130,1.000,0.000,56.175,0.399
118.000,7.742,2500.000,2492.130,1.000,0.000,56.296,0.399
118.250,7.724,2500.000,2492.130,1.000,0.000,56.417,0.399
118.500,7.705,2500.000,2492.130,1.000,0.000,56.538,0.399
118.750,7.687,2500.000,2492.130,1.000,0.000,56.659,0.399
119.000,7.668,2500.000,2492.130,1.000,0.000,56.780,0.399
119.250,7.650,2500.000,2492.130,1.000,0.000,56.901,0.399
119.500,7.632,2500.000,2492.130,1.000,0.000,57.022,0.399
119.750,7.614,2500.000,2492.130,1.000,0.000,57.142,0.399
120.000,7.596,2500.000,2492.130,1.000,0.000,57.262,0.399
120.250,7.579,2500.000,2492.130,1.000,0.000,57.382,0.399
120.500,7.561,2500.000,2492.130,1.000,0.000,57.502,0.399
120.750,7.544,2500.000,2492.130,1.000,0.000,57.622,0.399
121.000,7.526,2500.000,2492.130,1.000,0.000,57.742,0.399
121.250,7.509,2500.000,2492.130,1.000,0.000,57.862,0.399
121.500,7.492,2500.000,2492.130,1.000,0.000,57.981,0.399
121.750,7.475,2500.000,2492.130,1.000,0.000,58.100,0.399
122.000,7.459,2500.000,2492.130,1.000,0.000,58.219,0.399
122.250,7.442,2500.000,2492.130,1.000,0.000,58.339,0.399
122.500,7.426,2500.000,2492.130,1.000,0.000,58.457,0.399
122.750,7.409,2500.000,2492.130,1.000,0.000,58.576,0.399
123.000,7.393,2500.000,2492.130,1.000,0.000,58.695,0.399
123.250,7.377,2500.000,2492.130,1.000,0.000,58.813,0.399
123.500,7.361,2500.000,2492.130,1.000,0.000,58.932,0.399
123.750,7.345,2500.000,2492.130,1.000,0.000,59.050,0.399
124.000,7.329,2500.000,2492.130,1.000,0.000,59.168,0.399
124.250,7.313,2500.000,2492.130,1.000,0.000,59.286,0.399
124.500,7.298,2500.000,2492.130,1.000,0.000,59.404,0.399
124.750,7.282,2500.000,2492.130,1.000,0.000,59.522,0.399
125.000,7.267,2500.000,2492.130,1.000,0.000,59.640,0.399
125.250,7.252,2500.000,2492.130,1.000,0.000,59.757,0.399
125.500,7.237,2500.000,2492.130,1.000,0.000,59.874,0.399
125.750,7.222,2500.000,2492.130,1.000,0.000,59.992,0.399
126.000,7.207,2500.000,2492.130,1.000,0.000,60.109,0.399
126.250,7.192,2500.000,2492.130,1.000,0.000,60.226,0.399
126.500,7.177,2500.000,2492.130,1.000,0.000,60.343,0.399
126.750,7.163,2500.000,2492.130,1.000,0.000,60.460,0.399
127.000,7.148,2500.000,2492.130,1.000,0.000,60.576,0.399
127.250,7.134,2500.000,2492.130,1.000,0.000,60.693,0.399
127.500,7.120,2500.000,2492.130,1.000,0.000,60.809,0.399
127.750,7.106,2500.000,2492.130,1.000,0.000,60.926,0.399
128.000,7.092,2500.000,2492.130,1.000,0.000,61.042,0.399
128.250,7.078,2500.000,2492.130,1.000,0.000,61.158,0.399
128.500,7.064,2500.000,2492.130,1.000,0.000,61.274,0.399
128.750,7.050,2500.000,2492.130,1.000,0.000,61.390,0.399
129.000,7.037,2500.000,2492.130,1.000,0.000,61.506,0.399
129.250,7.023,2500.000,2492.130,1.000,0.000,61.621,0.399
129.500,7.010,2500.000,2492.130,1.000,0.000,61.737,0.399
129.750,6.996,2500.000,2492.130,1.000,0.000,61.852,0.399
130.000,6.983,2500.000,2492.130,1.000,0.000,61.967,0.399
130.250,6.970,2500.000,2492.130,1.000,0.000,62.083,0.399
130.500,6.957,2500.000,2492.130,1.000,0.000,62.198,0.399
130.750,6.944,2500.000,2492.130,1.000,0.000,62.313,0.399
131.000,6.931,2500.000,2492.130,1.000,0.000,62.428,0.399
131.250,6.919,2500.000,2492.130,1.000,0.000,62.542,0.399
131.500,6.906,2500.000,2492.130,1.000,0.000,62.657,0.399
131.750,6.894,2500.000,2492.130,1.000,0.000,62.772,0.399
132.000,6.881,2500.000,2492.130,1.000,0.000,62.886,0.399
132.250,6.869,2500.000,2492.130,1.000,0.000,63.001,0.399
132.500,6.857,2500.000,2492.130,1.000,0.000,63.115,0.399
132.750,6.844,2500.000,2492.130,1.000,0.000,63.229,0.399
133.000,6.832,2500.000,2492.130,1.000,0.000,63.343,0.399
133.250,6.820,2500.000,2492.130,1.000,0.000,63.457,0.399
133.500,6.809,2500.000,2492.130,1.000,0.000,63.571,0.399
133.750,6.797,2500.000,2492.130,1.000,0.000,63.685,0.399
134.000,6.785,2500.000,2492.130,1.000,0.000,63.798,0.399
134.250,6.773,2500.000,2492.130,1.000,0.000,63.912,0.399
134.500,6.762,2500.000,2492.130,1.000,0.000,64.025,0.399
134.750,6.750,2500.000,2492.130,1.000,0.000,64.139,0.399
135.000,6.739,2500.000,2492.130,1.000,0.000,64.252,0.399
135.250,6.728,2500.000,2492.130,1.000,0.000,64.365,0.399
135.500,6.717,2500.000,2492.130,1.000,0.000,64.478,0.399
135.750,6.706,2500.000,2492.130,1.000,0.000,64.591,0.399
136.000,6.695,2500.000,2492.130,1.000,0.000,64.704,0.399
136.250,6.684,2500.000,2492.130,1.000,0.000,64.817,0.399
136.500,6.673,2500.000,2492.130,1.000,0.000,64.930,0.399
136.750,6.662,2500.000,2492.130,1.000,0.000,65.043,0.399
137.000,6.651,2500.000,2492.130,1.000,0.000,65.155,0.399
137.250,6.641,2500.000,2492.130,1.000,0.000,65.268,0.399
137.500,6.630,2500.000,2492.130,1.000,0.000,65.380,0.399
137.750,6.620,2500.000,2492.130,1.000,0.000,65.492,0.399
138.000,6.610,2500.000,2492.130,1.000,0.000,65.604,0.399
138.250,6.599,2500.000,2492.130,1.000,0.000,65.716,0.399
138.500,6.589,2500.000,2492.130,1.000,0.000,65.828,0.399
138.750,6.579,2500.000,2492.130,1.000,0.000,65.940,0.399
139.000,6.569,2500.000,2492.130,1.000,0.000,66.052,0.399
139.250,6.559,2500.000,2492.130,1.000,0.000,66.164,0.399
139.500,6.549,2500.000,2492.130,1.000,0.000,66.276,0.399
139.750,6.539,2500.000,2492.130,1.000,0.000,66.387,0.399
140.000,6.530,2500.000,2492.130,1.000,0.000,66.499,0.399
140.250,6.520,2500.000,2492.130,1.000,0.000,66.610,0.399
140.500,6.511,2500.000,2492.130,1.000,0.000,66.722,0.399
140.750,6.501,2500.000,2492.130,1.000,0.000,66.833,0.399
141.000,6.492,2500.000,2492.130,1.000,0.000,66.944,0.399
141.250,6.482,2500.000,2492.130,1.000,0.000,67.055,0.399
141.500,6.473,2500.000,2492.130,1.000,0.000,67.166,0.399
141.750,6.464,2500.000,2492.130,1.000,0.000,67.277,0.399
142.000,6.455,2500.000,2492.130,1.000,0.000,67.388,0.399
142.250,6.446,2500.000,2492.130,1.000,0.000,67.499,0.399
142.500,6.437,2500.000,2492.130,1.000,0.000,67.610,0.399
142.750,6.428,2500.000,2492.130,1.000,0.000,67.720,0.399
143.000,6.419,2500.000,2492.130,1.000,0.000,67.831,0.399
143.250,6.410,2500.000,2492.130,1.000,0.000,67.941,0.399
143.500,6.402,2500.000,2492.130,1.000,0.000,68.052,0.399
143.750,6.393,2500.000,2492.130,1.000,0.000,68.162,0.399
144.000,6.384,2500.000,2492.130,1.000,0.000,68.272,0.399
144.250,6.376,2500.000,2492.130,1.000,0.000,68.382,0.399
144.500,6.368,2500.000,2492.130,1.000,0.000,68.493,0.399
144.750,6.359,2500.000,2492.130,1.000,0.000,68.603,0.399
145.000,6.351,2500.000,2492.130,1.000,0.000,68.713,0.399
145.250,6.343,2500.000,2492.130,1.000,0.000,68.823,0.399
145.500,6.335,2500.000,2492.130,1.000,0.000,68.932,0.399
145.750,6.327,2500.000,2492.130,1.000,0.000,69.042,0.399
146.000,6.319,2500.000,2492.130,1.000,0.000,69.152,0.399
146.250,6.311,2500.000,2492.130,1.000,0.000,69.261,0.399
146.500,6.303,2500.000,2492.130,1.000,0.000,69.371,0.399
146.750,6.295,2500.000,2492.130,1.000,0.000,69.480,0.399
147.000,6.287,2500.000,2492.130,1.000,0.000,69.590,0.399
147.250,6.280,2500.000,2492.130,1.000,0.000,69.699,0.399
147.500,6.272,2500.000,2492.130,1.000,0.000,69.809,0.399
147.750,6.265,2500.000,2492.130,1.000,0.000,69.918,0.399
148.000,6.257,2500.000,2492.130,1.000,0.000,70.027,0.399
148.250,6.250,2500.000,2492.130,1.000,0.000,70.136,0.399
148.500,6.242,2500.000,2492.130,1.000,0.000,70.245,0.399
148.750,6.235,2500.000,2492.130,1.000,0.000,70.354,0.399
149.000,6.228,2500.000,2492.130,1.000,0.000,70.463,0.399
149.250,6.221,2500.000,2492.130,1.000,0.000,70.572,0.399
149.500,6.214,2500.000,2492.130,1.000,0.000,70.681,0.399
149.750,6.207,2500.000,2492.130,1.000,0.000,70.789,0.399
150.000,6.200,2500.000,2492.130,1.000,0.000,70.898,0.399
150.250,6.193,2500.000,2492.130,1.000,0.000,71.007,0.399
150.500,6.186,2500.000,2492.130,1.000,0.000,71.115,0.399
150.750,6.179,2500.000,2492.130,1.000,0.000,71.224,0.399
151.000,6.172,2500.000,2492.130,1.000,0.000,71.332,0.399
151.250,6.166,2500.000,2492.130,1.000,0.000,71.440,0.399
151.500,6.159,2500.000,2492.130,1.000,0.000,71.549,0.399
151.750,6.152,2500.000,2492.130,1.000,0.000,71.657,0.399
152.000,6.146,2500.000,2492.130,1.000,0.000,71.765,0.399
152.250,6.140,2500.000,2492.130,1.000,0.000,71.873,0.399
152.500,6.133,2500.000,2492.130,1.000,0.000,71.981,0.399
152.750,6.127,2500.000,2492.130,1.000,0.000,72.089,0.399
153.000,6.121,2500.000,2492.130,1.000,0.000,72.197,0.399
153.250,6.114,2500.000,2492.130,1.000,0.000,72.305,0.399
153.500,6.108,2500.000,2492.130,1.000,0.000,72.413,0.399
153.750,6.102,2500.000,2492.130,1.000,0.000,72.521,0.399
154.000,6.096,2500.000,2492.130,1.000,0.000,72.629,0.399
154.250,6.090,2500.000,2492.130,1.000,0.000,72.736,0.399
154.500,6.084,2500.000,2492.130,1.000,0.000,72.844,0.399
154.750,6.078,2500.000,2492.130,1.000,0.000,72.952,0.399
155.000,6.073,2500.000,2492.130,1.000,0.000,73.059,0.399
155.250,6.067,2500.000,2492.130,1.000,0.000,73.167,0.399
155.500,6.061,2500.000,2492.130,1.000,0.000,73.274,0.399
155.750,6.056,2500.000,2492.130,1.000,0.000,73.381,0.399
156.000,6.050,2500.000,2492.130,1.000,0.000,73.489,0.399
156.250,6.045,2500.000,2492.130,1.000,0.000,73.596,0.399
156.500,6.039,2500.000,2492.130,1.000,0.000,73.703,0.399
156.750,6.034,2500.000,2492.130,1.000,0.000,73.810,0.399
157.000,6.028,2500.000,2492.130,1.000,0.000,73.918,0.399
157.250,6.023,2500.000,2492.130,1.000,0.000,74.025,0.399
157.500,6.018,2500.000,2492.130,1.000,0.000,74.132,0.399
157.750,6.013,2500.000,2492.130,1.000,0.000,74.239,0.399
158.000,6.007,2500.000,2492.130,1.000,0.000,74.346,0.399
158.250,6.002,2500.000,2492.130,1.000,0.000,74.453,0.399
158.500,5.997,2500.000,2492.130,1.000,0.000,74.559,0.399
158.750,5.992,2500.000,2492.130,1.000,0.000,74.666,0.399
159.000,5.987,2500.000,2492.130,1.000,0.000,74.773,0.399
159.250,5.983,2500.000,2492.130,1.000,0.000,74.880,0.399
159.500,5.978,2500.000,2492.130,1.000,0.000,74.987,0.399
159.750,5.973,2500.000,2492.130,1.000,0.000,75.093,0.399
160.000,5.968,2500.000,2492.130,1.000,0.000,75.200,0.399
160.250,5.964,2500.000,2492.130,1.000,0.000,75.306,0.399
160.500,5.959,2500.000,2492.130,1.000,0.000,75.413,0.399
160.750,5.954,2500.000,2492.130,1.000,0.000,75.519,0.399
161.000,5.950,2500.000,2492.130,1.000,0.000,75.626,0.399
161.250,5.945,2500.000,2492.130,1.000,0.000,75.732,0.399
161.500,5.941,2500.000,2492.130,1.000,0.000,75.839,0.399
161.750,5.937,2500.000,2492.130,1.000,0.000,75.945,0.399
162.000,5.932,2500.000,2492.130,1.000,0.000,76.051,0.399
162.250,5.928,2500.000,2492.130,1.000,0.000,76.157,0.399
162.500,5.924,2500.000,2492.130,1.000,0.000,76.264,0.399
162.750,5.920,2500.000,2492.130,1.000,0.000,76.370,0.399
163.000,5.916,2500.000,2492.130,1.000,0.000,76.476,0.399
163.250,5.911,2500.000,2492.130,1.000,0.000,76.582,0.399
163.500,5.907,2500.000,2492.130,1.000,0.000,76.688,0.399
163.750,5.903,2500.000,2492.130,1.000,0.000,76.794,0.399
164.000,5.900,2500.000,2492.130,1.000,0.000,76.900,0.399
164.250,5.896,2500.000,2492.130,1.000,0.000,77.006,0.399
164.500,5.892,2500.000,2492.130,1.000,0.000,77.112,0.399
164.750,5.888,2500.000,2492.130,1.000,0.000,77.218,0.399
165.000,5.884,2500.000,2492.130,1.000,0.000,77.324,0.399
165.250,5.881,2500.000,2492.130,1.000,0.000,77.430,0.399
165.500,5.877,2500.000,2492.130,1.000,0.000,77.535,0.399
165.750,5.874,2500.000,2492.130,1.000,0.000,77.641,0.399
166.000,5.870,2500.000,2492.130,1.000,0.000,77.747,0.399
166.250,5.867,2500.000,2492.130,1.000,0.000,77.853,0.399
166.500,5.863,2500.000,2492.130,1.000,0.000,77.958,0.399
166.750,5.860,2500.000,2492.130,1.000,0.000,78.064,0.399
167.000,5.856,2500.000,2492.130,1.000,0.000,78.170,0.399
167.250,5.853,2500.000,2492.130,1.000,0.000,78.275,0.399
167.500,5.850,2500.000,2492.130,1.000,0.000,78.381,0.399
167.750,5.847,2500.000,2492.130,1.000,0.000,78.486,0.399
168.000,5.843,2500.000,2492.130,1.000,0.000,78.592,0.399
168.250,5.840,2500.000,2492.130,1.000,0.000,78.697,0.399
168.500,5.837,2500.000,2492.130,1.000,0.000,78.803,0.399
168.750,5.834,2500.000,2492.130,1.000,0.000,78.908,0.399
169.000,5.831,2500.000,2492.130,1.000,0.000,79.013,0.399
169.250,5.828,2500.000,2492.130,1.000,0.000,79.119,0.399
169.500,5.826,2500.000,2492.130,1.000,0.000,79.224,0.399
169.750,5.823,2500.000,2492.130,1.000,0.000,79.329,0.399
170.000,5.820,2500.000,2492.130,1.000,0.000,79.435,0.399
170.250,5.817,2500.000,2492.130,1.000,0.000,79.540,0.399
170.500,5.815,2500.000,2492.130,1.000,0.000,79.645,0.399
170.750,5.812,2500.000,2492.130,1.000,0.000,79.750,0.399
171.000,5.809,2500.000,2492.130,1.000,0.000,79.856,0.399
171.250,5.807,2500.000,2492.130,1.000,0.000,79.961,0.399
171.500,5.804,2500.000,2492.130,1.000,0.000,80.066,0.399
171.750,5.802,2500.000,2492.130,1.000,0.000,80.171,0.399
172.000,5.799,2500.000,2492.130,1.000,0.000,80.276,0.399
172.250,5.797,2500.000,2492.130,1.000,0.000,80.381,0.399
172.500,5.795,2500.000,2492.130,1.000,0.000,80.486,0.399
172.750,5.792,2500.000,2492.130,1.000,0.000,80.591,0.399
173.000,5.790,2500.000,2492.130,1.000,0.000,80.696,0.399
173.250,5.788,2500.000,2492.130,1.000,0.000,80.801,0.399
173.500,5.786,2500.000,2492.130,1.000,0.000,80.906,0.399
173.750,5.784,2500.000,2492.130,1.000,0.000,81.011,0.399
174.000,5.782,2500.000,2492.130,1.000,0.000,81.116,0.399
174.250,5.780,2500.000,2492.130,1.000,0.000,81.221,0.399
174.500,5.778,2500.000,2492.130,1.000,0.000,81.326,0.399
174.750,5.776,2500.000,2492.130,1.000,0.000,81.431,0.399
175.000,5.774,2500.000,2492.130,1.000,0.000,81.536,0.399
175.250,5.772,2500.000,2492.130,1.000,0.000,81.640,0.399
175.500,5.770,2500.000,2492.130,1.000,0.000,81.745,0.399
175.750,5.769,2500.000,2492.130,1.000,0.000,81.850,0.399
176.000,5.767,2500.000,2492.130,1.000,0.000,81.955,0.399
176.250,5.765,2500.000,2492.130,1.000,0.000,82.060,0.399
176.500,5.764,2500.000,2492.130,1.000,0.000,82.164,0.399
176.750,5.762,2500.000,2492.130,1.000,0.000,82.269,0.399
177.000,5.761,2500.000,2492.130,1.000,0.000,82.374,0.399
177.250,5.759,2500.000,2492.130,1.000,0.000,82.479,0.399
177.500,5.758,2500.000,2492.130,1.000,0.000,82.583,0.399
177.750,5.756,2500.000,2492.130,1.000,0.000,82.688,0.399
178.000,5.755,2500.000,2492.130,1.000,0.000,82.793,0.399
178.250,5.754,2500.000,2492.130,1.000,0.000,82.897,0.399
178.500,5.752,2500.000,2492.130,1.000,0.000,83.002,0.399
178.750,5.751,2500.000,2492.130,1.000,0.000,83.107,0.399
179.000,5.750,2500.000,2492.130,1.000,0.000,83.211,0.399
179.250,5.749,2500.000,2492.130,1.000,0.000,83.316,0.399
179.500,5.748,2500.000,2492.130,1.000,0.000,83.421,0.399
179.750,5.747,2500.000,2492.130,1.000,0.000,83.525,0.399
180.000,5.746,2500.000,2492.130,1.000,0.000,83.630,0.399
